indicativo_alta,nombre_alta,provincia_alta,altitud_alta_m,lat_alta,lon_alta,indicativo_baja,nombre_baja,provincia_baja,altitud_baja_m,lat_baja,lon_baja,distancia_km,delta_altitud_m,delta_tmin_c,gradiente_c_por_100m,veranos_comunes,anio_ini,anio_fin,tmin_alta_comun_c,tmin_baja_comun_c,tmin_alta_serie_c,tmin_baja_serie_c,dist_costa_baja_km,dist_costa_alta_km,grupo_altitud,grupo_costa,delta_esperado_c,anomalia_c,inversion_pura,fuente
0009X,ALFORJA,TARRAGONA,406.0,41.21388888888889,0.9633333333333333,0016B,REUS (CENTRE LECTURA),TARRAGONA,118.0,41.15416666666667,1.108888888888889,13.87,288.0,-4.941,-1.716,8,2017,2025,16.41,21.35,16.6,21.31,9.4,17.2,<400,litoral,-1.009,-3.932,no,AEMET
0200E,"BARCELONA, FABRA",BARCELONA,408.0,41.41833333333333,2.1241666666666665,0076,BARCELONA AEROPUERTO,BARCELONA,4.0,41.29277777777778,2.0700000000000003,14.67,404.0,-1.732,-0.429,10,2017,2026,19.61,21.34,19.61,21.34,0.3,6.3,<400,litoral,-1.416,-0.316,no,AEMET
0120X,MOIÀ,BARCELONA,742.0,41.81333333333333,2.095277777777778,0341,TONA (ESCOLA),BARCELONA,607.0,41.846944444444446,2.2225,11.18,135.0,1.243,0.921,8,2017,2025,15.84,14.6,16.23,14.6,39.3,40.8,400-800,interior,-0.473,1.716,si,AEMET
0120X,MOIÀ,BARCELONA,742.0,41.81333333333333,2.095277777777778,0341X,TONA,BARCELONA,607.0,41.846944444444446,2.2225,11.18,135.0,0.861,0.638,8,2017,2024,15.81,14.95,16.23,14.95,39.3,40.8,400-800,interior,-0.473,1.334,si,AEMET
0158O,MONTSERRAT,BARCELONA,738.0,41.59444444444445,1.8391666666666668,0149D,MANRESA (LA CULLA),BARCELONA,291.0,41.72,1.840277777777778,13.96,447.0,0.435,0.097,9,2017,2025,17.41,16.97,17.41,16.97,45.3,37.1,<400,interior,-1.566,2.001,si,AEMET
0158X,MONISTROL DE MONTSERRAT,BARCELONA,738.0,41.59444444444445,1.8391666666666668,0149D,MANRESA (LA CULLA),BARCELONA,291.0,41.72,1.840277777777778,13.96,447.0,0.407,0.091,9,2017,2025,17.38,16.97,17.68,16.97,45.3,37.1,<400,interior,-1.566,1.973,si,AEMET
0158O,MONTSERRAT,BARCELONA,738.0,41.59444444444445,1.8391666666666668,0149X,MANRESA,BARCELONA,291.0,41.72,1.840277777777778,13.96,447.0,0.552,0.124,9,2017,2025,17.41,16.86,17.41,17.03,45.3,37.1,<400,interior,-1.566,2.118,si,AEMET
0158X,MONISTROL DE MONTSERRAT,BARCELONA,738.0,41.59444444444445,1.8391666666666668,0149X,MANRESA,BARCELONA,291.0,41.72,1.840277777777778,13.96,447.0,0.652,0.146,10,2017,2026,17.68,17.03,17.68,17.03,45.3,37.1,<400,interior,-1.566,2.218,si,AEMET
0200E,"BARCELONA, FABRA",BARCELONA,408.0,41.41833333333333,2.1241666666666665,0201D,"BARCELONA, PORT OLÍMPIC",BARCELONA,26.0,41.39055555555556,2.2,7.04,382.0,-2.131,-0.558,8,2017,2025,19.23,21.36,19.61,21.36,0.1,6.3,<400,litoral,-1.339,-0.792,no,AEMET
0200E,"BARCELONA, FABRA",BARCELONA,408.0,41.41833333333333,2.1241666666666665,0201X,"BARCELONA, DRASSANES",BARCELONA,11.0,41.375,2.1738888888888885,6.36,397.0,-2.492,-0.628,7,2017,2026,19.81,22.3,19.61,22.3,0.6,6.3,<400,litoral,-1.391,-1.101,no,AEMET
0312X,SANT PAU DE SEGÚRIES,GIRONA,851.0,42.25833333333333,2.3644444444444446,0394X,LA VALL DE BIANYA,GIRONA,350.0,42.21055555555556,2.4719444444444445,10.32,501.0,-2.9,-0.579,10,2017,2026,12.0,14.9,12.0,14.9,13.4,12.6,<400,litoral,-1.756,-1.144,no,AEMET
0320I,PLANOLES,GIRONA,1151.0,42.316944444444445,2.102777777777778,0321,CAMPDEVANOL,GIRONA,731.0,42.22277777777778,2.167222222222222,11.74,420.0,-1.509,-0.359,7,2017,2025,11.75,13.26,12.14,13.26,16.3,4.6,400-800,litoral,-1.472,-0.037,no,AEMET
9585,LA MOLINA,GIRONA,1699.0,42.3325,1.9394444444444445,0320I,PLANOLES,GIRONA,1151.0,42.316944444444445,2.102777777777778,13.54,548.0,-2.041,-0.373,10,2017,2026,10.1,12.14,10.1,12.14,4.6,4.9,>800,litoral,-1.92,-0.121,no,AEMET
1021Y,ARTICUTZA (AUTOMATICA),NAVARRA,305.0,43.21222222222222,-1.7977777777777777,1010X,BERA,NAVARRA,54.0,43.27861111111111,-1.6758333333333333,12.33,251.0,-1.944,-0.774,8,2018,2025,13.38,15.33,13.38,15.45,3.1,11.2,<400,litoral,-0.88,-1.064,no,AEMET
1012P,IRUN,GIPUZKOA,120.0,43.32638888888889,-1.7966666666666666,1014,"HONDARRIBIA, MALKARROA",GIPUZKOA,4.0,43.356944444444444,-1.7922222222222222,3.42,116.0,-0.605,-0.522,10,2017,2026,16.82,17.43,16.82,17.43,0.4,2.0,<400,litoral,-0.406,-0.199,no,AEMET
1012P,IRUN,GIPUZKOA,120.0,43.32638888888889,-1.7966666666666666,1014A,DONOSTIA / SAN SEBASTIÁN AEROPUERTO,GIPUZKOA,4.0,43.356944444444444,-1.7922222222222222,3.42,116.0,-0.886,-0.764,10,2017,2026,16.82,17.71,16.82,17.71,0.4,2.0,<400,litoral,-0.406,-0.48,no,AEMET
1021Y,ARTICUTZA (AUTOMATICA),NAVARRA,305.0,43.21222222222222,-1.7977777777777777,1012P,IRUN,GIPUZKOA,120.0,43.32638888888889,-1.7966666666666666,12.7,185.0,-3.294,-1.781,8,2018,2025,13.38,16.68,13.38,16.82,2.0,11.2,<400,litoral,-0.648,-2.646,no,AEMET
1021Y,ARTICUTZA (AUTOMATICA),NAVARRA,305.0,43.21222222222222,-1.7977777777777777,1021X,"ERRENTERIA, AÑARBE",GIPUZKOA,165.0,43.21388888888889,-1.8788888888888888,6.58,140.0,-1.453,-1.038,8,2018,2025,13.38,14.83,13.38,15.0,13.3,11.2,<400,litoral,-0.491,-0.962,no,AEMET
1037X,LEGAZPI,GIPUZKOA,460.0,43.05166666666666,-2.3372222222222225,1025A,SEGURA,GIPUZKOA,255.0,43.01555555555556,-2.256666666666667,7.68,205.0,-0.847,-0.413,10,2017,2026,13.64,14.49,13.64,14.49,31.0,27.6,<400,interior,-0.718,-0.129,no,AEMET
1037Y,ZUMARRAGA,GIPUZKOA,431.0,43.080000000000005,-2.3175,1025A,SEGURA,GIPUZKOA,255.0,43.01555555555556,-2.256666666666667,8.71,176.0,-0.759,-0.431,10,2017,2026,13.73,14.49,13.73,14.49,31.0,24.5,<400,interior,-0.617,-0.142,no,AEMET
1037X,LEGAZPI,GIPUZKOA,460.0,43.05166666666666,-2.3372222222222225,1025X,"BEASAIN, ARRIARAN",GIPUZKOA,255.0,43.05472222222222,-2.2319444444444447,8.56,205.0,-0.987,-0.481,10,2017,2026,13.64,14.63,13.64,14.63,26.4,27.6,<400,litoral,-0.718,-0.269,no,AEMET
1037Y,ZUMARRAGA,GIPUZKOA,431.0,43.080000000000005,-2.3175,1025X,"BEASAIN, ARRIARAN",GIPUZKOA,255.0,43.05472222222222,-2.2319444444444447,7.5,176.0,-0.899,-0.511,10,2017,2026,13.73,14.63,13.73,14.63,26.4,24.5,<400,litoral,-0.617,-0.282,no,AEMET
1037X,LEGAZPI,GIPUZKOA,460.0,43.05166666666666,-2.3372222222222225,1026X,ORDIZIA,GIPUZKOA,290.0,43.058055555555555,-2.1841666666666666,12.46,170.0,-1.269,-0.747,10,2017,2026,13.64,14.91,13.64,14.91,25.8,27.6,<400,litoral,-0.596,-0.673,no,AEMET
1037Y,ZUMARRAGA,GIPUZKOA,431.0,43.080000000000005,-2.3175,1026X,ORDIZIA,GIPUZKOA,290.0,43.058055555555555,-2.1841666666666666,11.1,141.0,-1.181,-0.838,10,2017,2026,13.73,14.91,13.73,14.91,25.8,24.5,<400,litoral,-0.494,-0.687,no,AEMET
1026X,ORDIZIA,GIPUZKOA,290.0,43.058055555555555,-2.1841666666666666,1038X,AZPEITIA,GIPUZKOA,180.0,43.1725,-2.2672222222222222,14.4,110.0,-0.322,-0.293,10,2017,2026,14.91,15.23,14.91,15.23,14.2,25.8,<400,litoral,-0.385,0.063,no,AEMET
1037X,LEGAZPI,GIPUZKOA,460.0,43.05166666666666,-2.3372222222222225,1038X,AZPEITIA,GIPUZKOA,180.0,43.1725,-2.2672222222222222,14.59,280.0,-1.591,-0.568,10,2017,2026,13.64,15.23,13.64,15.23,14.2,27.6,<400,litoral,-0.981,-0.61,no,AEMET
1037X,LEGAZPI,GIPUZKOA,460.0,43.05166666666666,-2.3372222222222225,1048X,ARETXABALETA,GIPUZKOA,308.0,43.025,-2.4658333333333333,10.86,152.0,-0.331,-0.218,10,2017,2026,13.64,13.97,13.64,13.97,31.6,27.6,<400,interior,-0.533,0.202,no,AEMET
1037Y,ZUMARRAGA,GIPUZKOA,431.0,43.080000000000005,-2.3175,1038X,AZPEITIA,GIPUZKOA,180.0,43.1725,-2.2672222222222222,11.07,251.0,-1.503,-0.599,10,2017,2026,13.73,15.23,13.73,15.23,14.2,24.5,<400,litoral,-0.88,-0.623,no,AEMET
1037Y,ZUMARRAGA,GIPUZKOA,431.0,43.080000000000005,-2.3175,1048X,ARETXABALETA,GIPUZKOA,308.0,43.025,-2.4658333333333333,13.52,123.0,-0.243,-0.197,10,2017,2026,13.73,13.97,13.73,13.97,31.6,24.5,<400,interior,-0.431,0.188,no,AEMET
1038X,AZPEITIA,GIPUZKOA,180.0,43.1725,-2.2672222222222222,1041A,ZUMAIA,GIPUZKOA,28.0,43.30222222222222,-2.2511111111111113,14.48,152.0,-1.778,-1.17,8,2017,2026,15.31,17.09,15.23,17.09,0.3,14.2,<400,litoral,-0.533,-1.245,no,AEMET
1052A,MUTRIKU,GIPUZKOA,150.0,43.31722222222223,-2.397222222222222,1041A,ZUMAIA,GIPUZKOA,28.0,43.30222222222222,-2.2511111111111113,11.94,122.0,0.019,0.016,8,2017,2026,17.11,17.09,17.04,17.09,0.3,0.8,<400,litoral,-0.427,0.446,si,AEMET
1044X,"ARAMAIO, ETXAGUEN",ARABA/ALAVA,617.0,43.05777777777777,-2.5897222222222225,1048X,ARETXABALETA,GIPUZKOA,308.0,43.025,-2.4658333333333333,10.71,309.0,-0.564,-0.183,10,2017,2026,13.41,13.97,13.41,13.97,31.6,31.6,<400,interior,-1.083,0.519,no,AEMET
1044X,"ARAMAIO, ETXAGUEN",ARABA/ALAVA,617.0,43.05777777777777,-2.5897222222222225,1049N,ELGETA,GIPUZKOA,470.0,43.138333333333335,-2.4958333333333336,11.76,147.0,-0.57,-0.388,10,2017,2026,13.41,13.98,13.41,13.98,20.6,31.6,400-800,litoral,-0.515,-0.055,no,AEMET
1069Y,"ABADIÑO, URKIOLA",BIZKAIA,747.0,43.09916666666667,-2.6441666666666666,1044X,"ARAMAIO, ETXAGUEN",ARABA/ALAVA,617.0,43.05777777777777,-2.5897222222222225,6.38,130.0,-0.618,-0.476,10,2017,2026,12.79,13.41,12.79,13.41,31.6,29.6,400-800,interior,-0.456,-0.162,no,AEMET
1049N,ELGETA,GIPUZKOA,470.0,43.138333333333335,-2.4958333333333336,1048X,ARETXABALETA,GIPUZKOA,308.0,43.025,-2.4658333333333333,12.84,162.0,0.006,0.004,10,2017,2026,13.98,13.97,13.98,13.97,31.6,20.6,<400,interior,-0.568,0.574,si,AEMET
1049N,ELGETA,GIPUZKOA,470.0,43.138333333333335,-2.4958333333333336,1050J,ELGOIBAR,GIPUZKOA,119.0,43.20916666666667,-2.413333333333333,10.33,351.0,-0.794,-0.226,8,2017,2026,14.04,14.84,13.98,14.84,10.7,20.6,<400,litoral,-1.23,0.436,no,AEMET
1069Y,"ABADIÑO, URKIOLA",BIZKAIA,747.0,43.09916666666667,-2.6441666666666666,1049N,ELGETA,GIPUZKOA,470.0,43.138333333333335,-2.4958333333333336,12.8,277.0,-1.189,-0.429,10,2017,2026,12.79,13.98,12.79,13.98,20.6,29.6,400-800,litoral,-0.971,-0.218,no,AEMET
1052A,MUTRIKU,GIPUZKOA,150.0,43.31722222222223,-2.397222222222222,1055B,LEKEITIO,BIZKAIA,12.0,43.37694444444445,-2.5102777777777776,11.3,138.0,0.198,0.143,3,2017,2019,16.62,16.42,17.04,16.42,0.8,0.8,<400,litoral,-0.484,0.682,si,AEMET
1069Y,"ABADIÑO, URKIOLA",BIZKAIA,747.0,43.09916666666667,-2.6441666666666666,1074C,AMOREBIETA-ETXANO,BIZKAIA,100.0,43.20277777777778,-2.7061111111111114,12.57,647.0,-2.179,-0.337,10,2017,2026,12.79,14.97,12.79,14.97,21.5,29.6,<400,litoral,-2.267,0.088,no,AEMET
1083B,SOPUERTA,BIZKAIA,177.0,43.27972222222222,-3.168611111111111,1083L,CASTRO URDIALES,CANTABRIA,45.0,43.39472222222222,-3.233888888888889,13.83,132.0,-2.528,-1.915,8,2017,2026,14.49,17.02,14.43,17.02,0.6,7.8,<400,litoral,-0.463,-2.065,no,AEMET
1103X,SAN ROQUE DE RIOMIERA,CANTABRIA,849.0,43.2275,-3.721111111111111,1124E,VILLACARRIEDO,CANTABRIA,196.0,43.245555555555555,-3.8494444444444444,10.59,653.0,-1.837,-0.281,4,2023,2026,12.84,14.68,12.84,14.14,23.7,25.9,<400,litoral,-2.288,0.451,no,AEMET
1167G,"MIRADOR DEL CABLE, PARQUE NACIONAL PICOS DE EUROPA",CANTABRIA,1910.0,43.155,-4.803055555555555,1167B,"CAMALEÑO, FUENTE DE",CANTABRIA,1100.0,43.14388888888889,-4.812777777777778,1.47,810.0,-1.831,-0.226,4,2021,2026,8.99,10.82,8.99,10.73,29.7,28.3,>800,litoral,-2.838,1.007,no,AEMET
1167J,"CORISCAO, PARQUE NACIONAL PICOS DE EUROPA",CANTABRIA,1722.0,43.08916666666667,-4.773888888888889,1167B,"CAMALEÑO, FUENTE DE",CANTABRIA,1100.0,43.14388888888889,-4.812777777777778,6.85,622.0,-1.003,-0.161,3,2024,2026,10.11,11.11,10.11,10.73,29.7,34.9,>800,litoral,-2.179,1.176,no,AEMET
1178R,"SOTRES, PARQUE NACIONAL PICOS DE EUROPA",ASTURIAS,1236.0,43.237500000000004,-4.736666666666666,1167B,"CAMALEÑO, FUENTE DE",CANTABRIA,1100.0,43.14388888888889,-4.812777777777778,12.1,136.0,-0.254,-0.187,4,2021,2026,10.57,10.82,10.57,10.73,29.7,18.2,>800,litoral,-0.477,0.223,no,AEMET
1167B,"CAMALEÑO, FUENTE DE",CANTABRIA,1100.0,43.14388888888889,-4.812777777777778,1178Y,"POSADA DE VALDEÓN, SOTO ",LEON,953.0,43.14527777777778,-4.931666666666667,9.65,147.0,0.493,0.336,10,2017,2026,10.73,10.23,10.73,10.23,32.6,29.7,>800,interior,-0.515,1.008,si,AEMET
1167G,"MIRADOR DEL CABLE, PARQUE NACIONAL PICOS DE EUROPA",CANTABRIA,1910.0,43.155,-4.803055555555555,1167J,"CORISCAO, PARQUE NACIONAL PICOS DE EUROPA",CANTABRIA,1722.0,43.08916666666667,-4.773888888888889,7.69,188.0,-0.74,-0.394,3,2024,2026,9.37,10.11,8.99,10.11,34.9,28.3,>800,interior,-0.659,-0.081,no,AEMET
1167G,"MIRADOR DEL CABLE, PARQUE NACIONAL PICOS DE EUROPA",CANTABRIA,1910.0,43.155,-4.803055555555555,1178R,"SOTRES, PARQUE NACIONAL PICOS DE EUROPA",ASTURIAS,1236.0,43.237500000000004,-4.736666666666666,10.64,674.0,-1.578,-0.234,4,2021,2026,8.99,10.57,8.99,10.57,18.2,28.3,>800,litoral,-2.362,0.784,no,AEMET
1167G,"MIRADOR DEL CABLE, PARQUE NACIONAL PICOS DE EUROPA",CANTABRIA,1910.0,43.155,-4.803055555555555,1178Y,"POSADA DE VALDEÓN, SOTO ",LEON,953.0,43.14527777777778,-4.931666666666667,10.49,957.0,-1.343,-0.14,4,2021,2026,8.99,10.33,8.99,10.23,32.6,28.3,>800,interior,-3.353,2.01,no,AEMET
1167J,"CORISCAO, PARQUE NACIONAL PICOS DE EUROPA",CANTABRIA,1722.0,43.08916666666667,-4.773888888888889,1178Y,"POSADA DE VALDEÓN, SOTO ",LEON,953.0,43.14527777777778,-4.931666666666667,14.25,769.0,-0.519,-0.067,3,2024,2026,10.11,10.63,10.11,10.23,32.6,34.9,>800,interior,-2.695,2.176,no,AEMET
1176A,TRESVISO,CANTABRIA,940.0,43.255833333333335,-4.668333333333334,1174I,"CILLORIGO DE LIÉBANA, TAMA",CANTABRIA,250.0,43.18277777777777,-4.601666666666667,9.76,690.0,-1.4,-0.203,10,2017,2026,12.54,13.94,12.54,13.94,23.0,15.4,<400,litoral,-2.418,1.018,no,AEMET
1178R,"SOTRES, PARQUE NACIONAL PICOS DE EUROPA",ASTURIAS,1236.0,43.237500000000004,-4.736666666666666,1174I,"CILLORIGO DE LIÉBANA, TAMA",CANTABRIA,250.0,43.18277777777777,-4.601666666666667,12.52,986.0,-3.585,-0.364,4,2021,2026,10.57,14.15,10.57,13.94,23.0,18.2,<400,litoral,-3.455,-0.13,no,AEMET
1178R,"SOTRES, PARQUE NACIONAL PICOS DE EUROPA",ASTURIAS,1236.0,43.237500000000004,-4.736666666666666,1176A,TRESVISO,CANTABRIA,940.0,43.255833333333335,-4.668333333333334,5.9,296.0,-2.054,-0.694,4,2021,2026,10.57,12.62,10.57,12.54,15.4,18.2,>800,litoral,-1.037,-1.017,no,AEMET
1178R,"SOTRES, PARQUE NACIONAL PICOS DE EUROPA",ASTURIAS,1236.0,43.237500000000004,-4.736666666666666,1179B,CABRALES,ASTURIAS,458.0,43.31111111111111,-4.852777777777778,12.46,778.0,-3.202,-0.412,3,2021,2026,10.85,14.05,10.57,13.85,13.1,18.2,400-800,litoral,-2.726,-0.476,no,AEMET
1179B,CABRALES,ASTURIAS,458.0,43.31111111111111,-4.852777777777778,1183X,LLANES,ASTURIAS,10.0,43.42027777777778,-4.748055555555555,14.8,448.0,-2.975,-0.664,7,2017,2025,13.74,16.71,13.85,16.64,1.0,13.1,<400,litoral,-1.57,-1.405,no,AEMET
1221D,PAJARES-VALGRANDE,ASTURIAS,1480.0,42.978611111111114,-5.776388888888889,2701D,"BARRIOS DE LUNA, MIÑERA",LEON,1120.0,42.885555555555555,-5.870833333333334,12.89,360.0,-0.384,-0.107,10,2017,2026,9.13,9.51,9.13,9.51,75.5,64.0,>800,interior,-1.261,0.877,no,AEMET
2630X,PUERTO DE SAN ISIDRO,LEON,1510.0,43.06222222222222,-5.376944444444444,1226X,"ALLER, FELECHOSA",ASTURIAS,750.0,43.09527777777778,-5.476944444444444,8.91,760.0,-3.935,-0.518,5,2019,2025,7.41,11.34,7.41,11.46,46.6,47.1,400-800,interior,-2.663,-1.272,no,AEMET
1249I,OVIEDO,ASTURIAS,336.0,43.35333333333333,-5.874166666666667,1234P,"MIERES, BAIÑA",ASTURIAS,170.0,43.275,-5.819166666666667,9.78,166.0,-0.62,-0.374,6,2017,2022,14.49,15.11,14.49,15.31,32.6,25.1,<400,interior,-0.582,-0.038,no,AEMET
1249X,OVIEDO,ASTURIAS,334.0,43.35333333333333,-5.87388888888889,1234P,"MIERES, BAIÑA",ASTURIAS,170.0,43.275,-5.819166666666667,9.77,164.0,-0.404,-0.246,10,2017,2026,14.91,15.31,14.91,15.31,32.6,25.1,<400,interior,-0.575,0.171,no,AEMET
1302F,DEGAÑA,ASTURIAS,1310.0,42.95527777777778,-6.4725,1541B,VILLABLINO,LEON,958.0,42.928888888888885,-6.333888888888889,11.66,352.0,0.991,0.282,10,2017,2026,9.7,8.71,9.7,8.71,69.0,65.0,>800,interior,-1.233,2.224,si,AEMET
1542,PUERTO DE LEITARIEGOS,ASTURIAS,1530.0,42.994166666666665,-6.4141666666666675,1302F,DEGAÑA,ASTURIAS,1310.0,42.95527777777778,-6.4725,6.42,220.0,-0.908,-0.413,9,2017,2026,8.86,9.77,8.86,9.7,65.0,60.9,>800,interior,-0.771,-0.137,no,AEMET
1341B,"TARAMUNDI, OURIA",ASTURIAS,340.0,43.41555555555556,-7.061111111111111,1331A,CASTROPOL,ASTURIAS,40.0,43.52472222222222,-7.0313888888888885,12.37,300.0,-1.396,-0.465,9,2017,2025,13.67,15.07,13.67,15.27,2.8,14.9,<400,litoral,-1.051,-0.345,no,AEMET
1341B,"TARAMUNDI, OURIA",ASTURIAS,340.0,43.41555555555556,-7.061111111111111,1342X,RIBADEO,LUGO,43.0,43.54055555555556,-7.083055555555555,14.01,297.0,-1.542,-0.519,9,2017,2025,13.67,15.22,13.67,15.39,1.1,14.9,<400,litoral,-1.041,-0.501,no,AEMET
1428,SANTIAGO DE COMPOSTELA AEROPUERTO,A CORUÑA,370.0,42.88805555555555,-8.410555555555556,1475X,SANTIAGO DE COMPOSTELA,A CORUÑA,240.0,42.876111111111115,-8.555833333333334,11.91,130.0,-1.401,-1.077,9,2017,2026,13.21,14.61,13.25,14.61,33.0,42.1,<400,interior,-0.456,-0.945,no,AEMET
1468X,A ESTRADA,PONTEVEDRA,269.0,42.69361111111111,-8.501944444444444,1473A,PADRÓN,A CORUÑA,100.0,42.73833333333334,-8.627222222222223,11.38,169.0,-0.364,-0.215,10,2017,2026,13.82,14.19,13.82,14.19,17.9,24.6,<400,litoral,-0.592,0.228,no,AEMET
1476R,"ROIS, CASAS DO PORTO",A CORUÑA,210.0,42.749722222222225,-8.714722222222221,1473A,PADRÓN,A CORUÑA,100.0,42.73833333333334,-8.627222222222223,7.26,110.0,0.192,0.175,10,2017,2026,14.38,14.19,14.38,14.19,17.9,14.1,<400,litoral,-0.385,0.577,si,AEMET
1489A,A LAMA,PONTEVEDRA,395.0,42.40694444444444,-8.45111111111111,1484C,PONTEVEDRA,PONTEVEDRA,113.0,42.43833333333333,-8.615833333333333,13.96,282.0,-2.204,-0.782,10,2017,2026,12.79,15.0,12.79,15.0,12.8,24.7,<400,litoral,-0.988,-1.216,no,AEMET
1495,VIGO AEROPUERTO,PONTEVEDRA,255.0,42.23861111111111,-8.623888888888889,1496X,VIGO,PONTEVEDRA,120.0,42.230555555555554,-8.724166666666667,8.3,135.0,-1.169,-0.866,9,2017,2026,14.67,15.84,14.71,15.84,5.4,13.7,<400,litoral,-0.473,-0.696,no,AEMET
1495,VIGO AEROPUERTO,PONTEVEDRA,255.0,42.23861111111111,-8.623888888888889,1723X,"PONTEAREAS, CANEDO",PONTEVEDRA,90.0,42.18222222222222,-8.492777777777777,12.49,165.0,1.08,0.655,10,2017,2026,14.71,13.63,14.71,13.63,10.4,13.7,<400,litoral,-0.578,1.658,si,AEMET
1542,PUERTO DE LEITARIEGOS,ASTURIAS,1530.0,42.994166666666665,-6.4141666666666675,1541B,VILLABLINO,LEON,958.0,42.928888888888885,-6.333888888888889,9.77,572.0,0.087,0.015,9,2017,2026,8.86,8.78,8.86,8.71,69.0,60.9,>800,interior,-2.004,2.091,si,AEMET
1639X,CHANDREXA DE QUEIXA,OURENSE,990.0,42.26027777777778,-7.383611111111112,1631E,A POBRA DE TRIVES,OURENSE,840.0,42.339444444444446,-7.2825,12.11,150.0,-1.054,-0.703,10,2017,2026,10.57,11.62,10.57,11.62,78.3,68.0,>800,interior,-0.526,-0.528,no,AEMET
1700X,O CARBALLIÑO,OURENSE,400.0,42.421388888888885,-8.092500000000001,1701X,RIBADAVIA,OURENSE,112.0,42.3,-8.129166666666666,13.83,288.0,-2.021,-0.702,10,2017,2026,12.43,14.45,12.43,14.45,18.7,32.5,<400,litoral,-1.009,-1.012,no,AEMET
1735X,XINZO DE LIMIA,OURENSE,616.0,42.07916666666667,-7.733611111111111,1706A,ALLARIZ,OURENSE,492.0,42.18277777777777,-7.796111111111111,12.62,124.0,-2.85,-2.298,9,2018,2026,9.7,12.55,9.7,12.47,33.0,37.7,400-800,interior,-0.434,-2.416,no,AEMET
2150H,"LA PINILLA, ESTACIÓN DE ESQUÍ",SEGOVIA,1798.0,41.19194444444444,-3.475277777777778,3111D,SOMOSIERRA,MADRID,1454.0,41.13583333333333,-3.5802777777777774,10.78,344.0,-0.222,-0.064,6,2017,2025,11.64,11.87,11.48,11.8,248.5,241.3,>800,interior,-1.205,0.983,no,AEMET
2400E,AUTILLA DEL PINO,PALENCIA,874.0,41.995555555555555,-4.602777777777778,2401X,PALENCIA,PALENCIA,736.0,42.00944444444445,-4.560555555555555,3.82,138.0,-0.696,-0.504,10,2017,2026,11.76,12.45,11.76,12.45,153.5,155.1,400-800,interior,-0.484,-0.212,no,AEMET
2539,VALLADOLID AEROPUERTO,VALLADOLID,846.0,41.71194444444445,-4.855555555555555,2422,VALLADOLID,VALLADOLID,734.0,41.64055555555556,-4.754166666666666,11.57,112.0,-2.514,-2.245,10,2017,2026,12.0,14.52,12.0,14.52,194.8,187.6,400-800,interior,-0.392,-2.122,no,AEMET
2462,PUERTO DE NAVACERRADA,MADRID,1892.0,40.79333333333333,-4.010833333333333,3104Y,RASCAFRÍA,MADRID,1159.0,40.88972222222222,-3.888333333333333,14.87,733.0,2.773,0.378,10,2017,2026,11.56,8.78,11.56,8.78,279.1,289.1,>800,interior,-2.568,5.341,si,AEMET
2462,PUERTO DE NAVACERRADA,MADRID,1892.0,40.79333333333333,-4.010833333333333,3266A,PUERTO ALTO DEL LEÓN,MADRID,1530.0,40.70638888888889,-4.14138888888889,14.64,362.0,-0.839,-0.232,10,2017,2026,11.56,12.4,11.56,12.4,298.4,289.1,>800,interior,-1.268,0.429,no,AEMET
2462,PUERTO DE NAVACERRADA,MADRID,1892.0,40.79333333333333,-4.010833333333333,3268C,ALPEDRETE,MADRID,924.0,40.65972222222222,-4.0175,14.87,968.0,-4.607,-0.476,10,2017,2026,11.56,16.16,11.56,16.16,303.9,289.1,>800,interior,-3.392,-1.215,no,AEMET
3266A,PUERTO ALTO DEL LEÓN,MADRID,1530.0,40.70638888888889,-4.14138888888889,2471Y,SAN RAFAEL,SEGOVIA,1237.0,40.718611111111116,-4.211944444444445,6.1,293.0,0.372,0.127,9,2017,2026,12.38,12.01,12.4,12.01,297.0,298.4,>800,interior,-1.027,1.399,si,AEMET
2491C,"LA COVATILLA, ESTACIÓN DE ESQUÍ",SALAMANCA,1960.0,40.355000000000004,-5.69,2828Y,BARCO DE AVILA,AVILA,1012.0,40.35527777777778,-5.519166666666667,14.48,948.0,0.665,0.07,6,2017,2026,10.82,10.15,10.82,9.92,269.2,262.7,>800,interior,-3.322,3.987,si,AEMET
2491C,"LA COVATILLA, ESTACIÓN DE ESQUÍ",SALAMANCA,1960.0,40.355000000000004,-5.69,3514B,TORNAVACAS,CACERES,991.0,40.25861111111111,-5.678333333333334,10.76,969.0,-5.982,-0.617,6,2017,2026,10.82,16.8,10.82,16.38,253.5,262.7,>800,interior,-3.395,-2.587,no,AEMET
2737E,LAGUNAS DE SOMOZA,LEON,1020.0,42.3775,-6.196666666666667,2734D,ASTORGA,LEON,919.0,42.47666666666667,-6.0744444444444445,14.91,101.0,-1.197,-1.185,7,2018,2026,10.12,11.32,10.1,11.22,119.4,130.5,>800,interior,-0.354,-0.843,no,AEMET
2882D,PEÑAUSENDE,ZAMORA,1003.0,41.23888888888889,-5.8975,2885K,FRESNO DE SAYAGO,ZAMORA,804.0,41.30444444444444,-6.022222222222222,12.72,199.0,2.347,1.179,10,2017,2026,13.76,11.42,13.76,11.42,200.5,213.1,>800,interior,-0.697,3.044,si,AEMET
2930Y,NAVASFRÍAS,SALAMANCA,880.0,40.29666666666667,-6.812777777777778,3547X,VALVERDE DEL FRESNO,CACERES,450.0,40.20722222222223,-6.896111111111111,12.2,430.0,-8.554,-1.989,10,2017,2026,8.79,17.35,8.79,17.35,222.2,231.3,400-800,interior,-1.507,-7.047,no,AEMET
3111D,SOMOSIERRA,MADRID,1454.0,41.13583333333333,-3.5802777777777774,3110C,BUITRAGO DEL LOZOYA,MADRID,1030.0,41.00694444444444,-3.613888888888889,14.61,424.0,0.08,0.019,5,2017,2025,11.99,11.91,11.8,11.92,263.1,248.5,>800,interior,-1.486,1.566,si,AEMET
3266A,PUERTO ALTO DEL LEÓN,MADRID,1530.0,40.70638888888889,-4.14138888888889,3268C,ALPEDRETE,MADRID,924.0,40.65972222222222,-4.0175,11.66,606.0,-3.767,-0.622,10,2017,2026,12.4,16.16,12.4,16.16,303.9,298.4,>800,interior,-2.123,-1.644,no,AEMET
3298X,SAN PABLO DE LOS MONTES,TOLEDO,917.0,39.54694444444444,-4.350555555555555,3305Y,NAVAHERMOSA,TOLEDO,750.0,39.63055555555555,-4.476944444444444,14.27,167.0,-0.015,-0.009,5,2017,2025,17.29,17.3,17.29,17.62,267.3,271.0,400-800,interior,-0.585,0.57,no,AEMET
3423I,MADRIGAL DE LA VERA,CACERES,464.0,40.153888888888886,-5.373333333333333,3422D,CANDELEDA,AVILA,350.0,40.13916666666667,-5.311388888888889,5.51,114.0,1.597,1.401,10,2017,2026,17.94,16.34,17.94,16.34,257.8,256.2,<400,interior,-0.399,1.996,si,AEMET
3516X,PIORNAL,CACERES,1260.0,40.12083333333334,-5.8325,3436D,GARGANTA LA OLLA,CACERES,690.0,40.111111111111114,-5.784722222222222,4.2,570.0,-3.383,-0.594,10,2017,2026,14.68,18.06,14.68,18.06,234.8,234.0,400-800,interior,-1.997,-1.386,no,AEMET
4089A,ALBERCA DE ZANCARA,CUENCA,858.0,39.51694444444444,-2.4958333333333336,4090Y,SAN CLEMENTE,CUENCA,728.0,39.416666666666664,-2.4205555555555556,12.89,130.0,-0.284,-0.218,7,2019,2026,16.03,16.32,16.06,16.2,180.4,186.6,400-800,interior,-0.456,0.172,no,AEMET
4499X,MONESTERIO,BADAJOZ,771.0,38.081388888888895,-6.271944444444444,4501X,FUENTE DE CANTOS,BADAJOZ,602.0,38.20861111111111,-6.311388888888889,14.56,169.0,-0.525,-0.31,10,2017,2026,16.72,17.25,16.72,17.25,56.7,60.4,400-800,interior,-0.592,0.067,no,AEMET
4499X,MONESTERIO,BADAJOZ,771.0,38.081388888888895,-6.271944444444444,5769X,CALA,HUELVA,618.0,37.97361111111111,-6.322222222222222,12.77,153.0,-0.069,-0.045,10,2017,2026,16.72,16.79,16.72,16.79,58.5,60.4,400-800,interior,-0.536,0.467,no,AEMET
5103E,"CAMARATE 2, PARQUE NACIONAL SIERRA NEVADA",GRANADA,2152.0,37.15833333333333,-3.2569444444444446,5103F,"CAMARATE, PARQUE NACIONAL SIERRA NEVADA",GRANADA,1534.0,37.191111111111105,-3.253888888888889,3.65,618.0,-3.697,-0.598,3,2024,2026,12.57,16.26,12.57,16.26,47.9,44.3,>800,interior,-2.165,-1.532,no,AEMET
5279X,LINARES,JAEN,515.0,38.151111111111106,-3.6294444444444447,5281X,BAILÉN,JAEN,345.0,38.09305555555556,-3.7824999999999998,14.86,170.0,-0.258,-0.152,8,2017,2025,20.15,20.41,20.03,20.62,149.3,155.8,<400,interior,-0.596,0.338,no,AEMET
5515D,VÍZNAR,GRANADA,1258.0,37.23694444444445,-3.5505555555555555,5514,GRANADA BASE AÉREA,GRANADA,687.0,37.13722222222222,-3.631388888888889,13.2,571.0,1.04,0.182,10,2017,2026,17.9,16.86,17.9,16.86,43.1,54.3,400-800,interior,-2.001,3.041,si,AEMET
5515D,VÍZNAR,GRANADA,1258.0,37.23694444444445,-3.5505555555555555,5514Z,GRANADA BASE AÉREA,GRANADA,695.0,37.13611111111111,-3.6333333333333333,13.4,563.0,0.86,0.153,4,2020,2023,17.28,16.42,17.9,16.42,42.9,54.3,400-800,interior,-1.973,2.833,si,AEMET
5515D,VÍZNAR,GRANADA,1258.0,37.23694444444445,-3.5505555555555555,5515X,GRANADA-CARTUJA,GRANADA,775.0,37.189722222222215,-3.595555555555556,6.59,483.0,-0.506,-0.105,10,2017,2026,17.9,18.41,17.9,18.41,48.9,54.3,400-800,interior,-1.692,1.186,no,AEMET
5516D,SIERRA NEVADA 'RADIOTELESCOPIO',GRANADA,2856.0,37.06305555555555,-3.3869444444444445,6248D,"CAÑAR, PARQUE NACIONAL SIERRA NEVADA",GRANADA,1732.0,36.952222222222225,-3.4302777777777775,12.91,1124.0,-3.511,-0.312,3,2024,2026,10.44,13.95,10.25,13.95,24.2,35.2,>800,litoral,-3.938,0.427,no,AEMET
5911A,GRAZALEMA,CADIZ,913.0,36.760555555555555,-5.3741666666666665,5941X,EL BOSQUE,CADIZ,295.0,36.72944444444445,-5.512222222222222,12.78,618.0,-1.361,-0.22,10,2017,2026,16.3,17.66,16.3,17.66,45.4,41.4,<400,interior,-2.165,0.804,no,AEMET
5995B,VEJER DE LA FRONTERA,CADIZ,183.0,36.24527777777778,-5.965277777777778,5996B,BARBATE,CADIZ,4.0,36.18472222222222,-5.9094444444444445,8.39,179.0,-0.395,-0.22,10,2017,2026,19.64,20.03,19.64,20.03,0.6,6.2,<400,litoral,-0.627,0.232,no,AEMET
6040X,CORTES DE LA FRONTERA,MALAGA,315.0,36.544444444444444,-5.386388888888889,6042I,JIMENA DE LA FRONTERA,CADIZ,42.0,36.43555555555555,-5.3950000000000005,12.13,273.0,0.881,0.323,10,2017,2026,17.39,16.51,17.39,16.51,16.5,23.1,<400,litoral,-0.957,1.838,si,AEMET
6050X,GAUCÍN,MALAGA,594.0,36.51861111111111,-5.318611111111111,6040X,CORTES DE LA FRONTERA,MALAGA,315.0,36.544444444444444,-5.386388888888889,6.7,279.0,0.786,0.282,10,2017,2026,18.17,17.39,18.17,17.39,23.1,16.5,<400,litoral,-0.978,1.764,si,AEMET
6050X,GAUCÍN,MALAGA,594.0,36.51861111111111,-5.318611111111111,6042I,JIMENA DE LA FRONTERA,CADIZ,42.0,36.43555555555555,-5.3950000000000005,11.49,552.0,1.666,0.302,10,2017,2026,18.17,16.51,18.17,16.51,16.5,16.5,<400,litoral,-1.934,3.6,si,AEMET
6057X,MANILVA,MALAGA,140.0,36.37833333333333,-5.26,6056X,SAN ROQUE,CADIZ,1.0,36.27305555555555,-5.2844444444444445,11.91,139.0,1.056,0.76,8,2017,2026,20.6,19.54,20.6,19.5,0.6,2.8,<400,litoral,-0.487,1.543,si,AEMET
6057X,MANILVA,MALAGA,140.0,36.37833333333333,-5.26,6058I,ESTEPONA,MALAGA,19.0,36.41694444444444,-5.155,10.33,121.0,0.28,0.231,8,2017,2026,20.6,20.32,20.6,20.33,1.4,2.8,<400,litoral,-0.424,0.704,si,AEMET
6069X,BENAHAVÍS,MALAGA,392.0,36.54361111111111,-5.0247222222222225,6076X,"MARBELLA, PUERTO",MALAGA,2.0,36.48444444444444,-4.953055555555555,9.18,390.0,-0.582,-0.149,10,2017,2026,20.0,20.59,20.0,20.59,0.9,8.1,<400,litoral,-1.367,0.785,no,AEMET
6213X,NERJA,MALAGA,169.0,36.76277777777778,-3.845277777777778,6205X,TORROX,MALAGA,3.0,36.72638888888889,-3.957222222222222,10.76,166.0,0.902,0.544,5,2019,2025,21.01,20.11,21.22,20.11,0.5,1.5,<400,litoral,-0.582,1.484,si,AEMET
6248D,"CAÑAR, PARQUE NACIONAL SIERRA NEVADA",GRANADA,1732.0,36.952222222222225,-3.4302777777777775,6258X,LANJARÓN,GRANADA,708.0,36.92305555555555,-3.4925,6.41,1024.0,-2.48,-0.242,3,2024,2026,13.95,16.43,13.95,15.74,21.5,24.2,400-800,litoral,-3.588,1.108,no,AEMET
6272X,CASTELL DE FERRO,GRANADA,235.0,36.73416666666667,-3.38,6268Y,"MOTRIL, PUERTO",GRANADA,3.0,36.723888888888894,-3.529166666666667,13.34,232.0,0.335,0.145,7,2017,2026,21.68,21.34,21.47,21.34,0.4,1.0,<400,litoral,-0.813,1.148,si,AEMET
6307X,LÁUJAR DE ANDARAX,ALMERIA,1510.0,37.03333333333333,-2.9125,6281X,VÁLOR,GRANADA,1020.0,37.00527777777778,-3.071388888888889,14.45,490.0,-2.42,-0.494,10,2017,2026,16.67,19.09,16.67,19.09,27.6,31.5,>800,litoral,-1.717,-0.703,no,AEMET
6307C,"LAÚJAR, PARQUE NACIONAL SIERRA NEVADA",ALMERIA,1713.0,37.05305555555555,-2.897222222222222,6307X,LÁUJAR DE ANDARAX,ALMERIA,1510.0,37.03333333333333,-2.9125,2.58,203.0,-0.766,-0.377,3,2024,2026,16.83,17.6,16.83,16.67,31.5,33.7,>800,interior,-0.711,-0.055,no,AEMET
6335O,"NACIMIENTO, PARQUE NACIONAL SIERRA NEVADA",ALMERIA,970.0,37.11,-2.6991666666666667,6312E,"RÁGOL, PARQUE NACIONAL SIERRA NEVADA",ALMERIA,601.0,37.020833333333336,-2.677222222222222,10.1,369.0,-2.081,-0.564,3,2024,2026,18.99,21.07,18.99,21.07,24.5,34.2,400-800,litoral,-1.293,-0.788,no,AEMET
7072Y,YESTE,ALBACETE,960.0,38.294999999999995,-2.2938888888888886,7066Y,"YESTE, EMBALSE FUENSANTA",ALBACETE,680.0,38.39333333333333,-2.218888888888889,12.74,280.0,-0.648,-0.231,9,2017,2026,16.76,17.41,16.67,17.41,120.1,115.3,400-800,interior,-0.981,0.333,no,AEMET
7211B,PUERTO LUMBRERAS,MURCIA,445.0,37.56805555555556,-1.797222222222222,7209,LORCA,MURCIA,312.0,37.656388888888884,-1.6872222222222222,13.8,133.0,0.947,0.712,9,2017,2026,20.47,19.52,20.48,19.52,27.2,25.1,<400,litoral,-0.466,1.413,si,AEMET
7250C,ABANILLA,MURCIA,174.0,38.19444444444444,-1.033888888888889,7244X,ORIHUELA,ALICANTE,26.0,38.06777777777778,-0.9813888888888889,14.81,148.0,-1.657,-1.119,10,2017,2026,18.93,20.59,18.93,20.59,26.6,35.0,<400,litoral,-0.519,-1.138,no,AEMET
8013X,NOVELDA,ALICANTE,233.0,38.385555555555555,-0.7577777777777778,8018X,ELX/ELCHE,ALICANTE,110.0,38.2875,-0.6805555555555555,12.82,123.0,1.072,0.871,10,2017,2026,20.57,19.5,20.57,19.5,12.9,22.0,<400,litoral,-0.431,1.503,si,AEMET
8203O,ZARRA,VALENCIA,856.0,39.08305555555556,-1.1011111111111112,8193E,JALANCE,VALENCIA,372.0,39.208333333333336,-1.0944444444444443,13.94,484.0,1.148,0.237,9,2017,2026,18.1,16.95,18.1,16.94,68.8,73.5,<400,interior,-1.696,2.844,si,AEMET
9027X,SARGENTES DE LA LORA,BURGOS,1017.0,42.746944444444445,-3.8844444444444446,9016X,"VALDERREDIBLE, CUBILLO DE EBRO",CANTABRIA,770.0,42.80972222222222,-4.032222222222222,13.94,247.0,0.232,0.094,6,2017,2022,10.05,9.82,10.05,10.21,65.8,75.7,400-800,interior,-0.865,1.097,si,AEMET
9027X,SARGENTES DE LA LORA,BURGOS,1017.0,42.746944444444445,-3.8844444444444446,9019B,"VALDERREDIBLE, POLIENTES",CANTABRIA,720.0,42.80611111111111,-3.933888888888889,7.72,297.0,-0.184,-0.062,6,2017,2022,10.05,10.24,10.05,10.45,68.2,75.7,400-800,interior,-1.041,0.857,no,AEMET
9115X,VALDEZCARAY,LA RIOJA,1630.0,42.255,-2.968055555555556,9136X,"ANGUIANO, VALVANERA",LA RIOJA,1006.0,42.23083333333334,-2.871111111111111,8.42,624.0,-0.724,-0.116,10,2017,2026,10.78,11.5,10.78,11.5,125.7,122.4,>800,interior,-2.186,1.462,no,AEMET
9122I,LABASTIDA,ARABA/ALAVA,612.0,42.60388888888889,-2.7766666666666664,9121X,HARO,LA RIOJA,465.0,42.57527777777778,-2.854722222222222,7.14,147.0,-0.697,-0.474,9,2017,2026,13.81,14.51,13.84,14.51,88.5,84.2,400-800,interior,-0.515,-0.182,no,AEMET
9145X,LEZA,ARABA/ALAVA,575.0,42.56722222222223,-2.6327777777777777,9145Y,CENICERO,LA RIOJA,429.0,42.48277777777778,-2.6394444444444445,9.41,146.0,-1.504,-1.03,10,2017,2026,13.88,15.38,13.88,15.38,93.5,84.2,400-800,interior,-0.512,-0.992,no,AEMET
9287A,SAN PEDRO MANRIQUE,SORIA,1096.0,42.02638888888889,-2.2308333333333334,9188,ENCISO,LA RIOJA,855.0,42.14944444444444,-2.2733333333333334,14.13,241.0,-2.961,-1.229,10,2017,2026,9.4,12.36,9.4,12.36,127.0,140.5,>800,interior,-0.844,-2.117,no,AEMET
9195C,"ASTÚN, LA RACA",HUESCA,2276.0,42.793055555555554,-0.5052777777777778,9198X,CANFRANC,HUESCA,1197.0,42.74944444444444,-0.5161111111111111,4.93,1079.0,-3.331,-0.309,5,2022,2026,8.85,12.18,8.85,11.49,114.1,112.3,>800,interior,-3.781,0.45,no,AEMET
9195C,"ASTÚN, LA RACA",HUESCA,2276.0,42.793055555555554,-0.5052777777777778,9445L,"FORMIGAL, SARRIOS",HUESCA,1800.0,42.7625,-0.3927777777777778,9.79,476.0,-2.535,-0.533,5,2022,2026,8.85,11.39,8.85,11.39,121.9,112.3,>800,interior,-1.668,-0.867,no,AEMET
9198X,CANFRANC,HUESCA,1197.0,42.74944444444444,-0.5161111111111111,9208E,ARAGÜÉS DEL PUERTO,HUESCA,1025.0,42.70861111111111,-0.6727777777777777,13.58,172.0,-2.188,-1.272,10,2017,2026,11.49,13.68,11.49,13.68,106.3,114.1,>800,interior,-0.603,-1.585,no,AEMET
9445L,"FORMIGAL, SARRIOS",HUESCA,1800.0,42.7625,-0.3927777777777778,9198X,CANFRANC,HUESCA,1197.0,42.74944444444444,-0.5161111111111111,10.17,603.0,-0.796,-0.132,5,2022,2026,11.39,12.18,11.39,11.49,114.1,121.9,>800,interior,-2.113,1.317,no,AEMET
9208E,ARAGÜÉS DEL PUERTO,HUESCA,1025.0,42.70861111111111,-0.6727777777777777,9207,"VALLE DE HECHO, HECHO",HUESCA,860.0,42.74055555555556,-0.7505555555555555,7.28,165.0,2.059,1.248,10,2017,2026,13.68,11.62,13.68,11.62,99.1,106.3,>800,interior,-0.578,2.637,si,AEMET
9228T,RONCESVALLES/ORREAGA,NAVARRA,947.0,43.007777777777775,-1.3255555555555556,9228J,OROZ-BETELU/OROTZ-BETELU,NAVARRA,635.0,42.89611111111111,-1.3002777777777779,12.59,312.0,-1.168,-0.374,10,2017,2026,11.46,12.63,11.46,12.63,55.4,44.5,400-800,interior,-1.093,-0.075,no,AEMET
9228T,RONCESVALLES/ORREAGA,NAVARRA,947.0,43.007777777777775,-1.3255555555555556,9995Y,VALCARLOS/LUZAIDE,NAVARRA,334.0,43.09111111111111,-1.3008333333333333,9.48,613.0,-2.949,-0.481,10,2017,2026,11.46,14.41,11.46,14.41,39.8,44.5,<400,interior,-2.148,-0.801,no,AEMET
9244X,SOS DEL REY CATÓLICO,ZARAGOZA,626.0,42.490833333333335,-1.2133333333333334,9245X,CÁSEDA,NAVARRA,440.0,42.521388888888886,-1.3663888888888889,13.0,186.0,-0.78,-0.419,9,2017,2026,14.53,15.31,14.53,15.21,90.7,98.3,400-800,interior,-0.652,-0.128,no,AEMET
9263X,"ARANGUREN, ILUNDAIN",NAVARRA,572.0,42.77611111111111,-1.5325,9262,PAMPLONA,NAVARRA,450.0,42.81777777777778,-1.6383333333333332,9.8,122.0,-2.377,-1.948,7,2017,2025,13.23,15.61,13.53,15.47,53.9,59.8,400-800,interior,-0.427,-1.95,no,AEMET
9263X,"ARANGUREN, ILUNDAIN",NAVARRA,572.0,42.77611111111111,-1.5325,9263D,"PAMPLONA, AEROPUERTO",NAVARRA,459.0,42.776944444444446,-1.65,9.59,113.0,-0.801,-0.709,8,2017,2026,13.53,14.33,13.53,14.1,58.3,59.8,400-800,interior,-0.396,-0.405,no,AEMET
9301X,MONTEAGUDO,NAVARRA,410.0,41.95888888888889,-1.6905555555555556,9302Y,TUDELA,NAVARRA,297.0,42.05555555555555,-1.6094444444444445,12.67,113.0,-1.728,-1.529,10,2017,2026,15.59,17.32,15.59,17.32,138.6,149.1,<400,interior,-0.396,-1.332,no,AEMET
9445L,"FORMIGAL, SARRIOS",HUESCA,1800.0,42.7625,-0.3927777777777778,9453X,"BIESCAS, EMBALSE DE BÚBAL",HUESCA,1100.0,42.69916666666666,-0.3188888888888889,9.27,700.0,-0.068,-0.01,5,2022,2026,11.39,11.46,11.39,10.95,130.7,121.9,>800,interior,-2.453,2.385,no,AEMET
9451F,"PANTICOSA, PETROSOS",HUESCA,1850.0,42.70444444444445,-0.2752777777777778,9453X,"BIESCAS, EMBALSE DE BÚBAL",HUESCA,1100.0,42.69916666666666,-0.3188888888888889,3.61,750.0,0.413,0.055,7,2020,2026,11.5,11.09,11.5,10.95,130.7,133.4,>800,interior,-2.628,3.041,si,AEMET
9550C,"ANDORRA, HORCALLANA",TERUEL,762.0,40.974444444444444,-0.4077777777777778,9569A,CALANDA,TERUEL,466.0,40.946666666666665,-0.23777777777777778,14.61,296.0,-1.379,-0.466,10,2017,2026,16.44,17.82,16.44,17.82,77.6,91.3,400-800,interior,-1.037,-0.342,no,AEMET
9569A,CALANDA,TERUEL,466.0,40.946666666666665,-0.23777777777777778,9573X,ALCAÑIZ,TERUEL,334.0,41.058055555555555,-0.14166666666666666,14.78,132.0,1.522,1.153,9,2017,2026,17.93,16.41,17.82,16.41,78.7,77.6,<400,interior,-0.463,1.985,si,AEMET
9590D,CAP DE REC,LLEIDA,1940.0,42.430277777777775,1.6674999999999998,9590,MARTINET,LLEIDA,1038.0,42.36222222222222,1.6933333333333334,7.86,902.0,-2.168,-0.24,6,2021,2026,8.73,10.9,8.73,10.56,14.5,8.0,>800,litoral,-3.161,0.993,no,AEMET
9660,SANT MAURICI (LLAC),LLEIDA,1907.0,42.58083333333334,1.0075,9657X,ESTERRI D'ÀNEU,LLEIDA,952.0,42.625,1.126111111111111,10.88,955.0,-1.682,-0.176,3,2019,2025,8.56,10.25,9.11,10.55,48.2,56.6,>800,interior,-3.346,1.664,no,AEMET
9660,SANT MAURICI (LLAC),LLEIDA,1907.0,42.58083333333334,1.0075,9689X,TORRE DE CABDELLA,LLEIDA,1273.0,42.46638888888889,0.9908333333333332,12.8,634.0,-2.644,-0.417,8,2017,2025,9.11,11.75,9.11,11.75,57.5,56.6,>800,interior,-2.222,-0.422,no,AEMET
9988B,CAP DE VAQUÈIRA,LLEIDA,2467.0,42.69194444444444,0.9738888888888889,9660,SANT MAURICI (LLAC),LLEIDA,1907.0,42.58083333333334,1.0075,12.66,560.0,-1.799,-0.321,4,2022,2025,7.39,9.19,7.39,9.11,56.6,62.4,>800,interior,-1.962,0.163,no,AEMET
9756X,BENABARRE,HUESCA,765.0,42.112500000000004,0.48,9855E,"CAPELLA, LAGUARRES",HUESCA,600.0,42.20138888888889,0.46611111111111114,9.95,165.0,0.149,0.09,10,2017,2026,14.8,14.66,14.8,14.66,105.9,108.4,400-800,interior,-0.578,0.727,si,AEMET
9776D,ELS TORMS,LLEIDA,495.0,41.39388888888889,0.7347222222222222,9775X,EL SOLERÀS,LLEIDA,392.0,41.41361111111111,0.6783333333333333,5.19,103.0,0.14,0.136,8,2017,2025,17.1,16.96,17.1,17.13,48.6,44.1,<400,interior,-0.361,0.501,si,AEMET
9814I,"TORLA-ORDESA, EL CEBOLLAR",HUESCA,1905.0,42.65611111111111,-0.12444444444444444,9812M,"PARADOR DE ORDESA, PARQUE NACIONAL ORDESA Y MONTEPERDIDO",HUESCA,1206.0,42.655277777777776,-0.09916666666666667,2.07,699.0,-1.67,-0.239,4,2023,2026,11.27,12.94,10.74,12.94,147.5,146.8,>800,interior,-2.449,0.779,no,AEMET
9812M,"PARADOR DE ORDESA, PARQUE NACIONAL ORDESA Y MONTEPERDIDO",HUESCA,1206.0,42.655277777777776,-0.09916666666666667,9814X,TORLA - ORDESA,HUESCA,1076.0,42.6375,-0.11194444444444446,2.24,130.0,-0.271,-0.209,3,2023,2025,12.3,12.57,12.94,12.29,148.4,147.5,>800,interior,-0.456,0.185,no,AEMET
9814I,"TORLA-ORDESA, EL CEBOLLAR",HUESCA,1905.0,42.65611111111111,-0.12444444444444444,9814X,TORLA - ORDESA,HUESCA,1076.0,42.6375,-0.11194444444444446,2.31,829.0,-2.057,-0.248,6,2020,2025,10.29,12.34,10.74,12.29,148.4,146.8,>800,interior,-2.905,0.848,no,AEMET
9839V,"CERLER, COGULLA",HUESCA,2374.0,42.555,0.5430555555555555,9838B,BENASQUE,HUESCA,1120.0,42.599444444444444,0.5205555555555557,5.27,1254.0,-1.438,-0.115,7,2020,2026,8.32,9.76,8.32,9.62,96.4,94.2,>800,interior,-4.394,2.956,no,AEMET
9839V,"CERLER, COGULLA",HUESCA,2374.0,42.555,0.5430555555555555,9843A,SEIRA,HUESCA,825.0,42.47694444444445,0.4341666666666667,12.45,1549.0,-4.658,-0.301,7,2020,2026,8.32,12.98,8.32,12.8,103.0,94.2,>800,interior,-5.428,0.77,no,AEMET
B684A,"ESCORCA, SON TORRELLA",ILLES BALEARS,842.0,39.79277777777778,2.7877777777777775,B013X,"ESCORCA, LLUC",ILLES BALEARS,490.0,39.82333333333334,2.8858333333333333,9.04,352.0,-2.949,-0.838,10,2017,2026,13.16,16.11,13.16,16.11,5.1,4.4,400-800,litoral,-1.233,-1.716,no,AEMET
B013X,"ESCORCA, LLUC",ILLES BALEARS,490.0,39.82333333333334,2.8858333333333333,B691Y,SA POBLA,BALEARES,32.0,39.74916666666667,3.0166666666666666,13.89,458.0,-2.794,-0.61,10,2017,2026,16.11,18.9,16.11,18.9,10.7,5.1,<400,litoral,-1.605,-1.189,no,AEMET
B013X,"ESCORCA, LLUC",ILLES BALEARS,490.0,39.82333333333334,2.8858333333333333,B760X,POLLENÇA,ILLES BALEARS,45.0,39.87694444444445,3.0241666666666664,13.23,445.0,-3.565,-0.801,10,2017,2026,16.11,19.67,16.11,19.67,4.2,5.1,<400,litoral,-1.559,-2.006,no,AEMET
B248,"SIERRA DE ALFABIA, BUNYOLA",ILLES BALEARS,1030.0,39.735,2.7130555555555556,B051A,"SÓLLER, PUERTO",BALEARES,5.0,39.79555555555555,2.691388888888889,6.98,1025.0,-4.32,-0.422,5,2021,2025,17.77,22.09,17.25,22.33,0.6,6.0,<400,litoral,-3.592,-0.728,no,AEMET
B684A,"ESCORCA, SON TORRELLA",ILLES BALEARS,842.0,39.79277777777778,2.7877777777777775,B051A,"SÓLLER, PUERTO",BALEARES,5.0,39.79555555555555,2.691388888888889,8.24,837.0,-8.825,-1.054,6,2021,2026,13.5,22.33,13.16,22.33,0.6,4.4,<400,litoral,-2.933,-5.892,no,AEMET
B248,"SIERRA DE ALFABIA, BUNYOLA",ILLES BALEARS,1030.0,39.735,2.7130555555555556,B236C,"PALMA, UNIVERSITAT",ILLES BALEARS,95.0,39.64222222222222,2.6438888888888887,11.89,935.0,0.155,0.017,9,2017,2025,17.25,17.09,17.25,17.22,9.1,6.0,<400,litoral,-3.276,3.431,si,AEMET
B248,"SIERRA DE ALFABIA, BUNYOLA",ILLES BALEARS,1030.0,39.735,2.7130555555555556,B275E,"SON BONET, AEROPUERTO",BALEARES,47.0,39.60583333333334,2.706666666666667,14.37,983.0,-3.114,-0.317,4,2022,2025,17.99,21.1,17.25,21.37,5.6,6.0,<400,litoral,-3.444,0.33,no,AEMET
B248,"SIERRA DE ALFABIA, BUNYOLA",ILLES BALEARS,1030.0,39.735,2.7130555555555556,B656A,SANTA MARÍA DEL CAMÍ,BALEARES,121.0,39.652499999999996,2.8002777777777776,11.83,909.0,-1.485,-0.163,9,2017,2025,17.25,18.74,17.25,18.9,14.3,6.0,<400,litoral,-3.185,1.7,no,AEMET
B248,"SIERRA DE ALFABIA, BUNYOLA",ILLES BALEARS,1030.0,39.735,2.7130555555555556,B684A,"ESCORCA, SON TORRELLA",ILLES BALEARS,842.0,39.79277777777778,2.7877777777777775,9.06,188.0,4.282,2.278,9,2017,2025,17.25,12.97,17.25,13.16,4.4,6.0,>800,litoral,-0.659,4.941,si,AEMET
B656A,SANTA MARÍA DEL CAMÍ,BALEARES,121.0,39.652499999999996,2.8002777777777776,B278,"PALMA DE MALLORCA, AEROPUERTO",BALEARES,5.0,39.56083333333333,2.736666666666667,11.56,116.0,-0.382,-0.329,10,2017,2026,18.9,19.28,18.9,19.28,3.3,14.3,<400,litoral,-0.406,0.024,no,AEMET
B341X,PORRERES,BALEARES,149.0,39.50611111111111,3.0055555555555555,B362X,"CAMPOS, CAN SION",ILLES BALEARS,40.0,39.405833333333334,3.0641666666666665,12.23,109.0,2.314,2.123,4,2023,2026,19.92,17.6,19.92,17.48,9.5,16.5,<400,litoral,-0.382,2.696,si,AEMET
B684A,"ESCORCA, SON TORRELLA",ILLES BALEARS,842.0,39.79277777777778,2.7877777777777775,B662X,BINISSALEM,BALEARES,105.0,39.67805555555555,2.8738888888888887,14.73,737.0,-5.256,-0.713,10,2017,2026,13.16,18.41,13.16,18.41,19.1,4.4,<400,litoral,-2.582,-2.674,no,AEMET
C018J,TÍAS,LAS PALMAS,376.0,28.96972222222222,-13.690277777777778,C029O,LANZAROTE AEROPUERTO,LAS PALMAS,14.0,28.951944444444443,-13.600277777777777,8.98,362.0,-2.961,-0.818,10,2017,2026,17.75,20.71,17.75,20.71,1.0,5.5,<400,litoral,-1.268,-1.693,no,AEMET
C018J,TÍAS,LAS PALMAS,376.0,28.96972222222222,-13.690277777777778,C048W,TINAJO,LAS PALMAS,275.0,29.0425,-13.680833333333332,8.14,101.0,-0.909,-0.9,10,2017,2026,17.75,18.66,17.75,18.66,4.2,5.5,<400,litoral,-0.354,-0.555,no,AEMET
C048W,TINAJO,LAS PALMAS,275.0,29.0425,-13.680833333333332,C029O,LANZAROTE AEROPUERTO,LAS PALMAS,14.0,28.951944444444443,-13.600277777777777,12.76,261.0,-2.053,-0.786,10,2017,2026,18.66,20.71,18.66,20.71,1.0,4.2,<400,litoral,-0.915,-1.138,no,AEMET
C038N,HARÍA,LAS PALMAS,277.0,29.14361111111111,-13.489166666666666,C839X,LA GRACIOSA,LAS PALMAS,19.0,29.22972222222222,-13.510277777777778,9.79,258.0,-1.74,-0.674,9,2017,2026,18.85,20.59,18.86,20.59,1.4,2.7,<400,litoral,-0.904,-0.836,no,AEMET
C101A,ROQUE DE LOS MUCHACHOS,SANTA CRUZ DE TENERIFE,2223.0,28.75583333333333,-17.89527777777778,C117A,PUNTAGORDA,STA. CRUZ DE TENERIFE,684.0,28.760555555555555,-17.985555555555557,8.82,1539.0,-2.98,-0.194,7,2020,2026,13.6,16.58,13.6,16.35,1.4,8.6,400-800,litoral,-5.393,2.413,no,AEMET
C101A,ROQUE DE LOS MUCHACHOS,SANTA CRUZ DE TENERIFE,2223.0,28.75583333333333,-17.89527777777778,C117Z,TIJARAFE,STA. CRUZ DE TENERIFE,733.0,28.674722222222222,-17.936666666666667,9.88,1490.0,-3.743,-0.251,6,2020,2026,13.52,17.26,13.6,17.0,2.1,8.6,400-800,litoral,-5.221,1.478,no,AEMET
C101A,ROQUE DE LOS MUCHACHOS,SANTA CRUZ DE TENERIFE,2223.0,28.75583333333333,-17.89527777777778,C126A,EL PASO,SANTA CRUZ DE TENERIFE,844.0,28.653888888888886,-17.853055555555557,12.06,1379.0,-2.592,-0.188,6,2020,2025,13.49,16.08,13.6,15.86,8.4,8.6,>800,litoral,-4.832,2.24,no,AEMET
C101A,ROQUE DE LOS MUCHACHOS,SANTA CRUZ DE TENERIFE,2223.0,28.75583333333333,-17.89527777777778,C148F,SAN ANDRÉS Y SAUCES,STA. CRUZ DE TENERIFE,362.0,28.804722222222225,-17.78222222222222,12.29,1861.0,-4.388,-0.236,7,2020,2026,13.6,17.99,13.6,17.94,1.3,8.6,<400,litoral,-6.521,2.133,no,AEMET
C126A,EL PASO,SANTA CRUZ DE TENERIFE,844.0,28.653888888888886,-17.853055555555557,C117Z,TIJARAFE,STA. CRUZ DE TENERIFE,733.0,28.674722222222222,-17.936666666666667,8.48,111.0,-1.066,-0.961,8,2017,2025,15.9,16.97,15.86,17.0,2.1,8.4,400-800,litoral,-0.389,-0.677,no,AEMET
C117Z,TIJARAFE,STA. CRUZ DE TENERIFE,733.0,28.674722222222222,-17.936666666666667,C129Z,TAZACORTE,SANTA CRUZ DE TENERIFE,62.0,28.59583333333333,-17.915277777777778,9.02,671.0,-3.765,-0.561,7,2017,2025,17.13,20.9,17.0,20.85,0.7,2.1,<400,litoral,-2.351,-1.414,no,AEMET
C126A,EL PASO,SANTA CRUZ DE TENERIFE,844.0,28.653888888888886,-17.853055555555557,C129Z,TAZACORTE,SANTA CRUZ DE TENERIFE,62.0,28.59583333333333,-17.915277777777778,8.86,782.0,-4.842,-0.619,8,2017,2025,16.01,20.85,15.86,20.85,0.7,8.4,<400,litoral,-2.74,-2.102,no,AEMET
C126A,EL PASO,SANTA CRUZ DE TENERIFE,844.0,28.653888888888886,-17.853055555555557,C139E,LA PALMA AEROPUERTO,SANTA CRUZ DE TENERIFE,33.0,28.633055555555558,-17.755,9.85,811.0,-5.321,-0.656,9,2017,2025,15.86,21.18,15.86,21.2,0.6,8.4,<400,litoral,-2.842,-2.479,no,AEMET
C314Z,"VALLEHERMOSO, ALTO IGUALERO  ",STA. CRUZ DE TENERIFE,1474.0,28.106944444444444,-17.249166666666667,C316I,ARURE,STA. CRUZ DE TENERIFE,916.0,28.128333333333334,-17.315,6.88,558.0,-1.43,-0.256,8,2019,2026,14.91,16.34,14.85,16.34,2.5,7.2,>800,litoral,-1.955,0.525,no,AEMET
C314Z,"VALLEHERMOSO, ALTO IGUALERO  ",STA. CRUZ DE TENERIFE,1474.0,28.106944444444444,-17.249166666666667,C317B,AGULO,STA. CRUZ DE TENERIFE,765.0,28.17888888888889,-17.213055555555556,8.75,709.0,-0.755,-0.107,10,2017,2026,14.85,15.61,14.85,15.61,1.3,7.2,400-800,litoral,-2.484,1.729,no,AEMET
C314Z,"VALLEHERMOSO, ALTO IGUALERO  ",STA. CRUZ DE TENERIFE,1474.0,28.106944444444444,-17.249166666666667,C319W,"VALLEHERMOSO, DAMA",STA. CRUZ DE TENERIFE,190.0,28.054166666666667,-17.30638888888889,8.12,1284.0,-4.254,-0.331,10,2017,2026,14.85,19.11,14.85,19.11,0.9,7.2,<400,litoral,-4.499,0.245,no,AEMET
C314Z,"VALLEHERMOSO, ALTO IGUALERO  ",STA. CRUZ DE TENERIFE,1474.0,28.106944444444444,-17.249166666666667,C328W,HERMIGUA,STA. CRUZ DE TENERIFE,252.0,28.16361111111111,-17.194166666666668,8.29,1222.0,-4.098,-0.335,8,2017,2026,14.96,19.06,14.85,19.06,1.6,7.2,<400,litoral,-4.282,0.184,no,AEMET
C314Z,"VALLEHERMOSO, ALTO IGUALERO  ",STA. CRUZ DE TENERIFE,1474.0,28.106944444444444,-17.249166666666667,C329B,"LA GOMERA, AEROPUERTO",STA. CRUZ DE TENERIFE,219.0,28.031666666666666,-17.210833333333333,9.18,1255.0,-5.39,-0.429,10,2017,2026,14.85,20.24,14.85,20.24,0.9,7.2,<400,litoral,-4.398,-0.992,no,AEMET
C314Z,"VALLEHERMOSO, ALTO IGUALERO  ",STA. CRUZ DE TENERIFE,1474.0,28.106944444444444,-17.249166666666667,C329Z,SAN SEBASTIÁN DE LA GOMERA,STA. CRUZ DE TENERIFE,15.0,28.08972222222222,-17.11138888888889,13.65,1459.0,-7.378,-0.506,10,2017,2026,14.85,22.23,14.85,22.23,0.1,7.2,<400,litoral,-5.112,-2.266,no,AEMET
C316I,ARURE,STA. CRUZ DE TENERIFE,916.0,28.128333333333334,-17.315,C317B,AGULO,STA. CRUZ DE TENERIFE,765.0,28.17888888888889,-17.213055555555556,11.47,151.0,0.712,0.472,8,2019,2026,16.34,15.62,16.34,15.61,1.3,2.5,400-800,litoral,-0.529,1.241,si,AEMET
C316I,ARURE,STA. CRUZ DE TENERIFE,916.0,28.128333333333334,-17.315,C319W,"VALLEHERMOSO, DAMA",STA. CRUZ DE TENERIFE,190.0,28.054166666666667,-17.30638888888889,8.29,726.0,-2.872,-0.396,8,2019,2026,16.34,19.21,16.34,19.11,0.9,2.5,<400,litoral,-2.544,-0.328,no,AEMET
C316I,ARURE,STA. CRUZ DE TENERIFE,916.0,28.128333333333334,-17.315,C328W,HERMIGUA,STA. CRUZ DE TENERIFE,252.0,28.16361111111111,-17.194166666666668,12.48,664.0,-2.768,-0.417,7,2019,2026,16.31,19.08,16.34,19.06,1.6,2.5,<400,litoral,-2.327,-0.441,no,AEMET
C316I,ARURE,STA. CRUZ DE TENERIFE,916.0,28.128333333333334,-17.315,C329B,"LA GOMERA, AEROPUERTO",STA. CRUZ DE TENERIFE,219.0,28.031666666666666,-17.210833333333333,14.83,697.0,-3.986,-0.572,8,2019,2026,16.34,20.32,16.34,20.24,0.9,2.5,<400,litoral,-2.442,-1.544,no,AEMET
C317B,AGULO,STA. CRUZ DE TENERIFE,765.0,28.17888888888889,-17.213055555555556,C328W,HERMIGUA,STA. CRUZ DE TENERIFE,252.0,28.16361111111111,-17.194166666666668,2.51,513.0,-3.41,-0.665,8,2017,2026,15.65,19.06,15.61,19.06,1.6,1.3,<400,litoral,-1.798,-1.612,no,AEMET
C317B,AGULO,STA. CRUZ DE TENERIFE,765.0,28.17888888888889,-17.213055555555556,C329Z,SAN SEBASTIÁN DE LA GOMERA,STA. CRUZ DE TENERIFE,15.0,28.08972222222222,-17.11138888888889,14.06,750.0,-6.622,-0.883,10,2017,2026,15.61,22.23,15.61,22.23,0.1,1.3,<400,litoral,-2.628,-3.994,no,AEMET
C328W,HERMIGUA,STA. CRUZ DE TENERIFE,252.0,28.16361111111111,-17.194166666666668,C329Z,SAN SEBASTIÁN DE LA GOMERA,STA. CRUZ DE TENERIFE,15.0,28.08972222222222,-17.11138888888889,11.55,237.0,-3.239,-1.367,8,2017,2026,19.06,22.3,19.06,22.23,0.1,1.6,<400,litoral,-0.83,-2.409,no,AEMET
C329B,"LA GOMERA, AEROPUERTO",STA. CRUZ DE TENERIFE,219.0,28.031666666666666,-17.210833333333333,C329Z,SAN SEBASTIÁN DE LA GOMERA,STA. CRUZ DE TENERIFE,15.0,28.08972222222222,-17.11138888888889,11.7,204.0,-1.988,-0.975,10,2017,2026,20.24,22.23,20.24,22.23,0.1,0.9,<400,litoral,-0.715,-1.273,no,AEMET
C406G,"LA OROTAVA, CAÑADAS TEIDE",SANTA CRUZ DE TENERIFE,2150.0,28.224166666666665,-16.62611111111111,C428T,ARICO,SANTA CRUZ DE TENERIFE,418.0,28.180833333333336,-16.483333333333334,14.8,1732.0,-6.006,-0.347,9,2017,2026,11.64,17.65,11.64,17.69,5.2,17.6,400-800,litoral,-6.069,0.063,no,AEMET
C430E,IZAÑA,SANTA CRUZ DE TENERIFE,2369.0,28.308333333333334,-16.499722222222225,C428T,ARICO,SANTA CRUZ DE TENERIFE,418.0,28.180833333333336,-16.483333333333334,14.27,1951.0,-4.858,-0.249,10,2017,2026,12.84,17.69,12.84,17.69,5.2,11.5,400-800,litoral,-6.836,1.978,no,AEMET
C430E,IZAÑA,SANTA CRUZ DE TENERIFE,2369.0,28.308333333333334,-16.499722222222225,C438N,CANDELARIA,SANTA CRUZ DE TENERIFE,463.0,28.359166666666667,-16.401666666666664,11.14,1906.0,-4.93,-0.259,10,2017,2026,12.84,17.77,12.84,17.77,3.1,11.5,400-800,litoral,-6.679,1.749,no,AEMET
C430E,IZAÑA,SANTA CRUZ DE TENERIFE,2369.0,28.308333333333334,-16.499722222222225,C439J,GÜÍMAR,SANTA CRUZ DE TENERIFE,115.0,28.31833333333333,-16.38222222222222,11.56,2254.0,-6.501,-0.288,10,2017,2026,12.84,19.34,12.84,19.34,1.2,11.5,<400,litoral,-7.898,1.397,no,AEMET
C430E,IZAÑA,SANTA CRUZ DE TENERIFE,2369.0,28.308333333333334,-16.499722222222225,C457I,LA VICTORIA DE ACENTEJO,SANTA CRUZ DE TENERIFE,567.0,28.434444444444445,-16.454444444444444,14.71,1802.0,-2.372,-0.132,10,2017,2026,12.84,15.21,12.84,15.21,1.8,11.5,400-800,litoral,-6.314,3.942,no,AEMET
C430E,IZAÑA,SANTA CRUZ DE TENERIFE,2369.0,28.308333333333334,-16.499722222222225,C459Z,PUERTO DE LA CRUZ,SANTA CRUZ DE TENERIFE,25.0,28.418055555555558,-16.548333333333336,13.09,2344.0,-8.324,-0.355,9,2017,2025,12.7,21.03,12.84,21.03,0.9,11.5,<400,litoral,-8.213,-0.111,no,AEMET
C430E,IZAÑA,SANTA CRUZ DE TENERIFE,2369.0,28.308333333333334,-16.499722222222225,C468X,SAN JUAN DE LA RAMBLA,SANTA CRUZ DE TENERIFE,667.0,28.373055555555556,-16.625833333333333,14.29,1702.0,-1.824,-0.107,7,2020,2026,13.05,14.87,12.84,14.87,1.9,11.5,400-800,litoral,-5.964,4.14,no,AEMET
C438N,CANDELARIA,SANTA CRUZ DE TENERIFE,463.0,28.359166666666667,-16.401666666666664,C439J,GÜÍMAR,SANTA CRUZ DE TENERIFE,115.0,28.31833333333333,-16.38222222222222,4.92,348.0,-1.572,-0.452,10,2017,2026,17.77,19.34,17.77,19.34,1.2,3.1,<400,litoral,-1.219,-0.353,no,AEMET
C447A,TENERIFE NORTE AEROPUERTO,SANTA CRUZ DE TENERIFE,632.0,28.4775,-16.329444444444444,C438N,CANDELARIA,SANTA CRUZ DE TENERIFE,463.0,28.359166666666667,-16.401666666666664,14.93,169.0,-1.063,-0.629,10,2017,2026,16.7,17.77,16.7,17.77,3.1,5.7,400-800,litoral,-0.592,-0.471,no,AEMET
C457I,LA VICTORIA DE ACENTEJO,SANTA CRUZ DE TENERIFE,567.0,28.434444444444445,-16.454444444444444,C438N,CANDELARIA,SANTA CRUZ DE TENERIFE,463.0,28.359166666666667,-16.401666666666664,9.83,104.0,-2.558,-2.459,10,2017,2026,15.21,17.77,15.21,17.77,3.1,1.8,400-800,litoral,-0.364,-2.194,no,AEMET
C457I,LA VICTORIA DE ACENTEJO,SANTA CRUZ DE TENERIFE,567.0,28.434444444444445,-16.454444444444444,C439J,GÜÍMAR,SANTA CRUZ DE TENERIFE,115.0,28.31833333333333,-16.38222222222222,14.72,452.0,-4.129,-0.914,10,2017,2026,15.21,19.34,15.21,19.34,1.2,1.8,<400,litoral,-1.584,-2.545,no,AEMET
C446G,"SAN CRISTÓBAL DE LA LAGUNA,LLANO DE LOS LOROS",STA. CRUZ DE TENERIFE,868.0,28.52638888888889,-16.280277777777776,C447A,TENERIFE NORTE AEROPUERTO,SANTA CRUZ DE TENERIFE,632.0,28.4775,-16.329444444444444,7.26,236.0,-1.587,-0.672,10,2017,2026,15.11,16.7,15.11,16.7,5.7,4.2,400-800,litoral,-0.827,-0.76,no,AEMET
C446G,"SAN CRISTÓBAL DE LA LAGUNA,LLANO DE LOS LOROS",STA. CRUZ DE TENERIFE,868.0,28.52638888888889,-16.280277777777776,C449C,STA.CRUZ DE TENERIFE,SANTA CRUZ DE TENERIFE,36.0,28.46333333333333,-16.255277777777778,7.42,832.0,-6.869,-0.826,10,2017,2026,15.11,21.98,15.11,21.98,0.6,4.2,<400,litoral,-2.915,-3.954,no,AEMET
C446G,"SAN CRISTÓBAL DE LA LAGUNA,LLANO DE LOS LOROS",STA. CRUZ DE TENERIFE,868.0,28.52638888888889,-16.280277777777776,C449F,ANAGA,SANTA CRUZ DE TENERIFE,19.0,28.508055555555554,-16.195555555555554,8.53,849.0,-6.663,-0.785,10,2017,2026,15.11,21.78,15.11,21.78,0.5,4.2,<400,litoral,-2.975,-3.688,no,AEMET
C446G,"SAN CRISTÓBAL DE LA LAGUNA,LLANO DE LOS LOROS",STA. CRUZ DE TENERIFE,868.0,28.52638888888889,-16.280277777777776,C458A,TACORONTE,STA. CRUZ DE TENERIFE,310.0,28.49638888888889,-16.42,14.05,558.0,-3.227,-0.578,10,2017,2026,15.11,18.34,15.11,18.34,0.4,4.2,<400,litoral,-1.955,-1.272,no,AEMET
C447A,TENERIFE NORTE AEROPUERTO,SANTA CRUZ DE TENERIFE,632.0,28.4775,-16.329444444444444,C449C,STA.CRUZ DE TENERIFE,SANTA CRUZ DE TENERIFE,36.0,28.46333333333333,-16.255277777777778,7.42,596.0,-5.282,-0.886,10,2017,2026,16.7,21.98,16.7,21.98,0.6,5.7,<400,litoral,-2.088,-3.194,no,AEMET
C447A,TENERIFE NORTE AEROPUERTO,SANTA CRUZ DE TENERIFE,632.0,28.4775,-16.329444444444444,C449F,ANAGA,SANTA CRUZ DE TENERIFE,19.0,28.508055555555554,-16.195555555555554,13.52,613.0,-5.075,-0.828,10,2017,2026,16.7,21.78,16.7,21.78,0.5,5.7,<400,litoral,-2.148,-2.927,no,AEMET
C447A,TENERIFE NORTE AEROPUERTO,SANTA CRUZ DE TENERIFE,632.0,28.4775,-16.329444444444444,C458A,TACORONTE,STA. CRUZ DE TENERIFE,310.0,28.49638888888889,-16.42,9.1,322.0,-1.64,-0.509,10,2017,2026,16.7,18.34,16.7,18.34,0.4,5.7,<400,litoral,-1.128,-0.512,no,AEMET
C457I,LA VICTORIA DE ACENTEJO,SANTA CRUZ DE TENERIFE,567.0,28.434444444444445,-16.454444444444444,C458A,TACORONTE,STA. CRUZ DE TENERIFE,310.0,28.49638888888889,-16.42,7.67,257.0,-3.134,-1.22,10,2017,2026,15.21,18.34,15.21,18.34,0.4,1.8,<400,litoral,-0.901,-2.233,no,AEMET
C457I,LA VICTORIA DE ACENTEJO,SANTA CRUZ DE TENERIFE,567.0,28.434444444444445,-16.454444444444444,C459Z,PUERTO DE LA CRUZ,SANTA CRUZ DE TENERIFE,25.0,28.418055555555558,-16.548333333333336,9.36,542.0,-5.822,-1.074,9,2017,2025,15.2,21.03,15.21,21.03,0.9,1.8,<400,litoral,-1.899,-3.923,no,AEMET
C468X,SAN JUAN DE LA RAMBLA,SANTA CRUZ DE TENERIFE,667.0,28.373055555555556,-16.625833333333333,C459Z,PUERTO DE LA CRUZ,SANTA CRUZ DE TENERIFE,25.0,28.418055555555558,-16.548333333333336,9.08,642.0,-6.275,-0.977,6,2020,2025,14.91,21.18,14.87,21.03,0.9,1.9,<400,litoral,-2.25,-4.025,no,AEMET
C611E,VEGA DE SAN MATEO,LAS PALMAS,1702.0,27.976666666666667,-15.58388888888889,C612F,"TEJEDA, CRUZ DE TEJEDA",LAS PALMAS,1514.0,28.006944444444443,-15.59888888888889,3.67,188.0,-0.742,-0.395,9,2017,2025,14.54,15.28,14.54,15.4,13.6,16.9,>800,litoral,-0.659,-0.083,no,AEMET
C611E,VEGA DE SAN MATEO,LAS PALMAS,1702.0,27.976666666666667,-15.58388888888889,C614H,TEJEDA,LAS PALMAS,1060.0,27.995,-15.615833333333333,3.74,642.0,-4.708,-0.733,9,2017,2025,14.54,19.24,14.54,19.35,13.2,16.9,>800,litoral,-2.25,-2.458,no,AEMET
C611E,VEGA DE SAN MATEO,LAS PALMAS,1702.0,27.976666666666667,-15.58388888888889,C623I,"SAN BARTOLOME TIRAJANA, CUEVAS DEL PINAR",LAS PALMAS,1220.0,27.92666666666667,-15.599722222222223,5.77,482.0,-4.829,-1.002,9,2017,2025,14.54,19.37,14.54,19.53,17.1,16.9,>800,litoral,-1.689,-3.14,no,AEMET
C611E,VEGA DE SAN MATEO,LAS PALMAS,1702.0,27.976666666666667,-15.58388888888889,C625O,"SAN BARTOLOME TIRAJANA, LOMO PEDRO ALFONSO",LAS PALMAS,806.0,27.856944444444444,-15.645,14.6,896.0,-4.907,-0.548,9,2017,2025,14.54,19.44,14.54,19.57,10.5,16.9,>800,litoral,-3.14,-1.767,no,AEMET
C611E,VEGA DE SAN MATEO,LAS PALMAS,1702.0,27.976666666666667,-15.58388888888889,C635B,"SAN BARTOLOME TIRAJANA, LAS TIRAJANAS",LAS PALMAS,960.0,27.92,-15.574166666666667,6.37,742.0,-4.386,-0.591,9,2017,2025,14.54,18.92,14.54,19.08,15.4,16.9,>800,litoral,-2.6,-1.786,no,AEMET
C611E,VEGA DE SAN MATEO,LAS PALMAS,1702.0,27.976666666666667,-15.58388888888889,C648N,"TELDE, CENTRO FORESTAL DORAMAS",LAS PALMAS,344.0,27.9875,-15.457777777777777,12.44,1358.0,-4.67,-0.344,9,2017,2025,14.54,19.21,14.54,19.23,7.4,16.9,<400,litoral,-4.758,0.088,no,AEMET
C611E,VEGA DE SAN MATEO,LAS PALMAS,1702.0,27.976666666666667,-15.58388888888889,C656V,TEROR,LAS PALMAS,683.0,28.075277777777778,-15.547222222222222,11.54,1019.0,-0.28,-0.028,9,2017,2025,14.54,14.82,14.54,14.76,8.1,16.9,400-800,litoral,-3.571,3.291,no,AEMET
C611E,VEGA DE SAN MATEO,LAS PALMAS,1702.0,27.976666666666667,-15.58388888888889,C665T,VALLESECO,LAS PALMAS,900.0,28.065555555555555,-15.565555555555557,10.05,802.0,-0.632,-0.079,9,2017,2025,14.54,15.17,14.54,15.21,9.4,16.9,>800,litoral,-2.81,2.178,no,AEMET
C612F,"TEJEDA, CRUZ DE TEJEDA",LAS PALMAS,1514.0,28.006944444444443,-15.59888888888889,C614H,TEJEDA,LAS PALMAS,1060.0,27.995,-15.615833333333333,2.13,454.0,-3.949,-0.87,10,2017,2026,15.4,19.35,15.4,19.35,13.2,13.6,>800,litoral,-1.591,-2.358,no,AEMET
C612F,"TEJEDA, CRUZ DE TEJEDA",LAS PALMAS,1514.0,28.006944444444443,-15.59888888888889,C623I,"SAN BARTOLOME TIRAJANA, CUEVAS DEL PINAR",LAS PALMAS,1220.0,27.92666666666667,-15.599722222222223,8.93,294.0,-4.124,-1.403,10,2017,2026,15.4,19.53,15.4,19.53,17.1,13.6,>800,litoral,-1.03,-3.094,no,AEMET
C612F,"TEJEDA, CRUZ DE TEJEDA",LAS PALMAS,1514.0,28.006944444444443,-15.59888888888889,C635B,"SAN BARTOLOME TIRAJANA, LAS TIRAJANAS",LAS PALMAS,960.0,27.92,-15.574166666666667,9.97,554.0,-3.675,-0.663,10,2017,2026,15.4,19.08,15.4,19.08,15.4,13.6,>800,litoral,-1.941,-1.734,no,AEMET
C612F,"TEJEDA, CRUZ DE TEJEDA",LAS PALMAS,1514.0,28.006944444444443,-15.59888888888889,C648N,"TELDE, CENTRO FORESTAL DORAMAS",LAS PALMAS,344.0,27.9875,-15.457777777777777,14.02,1170.0,-3.829,-0.327,10,2017,2026,15.4,19.23,15.4,19.23,7.4,13.6,<400,litoral,-4.1,0.271,no,AEMET
C612F,"TEJEDA, CRUZ DE TEJEDA",LAS PALMAS,1514.0,28.006944444444443,-15.59888888888889,C656V,TEROR,LAS PALMAS,683.0,28.075277777777778,-15.547222222222222,9.13,831.0,0.641,0.077,10,2017,2026,15.4,14.76,15.4,14.76,8.1,13.6,400-800,litoral,-2.912,3.553,si,AEMET
C612F,"TEJEDA, CRUZ DE TEJEDA",LAS PALMAS,1514.0,28.006944444444443,-15.59888888888889,C665T,VALLESECO,LAS PALMAS,900.0,28.065555555555555,-15.565555555555557,7.29,614.0,0.191,0.031,10,2017,2026,15.4,15.21,15.4,15.21,9.4,13.6,>800,litoral,-2.151,2.342,si,AEMET
C612F,"TEJEDA, CRUZ DE TEJEDA",LAS PALMAS,1514.0,28.006944444444443,-15.59888888888889,C668V,AGAETE - SUERTE ALTA,LAS PALMAS,352.0,28.094444444444445,-15.674999999999999,12.27,1162.0,-3.716,-0.32,9,2018,2026,15.34,19.06,15.4,19.06,2.5,13.6,<400,litoral,-4.072,0.356,no,AEMET
C623I,"SAN BARTOLOME TIRAJANA, CUEVAS DEL PINAR",LAS PALMAS,1220.0,27.92666666666667,-15.599722222222223,C614H,TEJEDA,LAS PALMAS,1060.0,27.995,-15.615833333333333,7.76,160.0,0.175,0.109,10,2017,2026,19.53,19.35,19.53,19.35,13.2,17.1,>800,litoral,-0.561,0.736,si,AEMET
C614H,TEJEDA,LAS PALMAS,1060.0,27.995,-15.615833333333333,C635B,"SAN BARTOLOME TIRAJANA, LAS TIRAJANAS",LAS PALMAS,960.0,27.92,-15.574166666666667,9.29,100.0,0.274,0.274,10,2017,2026,19.35,19.08,19.35,19.08,15.4,13.2,>800,litoral,-0.35,0.624,si,AEMET
C614H,TEJEDA,LAS PALMAS,1060.0,27.995,-15.615833333333333,C656V,TEROR,LAS PALMAS,683.0,28.075277777777778,-15.547222222222222,11.18,377.0,4.59,1.218,10,2017,2026,19.35,14.76,19.35,14.76,8.1,13.2,400-800,litoral,-1.321,5.911,si,AEMET
C614H,TEJEDA,LAS PALMAS,1060.0,27.995,-15.615833333333333,C665T,VALLESECO,LAS PALMAS,900.0,28.065555555555555,-15.565555555555557,9.27,160.0,4.14,2.588,10,2017,2026,19.35,15.21,19.35,15.21,9.4,13.2,>800,litoral,-0.561,4.701,si,AEMET
C614H,TEJEDA,LAS PALMAS,1060.0,27.995,-15.615833333333333,C668V,AGAETE - SUERTE ALTA,LAS PALMAS,352.0,28.094444444444445,-15.674999999999999,12.49,708.0,0.222,0.031,9,2018,2026,19.28,19.06,19.35,19.06,2.5,13.2,<400,litoral,-2.481,2.703,si,AEMET
C665T,VALLESECO,LAS PALMAS,900.0,28.065555555555555,-15.565555555555557,C619X,AGAETE,LAS PALMAS,5.0,28.101111111111113,-15.712777777777777,14.97,895.0,-6.553,-0.732,10,2017,2026,15.21,21.77,15.21,21.77,1.3,9.4,<400,litoral,-3.136,-3.417,no,AEMET
C668V,AGAETE - SUERTE ALTA,LAS PALMAS,352.0,28.094444444444445,-15.674999999999999,C619X,AGAETE,LAS PALMAS,5.0,28.101111111111113,-15.712777777777777,3.78,347.0,-2.71,-0.781,9,2018,2026,19.06,21.77,19.06,21.77,1.3,2.5,<400,litoral,-1.216,-1.494,no,AEMET
C628B,"LA ALDEA DE SAN NICOLÁS, TASARTE",LAS PALMAS,318.0,27.90888888888889,-15.770000000000001,C619Y,LA ALDEA DE SAN NICOLÁS,LAS PALMAS,13.0,28.00111111111111,-15.807500000000001,10.9,305.0,-1.024,-0.336,10,2017,2026,19.97,20.99,19.97,20.99,1.0,5.0,<400,litoral,-1.069,0.045,no,AEMET
C623I,"SAN BARTOLOME TIRAJANA, CUEVAS DEL PINAR",LAS PALMAS,1220.0,27.92666666666667,-15.599722222222223,C625O,"SAN BARTOLOME TIRAJANA, LOMO PEDRO ALFONSO",LAS PALMAS,806.0,27.856944444444444,-15.645,8.94,414.0,-0.045,-0.011,10,2017,2026,19.53,19.57,19.53,19.57,10.5,17.1,>800,litoral,-1.451,1.406,no,AEMET
C623I,"SAN BARTOLOME TIRAJANA, CUEVAS DEL PINAR",LAS PALMAS,1220.0,27.92666666666667,-15.599722222222223,C635B,"SAN BARTOLOME TIRAJANA, LAS TIRAJANAS",LAS PALMAS,960.0,27.92,-15.574166666666667,2.62,260.0,0.449,0.173,10,2017,2026,19.53,19.08,19.53,19.08,15.4,17.1,>800,litoral,-0.911,1.36,si,AEMET
C623I,"SAN BARTOLOME TIRAJANA, CUEVAS DEL PINAR",LAS PALMAS,1220.0,27.92666666666667,-15.599722222222223,C648C,AGÜIMES,LAS PALMAS,306.0,27.9025,-15.453888888888889,14.58,914.0,-0.539,-0.059,10,2017,2026,19.53,20.07,19.53,20.07,6.3,17.1,<400,litoral,-3.203,2.664,no,AEMET
C625O,"SAN BARTOLOME TIRAJANA, LOMO PEDRO ALFONSO",LAS PALMAS,806.0,27.856944444444444,-15.645,C628B,"LA ALDEA DE SAN NICOLÁS, TASARTE",LAS PALMAS,318.0,27.90888888888889,-15.770000000000001,13.58,488.0,-0.396,-0.081,10,2017,2026,19.57,19.97,19.57,19.97,5.0,10.5,<400,litoral,-1.71,1.314,no,AEMET
C625O,"SAN BARTOLOME TIRAJANA, LOMO PEDRO ALFONSO",LAS PALMAS,806.0,27.856944444444444,-15.645,C629Q,"MOGÁN, PUERTO RICO",LAS PALMAS,10.0,27.779999999999998,-15.71111111111111,10.75,796.0,-2.208,-0.277,10,2017,2026,19.57,21.78,19.57,21.78,0.1,10.5,<400,litoral,-2.789,0.581,no,AEMET
C625O,"SAN BARTOLOME TIRAJANA, LOMO PEDRO ALFONSO",LAS PALMAS,806.0,27.856944444444444,-15.645,C629X,"MOGÁN, PUERTO",LAS PALMAS,10.0,27.81638888888889,-15.764166666666666,12.56,796.0,-1.494,-0.188,10,2017,2026,19.57,21.07,19.57,21.07,0.6,10.5,<400,litoral,-2.789,1.295,no,AEMET
C635B,"SAN BARTOLOME TIRAJANA, LAS TIRAJANAS",LAS PALMAS,960.0,27.92,-15.574166666666667,C625O,"SAN BARTOLOME TIRAJANA, LOMO PEDRO ALFONSO",LAS PALMAS,806.0,27.856944444444444,-15.645,9.88,154.0,-0.493,-0.32,10,2017,2026,19.08,19.57,19.08,19.57,10.5,15.4,>800,litoral,-0.54,0.047,no,AEMET
C625O,"SAN BARTOLOME TIRAJANA, LOMO PEDRO ALFONSO",LAS PALMAS,806.0,27.856944444444444,-15.645,C639M,"MASPALOMAS, C. INSULAR TURISMO",LAS PALMAS,45.0,27.758055555555554,-15.575555555555555,12.94,761.0,-1.844,-0.242,10,2017,2026,19.57,21.42,19.57,21.42,0.6,10.5,<400,litoral,-2.667,0.823,no,AEMET
C625O,"SAN BARTOLOME TIRAJANA, LOMO PEDRO ALFONSO",LAS PALMAS,806.0,27.856944444444444,-15.645,C689E,MASPALOMAS,LAS PALMAS,6.0,27.735833333333336,-15.595833333333333,14.31,800.0,-1.113,-0.139,5,2017,2026,19.4,20.52,19.57,20.52,0.6,10.5,<400,litoral,-2.803,1.69,no,AEMET
C628B,"LA ALDEA DE SAN NICOLÁS, TASARTE",LAS PALMAS,318.0,27.90888888888889,-15.770000000000001,C629X,"MOGÁN, PUERTO",LAS PALMAS,10.0,27.81638888888889,-15.764166666666666,10.3,308.0,-1.098,-0.356,10,2017,2026,19.97,21.07,19.97,21.07,0.6,5.0,<400,litoral,-1.079,-0.019,no,AEMET
C635B,"SAN BARTOLOME TIRAJANA, LAS TIRAJANAS",LAS PALMAS,960.0,27.92,-15.574166666666667,C648C,AGÜIMES,LAS PALMAS,306.0,27.9025,-15.453888888888889,11.98,654.0,-0.988,-0.151,10,2017,2026,19.08,20.07,19.08,20.07,6.3,15.4,<400,litoral,-2.292,1.304,no,AEMET
C635B,"SAN BARTOLOME TIRAJANA, LAS TIRAJANAS",LAS PALMAS,960.0,27.92,-15.574166666666667,C648N,"TELDE, CENTRO FORESTAL DORAMAS",LAS PALMAS,344.0,27.9875,-15.457777777777777,13.68,616.0,-0.153,-0.025,10,2017,2026,19.08,19.23,19.08,19.23,7.4,15.4,<400,litoral,-2.158,2.005,no,AEMET
C648C,AGÜIMES,LAS PALMAS,306.0,27.9025,-15.453888888888889,C639U,"SAN BARTOLOME TIRAJANA, EL MATORRAL",LAS PALMAS,41.0,27.8125,-15.453055555555554,10.01,265.0,-0.751,-0.283,10,2017,2026,20.07,20.82,20.07,20.82,0.4,6.3,<400,litoral,-0.929,0.178,no,AEMET
C648C,AGÜIMES,LAS PALMAS,306.0,27.9025,-15.453888888888889,C649I,GRAN CANARIA AEROPUERTO,LAS PALMAS,24.0,27.91777777777778,-15.395277777777777,6.0,282.0,-1.257,-0.446,10,2017,2026,20.07,21.32,20.07,21.32,0.6,6.3,<400,litoral,-0.988,-0.269,no,AEMET
C648C,AGÜIMES,LAS PALMAS,306.0,27.9025,-15.453888888888889,C649R,"TELDE, MELENARA",LAS PALMAS,9.0,27.986666666666668,-15.377777777777778,11.98,297.0,-1.317,-0.443,10,2017,2026,20.07,21.38,20.07,21.38,0.8,6.3,<400,litoral,-1.041,-0.276,no,AEMET
C648N,"TELDE, CENTRO FORESTAL DORAMAS",LAS PALMAS,344.0,27.9875,-15.457777777777777,C649I,GRAN CANARIA AEROPUERTO,LAS PALMAS,24.0,27.91777777777778,-15.395277777777777,9.89,320.0,-2.092,-0.654,10,2017,2026,19.23,21.32,19.23,21.32,0.6,7.4,<400,litoral,-1.121,-0.971,no,AEMET
C648N,"TELDE, CENTRO FORESTAL DORAMAS",LAS PALMAS,344.0,27.9875,-15.457777777777777,C649R,"TELDE, MELENARA",LAS PALMAS,9.0,27.986666666666668,-15.377777777777778,7.86,335.0,-2.152,-0.642,10,2017,2026,19.23,21.38,19.23,21.38,0.8,7.4,<400,litoral,-1.174,-0.978,no,AEMET
C656V,TEROR,LAS PALMAS,683.0,28.075277777777778,-15.547222222222222,C648N,"TELDE, CENTRO FORESTAL DORAMAS",LAS PALMAS,344.0,27.9875,-15.457777777777777,13.13,339.0,-4.47,-1.318,10,2017,2026,14.76,19.23,14.76,19.23,7.4,8.1,<400,litoral,-1.188,-3.282,no,AEMET
C648N,"TELDE, CENTRO FORESTAL DORAMAS",LAS PALMAS,344.0,27.9875,-15.457777777777777,C659H,"LAS PALMAS DE GRAN CANARIA, SAN CRISTOBAL",LAS PALMAS,55.0,28.08972222222222,-15.416111111111112,12.08,289.0,-1.71,-0.592,8,2017,2025,19.12,20.83,19.23,20.83,0.4,7.4,<400,litoral,-1.013,-0.697,no,AEMET
C648N,"TELDE, CENTRO FORESTAL DORAMAS",LAS PALMAS,344.0,27.9875,-15.457777777777777,C659M,"LAS PALMAS DE GRAN CANARIA, PL. DE LA FERIA",LAS PALMAS,15.0,28.113055555555558,-15.421388888888888,14.41,329.0,-2.552,-0.776,9,2017,2026,19.16,21.71,19.23,21.71,0.4,7.4,<400,litoral,-1.153,-1.399,no,AEMET
C665T,VALLESECO,LAS PALMAS,900.0,28.065555555555555,-15.565555555555557,C648N,"TELDE, CENTRO FORESTAL DORAMAS",LAS PALMAS,344.0,27.9875,-15.457777777777777,13.68,556.0,-4.019,-0.723,10,2017,2026,15.21,19.23,15.21,19.23,7.4,9.4,<400,litoral,-1.948,-2.071,no,AEMET
C658L,LAS PALMAS DE G.C. (TAFIRA CMT),LAS PALMAS,269.0,28.075,-15.450833333333332,C649R,"TELDE, MELENARA",LAS PALMAS,9.0,27.986666666666668,-15.377777777777778,12.16,260.0,-2.198,-0.846,10,2017,2026,19.19,21.38,19.19,21.38,0.8,3.1,<400,litoral,-0.911,-1.287,no,AEMET
C658X,"LAS PALMAS DE GRAN CANARIA, TAFIRA",LAS PALMAS,269.0,28.078055555555554,-15.453333333333333,C649R,"TELDE, MELENARA",LAS PALMAS,9.0,27.986666666666668,-15.377777777777778,12.58,260.0,-2.385,-0.917,10,2017,2026,19.0,21.38,19.0,21.38,0.8,3.3,<400,litoral,-0.911,-1.474,no,AEMET
C656V,TEROR,LAS PALMAS,683.0,28.075277777777778,-15.547222222222222,C658L,LAS PALMAS DE G.C. (TAFIRA CMT),LAS PALMAS,269.0,28.075,-15.450833333333332,9.46,414.0,-4.423,-1.068,10,2017,2026,14.76,19.19,14.76,19.19,3.1,8.1,<400,litoral,-1.451,-2.972,no,AEMET
C656V,TEROR,LAS PALMAS,683.0,28.075277777777778,-15.547222222222222,C658X,"LAS PALMAS DE GRAN CANARIA, TAFIRA",LAS PALMAS,269.0,28.078055555555554,-15.453333333333333,9.22,414.0,-4.236,-1.023,10,2017,2026,14.76,19.0,14.76,19.0,3.3,8.1,<400,litoral,-1.451,-2.785,no,AEMET
C656V,TEROR,LAS PALMAS,683.0,28.075277777777778,-15.547222222222222,C659H,"LAS PALMAS DE GRAN CANARIA, SAN CRISTOBAL",LAS PALMAS,55.0,28.08972222222222,-15.416111111111112,12.96,628.0,-6.127,-0.976,8,2017,2025,14.71,20.83,14.76,20.83,0.4,8.1,<400,litoral,-2.201,-3.926,no,AEMET
C656V,TEROR,LAS PALMAS,683.0,28.075277777777778,-15.547222222222222,C659M,"LAS PALMAS DE GRAN CANARIA, PL. DE LA FERIA",LAS PALMAS,15.0,28.113055555555558,-15.421388888888888,13.04,668.0,-7.054,-1.056,9,2017,2026,14.66,21.71,14.76,21.71,0.4,8.1,<400,litoral,-2.341,-4.713,no,AEMET
C665T,VALLESECO,LAS PALMAS,900.0,28.065555555555555,-15.565555555555557,C656V,TEROR,LAS PALMAS,683.0,28.075277777777778,-15.547222222222222,2.1,217.0,0.45,0.207,10,2017,2026,15.21,14.76,15.21,14.76,8.1,9.4,400-800,litoral,-0.76,1.21,si,AEMET
C656V,TEROR,LAS PALMAS,683.0,28.075277777777778,-15.547222222222222,C668V,AGAETE - SUERTE ALTA,LAS PALMAS,352.0,28.094444444444445,-15.674999999999999,12.72,331.0,-4.323,-1.306,9,2018,2026,14.74,19.06,14.76,19.06,2.5,8.1,<400,litoral,-1.16,-3.163,no,AEMET
C656V,TEROR,LAS PALMAS,683.0,28.075277777777778,-15.547222222222222,C669B,ARUCAS,LAS PALMAS,86.0,28.141666666666666,-15.506666666666666,8.39,597.0,-5.732,-0.96,10,2017,2026,14.76,20.5,14.76,20.5,0.4,8.1,<400,litoral,-2.092,-3.64,no,AEMET
C658L,LAS PALMAS DE G.C. (TAFIRA CMT),LAS PALMAS,269.0,28.075,-15.450833333333332,C659H,"LAS PALMAS DE GRAN CANARIA, SAN CRISTOBAL",LAS PALMAS,55.0,28.08972222222222,-15.416111111111112,3.78,214.0,-1.768,-0.826,8,2017,2025,19.07,20.83,19.19,20.83,0.4,3.1,<400,litoral,-0.75,-1.018,no,AEMET
C658L,LAS PALMAS DE G.C. (TAFIRA CMT),LAS PALMAS,269.0,28.075,-15.450833333333332,C659M,"LAS PALMAS DE GRAN CANARIA, PL. DE LA FERIA",LAS PALMAS,15.0,28.113055555555558,-15.421388888888888,5.12,254.0,-2.622,-1.032,9,2017,2026,19.09,21.71,19.19,21.71,0.4,3.1,<400,litoral,-0.89,-1.732,no,AEMET
C665T,VALLESECO,LAS PALMAS,900.0,28.065555555555555,-15.565555555555557,C658L,LAS PALMAS DE G.C. (TAFIRA CMT),LAS PALMAS,269.0,28.075,-15.450833333333332,11.3,631.0,-3.973,-0.63,10,2017,2026,15.21,19.19,15.21,19.19,3.1,9.4,<400,litoral,-2.211,-1.762,no,AEMET
C658L,LAS PALMAS DE G.C. (TAFIRA CMT),LAS PALMAS,269.0,28.075,-15.450833333333332,C669B,ARUCAS,LAS PALMAS,86.0,28.141666666666666,-15.506666666666666,9.22,183.0,-1.31,-0.716,10,2017,2026,19.19,20.5,19.19,20.5,0.4,3.1,<400,litoral,-0.641,-0.669,no,AEMET
C658X,"LAS PALMAS DE GRAN CANARIA, TAFIRA",LAS PALMAS,269.0,28.078055555555554,-15.453333333333333,C659H,"LAS PALMAS DE GRAN CANARIA, SAN CRISTOBAL",LAS PALMAS,55.0,28.08972222222222,-15.416111111111112,3.88,214.0,-1.969,-0.92,8,2017,2025,18.86,20.83,19.0,20.83,0.4,3.3,<400,litoral,-0.75,-1.219,no,AEMET
C658X,"LAS PALMAS DE GRAN CANARIA, TAFIRA",LAS PALMAS,269.0,28.078055555555554,-15.453333333333333,C659M,"LAS PALMAS DE GRAN CANARIA, PL. DE LA FERIA",LAS PALMAS,15.0,28.113055555555558,-15.421388888888888,5.0,254.0,-2.812,-1.107,9,2017,2026,18.9,21.71,19.0,21.71,0.4,3.3,<400,litoral,-0.89,-1.922,no,AEMET
C665T,VALLESECO,LAS PALMAS,900.0,28.065555555555555,-15.565555555555557,C658X,"LAS PALMAS DE GRAN CANARIA, TAFIRA",LAS PALMAS,269.0,28.078055555555554,-15.453333333333333,11.1,631.0,-3.786,-0.6,10,2017,2026,15.21,19.0,15.21,19.0,3.3,9.4,<400,litoral,-2.211,-1.575,no,AEMET
C658X,"LAS PALMAS DE GRAN CANARIA, TAFIRA",LAS PALMAS,269.0,28.078055555555554,-15.453333333333333,C669B,ARUCAS,LAS PALMAS,86.0,28.141666666666666,-15.506666666666666,8.8,183.0,-1.496,-0.818,10,2017,2026,19.0,20.5,19.0,20.5,0.4,3.3,<400,litoral,-0.641,-0.855,no,AEMET
C665T,VALLESECO,LAS PALMAS,900.0,28.065555555555555,-15.565555555555557,C659H,"LAS PALMAS DE GRAN CANARIA, SAN CRISTOBAL",LAS PALMAS,55.0,28.08972222222222,-15.416111111111112,14.91,845.0,-5.773,-0.683,8,2017,2025,15.06,20.83,15.21,20.83,0.4,9.4,<400,litoral,-2.961,-2.812,no,AEMET
C665T,VALLESECO,LAS PALMAS,900.0,28.065555555555555,-15.565555555555557,C668V,AGAETE - SUERTE ALTA,LAS PALMAS,352.0,28.094444444444445,-15.674999999999999,11.21,548.0,-3.883,-0.709,9,2018,2026,15.18,19.06,15.21,19.06,2.5,9.4,<400,litoral,-1.92,-1.963,no,AEMET
C665T,VALLESECO,LAS PALMAS,900.0,28.065555555555555,-15.565555555555557,C669B,ARUCAS,LAS PALMAS,86.0,28.141666666666666,-15.506666666666666,10.25,814.0,-5.282,-0.649,10,2017,2026,15.21,20.5,15.21,20.5,0.4,9.4,<400,litoral,-2.852,-2.43,no,AEMET
C916Q,"EL PINAR, DEPÓSITO",STA. CRUZ DE TENERIFE,948.0,27.718888888888888,-17.978055555555553,C917E,"EL PINAR, LA DEHESA",STA. CRUZ DE TENERIFE,713.0,27.725277777777777,-18.115000000000002,13.5,235.0,-0.815,-0.347,9,2017,2026,16.43,17.24,16.44,17.24,1.8,1.8,400-800,litoral,-0.823,0.008,no,AEMET
C916Q,"EL PINAR, DEPÓSITO",STA. CRUZ DE TENERIFE,948.0,27.718888888888888,-17.978055555555553,C919K,TACORON-LAPILLAS-TORTUGA,STA. CRUZ DE TENERIFE,98.0,27.665277777777778,-18.01861111111111,7.18,850.0,-4.267,-0.502,9,2017,2026,16.47,20.73,16.44,20.73,0.5,1.8,<400,litoral,-2.978,-1.289,no,AEMET
C925F,"SAN ANDRÉS, VALVERDE",STA. CRUZ DE TENERIFE,1070.0,27.76888888888889,-17.960277777777776,C916Q,"EL PINAR, DEPÓSITO",STA. CRUZ DE TENERIFE,948.0,27.718888888888888,-17.978055555555553,5.83,122.0,-2.309,-1.893,9,2017,2026,13.97,16.28,13.97,16.44,1.8,4.4,>800,litoral,-0.427,-1.882,no,AEMET
C916Q,"EL PINAR, DEPÓSITO",STA. CRUZ DE TENERIFE,948.0,27.718888888888888,-17.978055555555553,C928I,VALVERDE,STA. CRUZ DE TENERIFE,670.0,27.810833333333335,-17.919444444444444,11.74,278.0,0.49,0.176,7,2020,2026,16.81,16.32,16.44,16.32,2.9,1.8,400-800,litoral,-0.974,1.464,si,AEMET
C916Q,"EL PINAR, DEPÓSITO",STA. CRUZ DE TENERIFE,948.0,27.718888888888888,-17.978055555555553,C929I,HIERRO AEROPUERTO,SANTA CRUZ DE TENERIFE,32.0,27.81888888888889,-17.88888888888889,14.16,916.0,-5.381,-0.587,10,2017,2026,16.44,21.82,16.44,21.82,0.2,1.8,<400,litoral,-3.21,-2.171,no,AEMET
C916Q,"EL PINAR, DEPÓSITO",STA. CRUZ DE TENERIFE,948.0,27.718888888888888,-17.978055555555553,C939T,"FRONTERA, SABINOSA",STA. CRUZ DE TENERIFE,20.0,27.75638888888889,-18.1075,13.4,928.0,-4.998,-0.539,10,2017,2026,16.44,21.44,16.44,21.44,0.5,1.8,<400,litoral,-3.252,-1.746,no,AEMET
C917E,"EL PINAR, LA DEHESA",STA. CRUZ DE TENERIFE,713.0,27.725277777777777,-18.115000000000002,C919K,TACORON-LAPILLAS-TORTUGA,STA. CRUZ DE TENERIFE,98.0,27.665277777777778,-18.01861111111111,11.6,615.0,-3.289,-0.535,8,2017,2026,17.3,20.59,17.24,20.73,0.5,1.8,<400,litoral,-2.155,-1.134,no,AEMET
C917E,"EL PINAR, LA DEHESA",STA. CRUZ DE TENERIFE,713.0,27.725277777777777,-18.115000000000002,C939T,"FRONTERA, SABINOSA",STA. CRUZ DE TENERIFE,20.0,27.75638888888889,-18.1075,3.54,693.0,-4.095,-0.591,9,2017,2026,17.24,21.34,17.24,21.44,0.5,1.8,<400,litoral,-2.428,-1.667,no,AEMET
C925F,"SAN ANDRÉS, VALVERDE",STA. CRUZ DE TENERIFE,1070.0,27.76888888888889,-17.960277777777776,C919K,TACORON-LAPILLAS-TORTUGA,STA. CRUZ DE TENERIFE,98.0,27.665277777777778,-18.01861111111111,12.87,972.0,-6.692,-0.688,8,2017,2026,14.01,20.7,13.97,20.73,0.5,4.4,<400,litoral,-3.406,-3.286,no,AEMET
C925F,"SAN ANDRÉS, VALVERDE",STA. CRUZ DE TENERIFE,1070.0,27.76888888888889,-17.960277777777776,C928I,VALVERDE,STA. CRUZ DE TENERIFE,670.0,27.810833333333335,-17.919444444444444,6.16,400.0,-2.081,-0.52,6,2021,2026,14.19,16.27,13.97,16.32,2.9,4.4,400-800,litoral,-1.402,-0.679,no,AEMET
C925F,"SAN ANDRÉS, VALVERDE",STA. CRUZ DE TENERIFE,1070.0,27.76888888888889,-17.960277777777776,C929I,HIERRO AEROPUERTO,SANTA CRUZ DE TENERIFE,32.0,27.81888888888889,-17.88888888888889,8.96,1038.0,-7.835,-0.755,9,2017,2026,13.97,21.81,13.97,21.82,0.2,4.4,<400,litoral,-3.637,-4.198,no,AEMET
C925F,"SAN ANDRÉS, VALVERDE",STA. CRUZ DE TENERIFE,1070.0,27.76888888888889,-17.960277777777776,C939T,"FRONTERA, SABINOSA",STA. CRUZ DE TENERIFE,20.0,27.75638888888889,-18.1075,14.55,1050.0,-7.442,-0.709,9,2017,2026,13.97,21.42,13.97,21.44,0.5,4.4,<400,litoral,-3.679,-3.763,no,AEMET
C928I,VALVERDE,STA. CRUZ DE TENERIFE,670.0,27.810833333333335,-17.919444444444444,C929I,HIERRO AEROPUERTO,SANTA CRUZ DE TENERIFE,32.0,27.81888888888889,-17.88888888888889,3.14,638.0,-5.577,-0.874,7,2020,2026,16.32,21.9,16.32,21.82,0.2,2.9,<400,litoral,-2.236,-3.341,no,AEMET
