idema,nombre,provincia,altitud,lat,lon,noches,h20_mediana,h20_peor,h20_mejor,h18_mediana,h18_peor,noches_sin_alivio,cruce_20_tipico,nunca_cruza
1135C,"LOS TOJOS, BÁRCENA MAYOR",CANTABRIA,460,43.14694444444444,-4.214166666666667,20,9.0,9,9,9.0,7,0,23,0
1167G,"MIRADOR DEL CABLE, PARQUE NACIONAL PICOS DE EUROPA",CANTABRIA,1910,43.155,-4.803055555555555,18,9.0,9,9,9.0,4,0,23,0
1541B,VILLABLINO,LEON,958,42.928888888888885,-6.333888888888889,21,9,9,9,9,9,0,23,0
1542,PUERTO DE LEITARIEGOS,ASTURIAS,1530,42.994166666666665,-6.4141666666666675,20,9.0,9,9,9.0,1,0,23,0
1696O,BEARIZ,OURENSE,610,42.46805555555556,-8.278055555555556,23,9,9,9,9,5,0,23,0
2766E,"SANABRIA, ROBLEDA-CERVANTES",ZAMORA,933,42.0825,-6.639722222222222,23,9,9,9,9,9,0,23,0
2873X,BARBADILLO,SALAMANCA,817,40.90361111111111,-5.779722222222222,14,9.0,9,9,9.0,6,0,23,0
2930Y,NAVASFRÍAS,SALAMANCA,880,40.29666666666667,-6.812777777777778,22,9.0,9,9,9.0,6,0,23,0
3104Y,RASCAFRÍA,MADRID,1159,40.88972222222222,-3.888333333333333,22,9.0,9,9,9.0,7,0,23,0
5511,"PRADOLLANO, PARQUE NACIONAL SIERRA NEVADA",GRANADA,3092,37.06444444444444,-3.3713888888888888,22,9.0,9,9,9.0,9,0,23,0
5516D,SIERRA NEVADA 'RADIOTELESCOPIO',GRANADA,2856,37.06305555555555,-3.3869444444444445,23,9,9,9,9,9,0,23,0
6299I,"LAGUNA SECA, PARQUE NACIONAL SIERRA NEVADA",GRANADA,2300,37.09583333333334,-2.9644444444444447,22,9.0,9,9,9.0,6,0,23,0
9195C,"ASTÚN, LA RACA",HUESCA,2276,42.793055555555554,-0.5052777777777778,23,9,9,9,9,4,0,23,0
9585,LA MOLINA,GIRONA,1699,42.3325,1.9394444444444445,23,9,9,9,9,7,0,23,0
9590D,CAP DE REC,LLEIDA,1940,42.430277777777775,1.6674999999999998,23,9,9,9,9,9,0,23,0
9677,PORT AINÉ,LLEIDA,2410,42.41,1.2147222222222223,23,9,9,9,9,9,0,23,0
9744B,VALL DE BOÍ,LLEIDA,1089,42.50333333333333,0.7988888888888889,23,9,9,9,9,9,0,23,0
9838B,BENASQUE,HUESCA,1120,42.599444444444444,0.5205555555555557,23,9,9,9,9,8,0,23,0
9839V,"CERLER, COGULLA",HUESCA,2374,42.555,0.5430555555555555,23,9,9,9,9,9,0,23,0
9988B,CAP DE VAQUÈIRA,LLEIDA,2467,42.69194444444444,0.9738888888888889,23,9,9,9,9,9,0,23,0
C430E,IZAÑA,SANTA CRUZ DE TENERIFE,2369,28.308333333333334,-16.499722222222225,21,9,9,9,9,3,0,23,0
3319D,PUERTO DEL PICO,AVILA,1285,40.33972222222222,-5.012777777777778,18,9.0,9,9,9.0,9,0,23,0
0312X,SANT PAU DE SEGÚRIES,GIRONA,851,42.25833333333333,2.3644444444444446,21,9,8,9,9,4,0,23,0
1152C,SAN FELICES DE BUELNA,CANTABRIA,105,43.27194444444444,-4.048611111111111,20,9.0,8,9,9.0,0,0,23,0
1167B,"CAMALEÑO, FUENTE DE",CANTABRIA,1100,43.14388888888889,-4.812777777777778,16,9.0,8,9,9.0,0,0,23,0
1276F,POLA DE SOMIEDO,ASTURIAS,670,43.1,-6.256944444444445,19,9,8,9,9,6,0,23,0
1344X,MONDOÑEDO,LUGO,125,43.43138888888889,-7.361666666666666,23,9,8,9,9,0,0,23,0
1410X,SOBRADO,A CORUÑA,500,43.03777777777778,-8.022222222222224,23,9,8,9,9,5,0,23,0
2491C,"LA COVATILLA, ESTACIÓN DE ESQUÍ",SALAMANCA,1960,40.355000000000004,-5.69,23,9,8,9,9,0,0,23,0
2624C,RIAÑO,LEON,1090,42.958333333333336,-5.0075,23,9,8,9,9,5,0,23,0
2701D,"BARRIOS DE LUNA, MIÑERA",LEON,1120,42.885555555555555,-5.870833333333334,23,9,8,9,9,1,0,23,0
2828Y,BARCO DE AVILA,AVILA,1012,40.35527777777778,-5.519166666666667,23,9,8,9,9,6,0,23,0
9016X,"VALDERREDIBLE, CUBILLO DE EBRO",CANTABRIA,770,42.80972222222222,-4.032222222222222,13,9,8,9,9,7,0,23,0
9453X,"BIESCAS, EMBALSE DE BÚBAL",HUESCA,1100,42.69916666666666,-0.3188888888888889,14,9.0,8,9,9.0,6,0,23,0
9590,MARTINET,LLEIDA,1038,42.36222222222222,1.6933333333333334,23,9,8,9,9,6,0,23,0
9632X,TUIXENT,LLEIDA,1196,42.23027777777778,1.5694444444444444,23,9,8,9,9,4,0,23,0
9994X,BOSSÒST,LLEIDA,722,42.77611111111111,0.6897222222222222,22,9.0,8,9,9.0,2,0,23,0
1505,LUGO AEROPUERTO,LUGO,442,43.111111111111114,-7.4575000000000005,22,9.0,8,9,9.0,1,0,23,0
2084Y,UCERO,SORIA,960,41.721944444444446,-3.0469444444444442,19,9,8,9,9,7,0,23,0
0320I,PLANOLES,GIRONA,1151,42.316944444444445,2.102777777777778,22,9.0,7,9,9.0,0,0,23,0
0324A,RIPOLL,GIRONA,675,42.19138888888889,2.196111111111111,23,9,7,9,9,3,0,23,0
1178Y,"POSADA DE VALDEÓN, SOTO",LEON,953,43.14527777777778,-4.931666666666667,19,9,7,9,9,6,0,23,0
1226X,"ALLER, FELECHOSA",ASTURIAS,750,43.09527777777778,-5.476944444444444,22,9.0,7,9,9.0,6,0,23,0
1363X,AS PONTES,A CORUÑA,343,43.44583333333333,-7.8613888888888885,23,9,7,9,9,0,0,23,0
1390X,"CARBALLO, DEPURADORA",A CORUÑA,98,43.203611111111115,-8.71111111111111,22,9.0,7,9,9.0,0,0,23,0
1521I,O PÁRAMO,LUGO,403,42.84527777777778,-7.499444444444444,22,9.0,7,9,8.5,0,0,23,0
2005Y,"VINUESA, QUINTANAREJO",SORIA,1197,41.967777777777776,-2.7827777777777776,19,9,7,9,9,1,0,23,0
2048A,MORÓN DE ALMAZÁN,SORIA,978,41.419444444444444,-2.4202777777777778,22,9.0,7,9,9.0,6,0,23,0
2298,PALACIOS DE LA SIERRA,BURGOS,1080,41.959722222222226,-3.131666666666667,23,9,7,9,9,2,0,23,0
2742R,BUSTILLO DEL PÁRAMO,LEON,850,42.46638888888889,-5.779722222222222,23,9,7,9,9,1,0,23,0
3013,MOLINA DE ARAGÓN,GUADALAJARA,1062,40.84166666666667,-1.8788888888888888,23,9,7,9,9,6,0,23,0
5103E,"CAMARATE 2, PARQUE NACIONAL SIERRA NEVADA",GRANADA,2152,37.15833333333333,-3.2569444444444446,23,9,7,9,9,0,0,23,0
8210Y,SALVACAÑETE,CUENCA,1160,40.10305555555556,-1.503611111111111,23,9,7,9,9,6,0,23,0
9287A,SAN PEDRO MANRIQUE,SORIA,1096,42.02638888888889,-2.2308333333333334,20,9.0,7,9,9.0,5,0,23,0
9657X,ESTERRI D'ÀNEU,LLEIDA,952,42.625,1.126111111111111,22,9.0,7,9,9.0,3,0,23,0
9689X,TORRE DE CABDELLA,LLEIDA,1273,42.46638888888889,0.9908333333333332,22,9.0,7,9,9.0,0,0,23,0
9726E,LLORAC,TARRAGONA,657,41.55722222222222,1.3094444444444444,17,9,7,9,9,1,0,23,0
9784P,BIELSA,HUESCA,992,42.63,0.22472222222222224,23,9,7,9,9,5,0,23,0
1302F,DEGAÑA,ASTURIAS,1310,42.95527777777778,-6.4725,13,9,7,9,9,6,0,23,0
1186P,"AMIEVA, PANIZALES",ASTURIAS,370,43.266666666666666,-5.119166666666667,19,9,6,9,9,0,0,23,0
1279X,"SALAS, CAMUÑO",ASTURIAS,240,43.425,-6.230833333333334,15,9,6,9,9,0,0,23,0
1399,VIMIANZO,A CORUÑA,287,43.0575,-9.046944444444444,23,9,6,9,9,0,0,23,0
1561I,VEGA DE ESPINAREDA,LEON,770,42.76611111111111,-6.673611111111112,23,9,6,9,8,0,0,23,0
2017Y,"LA PÓVEDA DE SORIA, BARRIOMARTÍN",SORIA,1260,41.99583333333334,-2.4941666666666666,22,9.0,6,9,9.0,1,0,23,0
2044B,LUBIA,SORIA,1100,41.60055555555556,-2.5075,21,9,6,9,8,1,0,23,0
2135A,FRESNO DE CANTESPINO,SEGOVIA,993,41.37277777777778,-3.507222222222222,23,9,6,9,9,2,0,23,0
2192C,CUÉLLAR,SEGOVIA,795,41.38361111111111,-4.265555555555555,23,9,6,9,8,3,0,23,0
2243A,AGUILAR DE CAMPOO,PALENCIA,910,42.79805555555556,-4.277222222222222,19,9,6,9,9,2,0,23,0
2626Y,CUBILLAS DE RUEDA,LEON,916,42.62,-5.193333333333333,23,9,6,9,9,1,0,23,0
2867,SALAMANCA AEROPUERTO,SALAMANCA,790,40.95944444444445,-5.498333333333333,15,9,6,9,9,4,0,23,0
3130C,SIGÜENZA,GUADALAJARA,1005,41.08638888888889,-2.618055555555556,22,9.0,6,9,9.0,2,0,23,0
8245Y,MIRA,CUENCA,815,39.714444444444446,-1.4425000000000001,23,9,6,9,9,5,0,23,0
9274X,IRURTZUN,NAVARRA,432,42.91888888888889,-1.8350000000000002,20,9.0,6,9,7.0,2,0,23,0
9998X,BELLO,TERUEL,1006,40.921388888888885,-1.4944444444444445,21,9,6,9,9,1,0,23,0
2296A,ÓLVEGA,SORIA,1039,41.775555555555556,-1.9766666666666668,12,9.0,6,9,9.0,0,0,23,0
1223P,"LENA, RONZÓN",ASTURIAS,370,43.132777777777775,-5.822777777777778,21,9,5,9,9,0,0,23,0
1272B,"TINEO, SOUTU",ASTURIAS,280,43.290277777777774,-6.386666666666667,21,9,5,9,9,0,0,23,0
1475X,SANTIAGO DE COMPOSTELA,A CORUÑA,240,42.876111111111115,-8.555833333333334,21,9,5,9,7,0,0,23,0
1518A,LUGO,LUGO,442,42.998333333333335,-7.5525,23,9,5,9,9,0,0,23,0
2172Y,SARDÓN DE DUERO,VALLADOLID,725,41.61194444444445,-4.405555555555556,23,9,5,9,8,2,0,23,0
2235U,CERVERA DE PISUERGA,PALENCIA,1140,42.870555555555555,-4.52,23,9,5,9,9,0,0,23,0
2302N,MONTERRUBIO DE LA DEMANDA,BURGOS,1197,42.146388888888886,-3.1097222222222225,23,9,5,9,9,2,0,23,0
3040Y,BETETA,CUENCA,1214,40.57166666666667,-2.0763888888888893,23,9,5,9,8,4,0,23,0
3110C,BUITRAGO DEL LOZOYA,MADRID,1030,41.00694444444444,-3.613888888888889,23,9,5,9,8,1,0,23,0
8458X,CEDRILLAS,TERUEL,1380,40.43055555555555,-0.8494444444444444,23,9,5,9,9,4,0,23,0
9001D,REINOSA,CANTABRIA,870,42.99194444444444,-4.160555555555556,23,9,5,9,9,4,0,23,0
9218A,ISABA/IZABA,NAVARRA,838,42.862500000000004,-0.9247222222222222,23,9,5,9,9,2,0,23,0
9814I,"TORLA-ORDESA, EL CEBOLLAR",HUESCA,1905,42.65611111111111,-0.12444444444444444,23,9,5,9,9,0,0,23,0
9843A,SEIRA,HUESCA,825,42.47694444444445,0.4341666666666667,23,9,5,9,9,0,0,23,0
0360X,LES PLANES D'HOSTOLES,GIRONA,337,42.05277777777778,2.551111111111111,22,9.0,4,9,9.0,0,0,23,0
0413A,MAÇANET DE CABRENYS,GIRONA,355,42.386944444444445,2.7555555555555555,13,9,4,9,7,0,0,23,0
1002Y,"BAZTAN, IRURITA",NAVARRA,183,43.13583333333333,-1.5430555555555554,23,9,4,9,9,0,0,23,0
1167J,"CORISCAO, PARQUE NACIONAL PICOS DE EUROPA",CANTABRIA,1722,43.08916666666667,-4.773888888888889,23,9,4,9,9,0,0,23,0
1174I,"CILLORIGO DE LIÉBANA, TAMA",CANTABRIA,250,43.18277777777777,-4.601666666666667,23,9,4,9,9,0,0,23,0
1199X,"PILOÑA, BARGAÉU",ASTURIAS,280,43.37777777777778,-5.396666666666667,23,9,4,9,9,0,0,23,0
1387D,A CORUÑA BENS,A CORUÑA,132,43.36333333333334,-8.441944444444445,23,9,4,9,7,0,0,23,0
1639X,CHANDREXA DE QUEIXA,OURENSE,990,42.26027777777778,-7.383611111111112,23,9,4,9,9,0,0,23,0
1658,FOLGOSO DO COUREL,LUGO,612,42.58861111111111,-7.191666666666667,23,9,4,9,9,0,0,23,0
1700X,O CARBALLIÑO,OURENSE,400,42.421388888888885,-8.092500000000001,23,9,4,9,8,0,0,23,0
1735X,XINZO DE LIMIA,OURENSE,616,42.07916666666667,-7.733611111111111,23,9,4,9,9,2,0,23,0
2092,BURGO DE OSMA,SORIA,932,41.589444444444446,-3.0869444444444447,22,9.0,4,9,8.0,0,0,23,0
2117D,ARANDA DE DUERO,BURGOS,790,41.66583333333333,-3.742777777777778,23,9,4,9,9,0,0,23,0
2444,ÁVILA,AVILA,1130,40.659166666666664,-4.679722222222223,23,9,4,9,8,1,0,23,0
2775X,VILLARDECIERVOS,ZAMORA,850,41.94138888888889,-6.279722222222222,11,9,4,9,8,1,0,23,0
2847X,PEDROSILLO DE LOS AIRES,SALAMANCA,865,40.675555555555555,-5.643333333333333,18,9.0,4,9,9.0,0,0,23,0
2863C,PEDRAZA DE ALBA,SALAMANCA,897,40.73222222222223,-5.366111111111111,23,9,4,9,9,0,0,23,0
9374X,SANTA EULALIA DEL CAMPO,TERUEL,1000,40.56666666666667,-1.3208333333333333,22,9.0,4,9,8.0,2,0,23,0
9990X,"NAUT ARAN, ARTIES",LLEIDA,1161,42.70027777777778,0.8769444444444445,23,9,4,9,9,0,0,23,0
0114X,PRATS DE LLUÇANÈS,BARCELONA,700,42.00694444444444,2.0266666666666664,18,9.0,3,9,7.0,0,0,23,0
1064L,"OROZKO, IBARRA",BIZKAIA,270,43.09638888888889,-2.8602777777777777,23,9,3,9,9,0,0,23,0
1327A,"VILLAYÓN, ONETA",ASTURIAS,410,43.46555555555556,-6.673333333333334,17,9,3,9,9,1,0,23,0
1387E,A CORUÑA AEROPUERTO,A CORUÑA,98,43.30694444444444,-8.371944444444445,19,9,3,9,8,0,0,23,0
1406X,MAZARICOS,A CORUÑA,340,42.93527777777778,-8.993611111111111,23,9,3,9,9,0,0,23,0
1428,SANTIAGO DE COMPOSTELA AEROPUERTO,A CORUÑA,370,42.88805555555555,-8.410555555555556,21,9,3,9,9,0,0,23,0
1738U,MUIÑOS,OURENSE,730,41.93416666666666,-7.988888888888889,23,9,3,9,9,1,0,23,0
2517A,FUENTE EL SOL,VALLADOLID,755,41.172777777777775,-4.939722222222223,23,9,3,9,8,0,0,23,0
2728B,"QUINTANA DEL CASTILLO, VILLAMECA",LEON,995,42.64833333333333,-6.070833333333333,23,9,3,9,9,0,0,23,0
7067Y,NERPIO,ALBACETE,1485,38.08833333333334,-2.4130555555555553,23,9,3,9,9,1,0,23,0
7195X,"CARAVACA DE LA CRUZ, LOS ROYOS",MURCIA,985,37.92611111111111,-2.058333333333333,23,9,3,9,9,0,0,23,0
9136X,"ANGUIANO, VALVANERA",LA RIOJA,1006,42.23083333333334,-2.871111111111111,22,9.0,3,9,9.0,0,0,23,0
9198X,CANFRANC - ESTACION,HUESCA,1197,42.74944444444444,-0.5161111111111111,21,9,3,9,9,0,0,23,0
9228T,RONCESVALLES/ORREAGA,NAVARRA,947,43.007777777777775,-1.3255555555555556,23,9,3,9,9,0,0,23,0
9352A,ALMAZUL,SORIA,1000,41.57472222222223,-2.140277777777778,23,9,3,9,8,0,0,23,0
9377Y,EL PEDREGAL,GUADALAJARA,1185,40.77861111111111,-1.5683333333333334,23,9,3,9,9,0,0,23,0
9390,DAROCA,ZARAGOZA,774,41.114444444444445,-1.41,23,9,3,9,8,0,0,23,0
C101A,ROQUE DE LOS MUCHACHOS,SANTA CRUZ DE TENERIFE,2223,28.75583333333333,-17.89527777777778,23,9,3,9,9,0,0,23,0
0394X,LA VALL DE BIANYA,GIRONA,350,42.21055555555556,2.4719444444444445,22,9.0,3,9,9.0,0,0,23,0
1048X,ARETXABALETA,GIPUZKOA,308,43.025,-2.4658333333333333,23,9,2,9,9,0,0,23,0
1083B,SOPUERTA,BIZKAIA,177,43.27972222222222,-3.168611111111111,21,9,2,9,9,0,0,23,0
1221D,PAJARES-VALGRANDE,ASTURIAS,1480,42.978611111111114,-5.776388888888889,23,9,2,9,9,0,0,23,0
1341B,"TARAMUNDI, OURIA",ASTURIAS,340,43.41555555555556,-7.061111111111111,16,9.0,2,9,9.0,2,0,23,0
1351,ESTACA DE BARES,A CORUÑA,90,43.78611111111111,-7.6850000000000005,23,9,2,9,3,0,0,23,0
1468X,A ESTRADA,PONTEVEDRA,269,42.69361111111111,-8.501944444444444,23,9,2,9,8,0,0,23,0
1679A,MONFORTE DE LEMOS,LUGO,291,42.531666666666666,-7.510833333333333,23,9,2,9,8,0,0,23,0
1706A,ALLARIZ,OURENSE,492,42.18277777777777,-7.796111111111111,22,9.0,2,9,8.0,0,0,23,0
2030,SORIA,SORIA,1081,41.775,-2.4830555555555556,23,9,2,9,7,0,0,23,0
2331,BURGOS AEROPUERTO,BURGOS,891,42.356944444444444,-3.620277777777778,23,9,2,9,9,0,0,23,0
2401X,PALENCIA,PALENCIA,736,42.00944444444445,-4.560555555555555,23,9,2,9,8,0,0,23,0
2978X,VERÍN,OURENSE,380,41.92666666666666,-7.421944444444445,23,9,2,9,7,0,0,23,0
6248D,"CAÑAR, PARQUE NACIONAL SIERRA NEVADA",GRANADA,1732,36.952222222222225,-3.4302777777777775,23,9,2,9,9,0,0,23,0
8309X,UTIEL,VALENCIA,758,39.57555555555556,-1.2447222222222223,23,9,2,9,8,0,0,23,0
9012E,SANTA GADEA DE ALFOZ,BURGOS,915,42.95138888888889,-3.957222222222222,23,9,2,9,9,0,0,23,0
9051,MEDINA DE POMAR,BURGOS,580,42.919999999999995,-3.4827777777777778,23,9,2,9,9,0,0,23,0
9060X,LALASTRA,ARABA/ALAVA,910,42.875277777777775,-3.231666666666667,21,9,2,9,9,0,0,23,0
9178X,CAMPEZO/KANPEZU,ARABA/ALAVA,570,42.67055555555555,-2.3461111111111115,23,9,2,9,8,0,0,23,0
9188,ENCISO,LA RIOJA,855,42.14944444444444,-2.2733333333333334,22,9.0,2,9,9.0,0,0,23,0
9228J,OROZ-BETELU/OROTZ-BETELU,NAVARRA,635,42.89611111111111,-1.3002777777777779,23,9,2,9,8,0,0,23,0
9238X,NAVASCUÉS/NABASKOZE,NAVARRA,612,42.7175,-1.1172222222222223,23,9,2,9,9,1,0,23,0
9257X,"ESTERIBAR, EMBALSE DE EUGI",NAVARRA,615,42.970555555555556,-1.5169444444444444,23,9,2,9,9,0,0,23,0
9381I,CALAMOCHA,TERUEL,884,40.92611111111111,-1.2933333333333332,23,9,2,9,8,1,0,23,0
9995Y,VALCARLOS/LUZAIDE,NAVARRA,334,43.09111111111111,-1.3008333333333333,23,9,2,9,9,0,0,23,0
9091R,VITORIA-GASTEIZ AEROPUERTO,ARABA/ALAVA,513,42.871944444444445,-2.7327777777777778,19,9,2,9,9,0,0,23,0
1025A,SEGURA,GIPUZKOA,255,43.01555555555556,-2.256666666666667,23,9,1,9,8,0,0,23,0
1025X,"BEASAIN, ARRIARAN",GIPUZKOA,255,43.05472222222222,-2.2319444444444447,23,9,1,9,9,0,0,23,0
1387,A CORUÑA,A CORUÑA,57,43.365833333333335,-8.421388888888888,23,9,1,9,4,0,0,23,0
1442U,BOIRO,A CORUÑA,10,42.64388888888889,-8.892222222222221,23,9,1,9,6,0,0,23,0
1631E,A POBRA DE TRIVES,OURENSE,840,42.339444444444446,-7.2825,23,9,1,9,9,0,0,23,0
1723X,"PONTEAREAS, CANEDO",PONTEVEDRA,90,42.18222222222222,-8.492777777777777,23,9,1,9,7,0,0,23,0
2096B,LICERAS,SORIA,1150,41.37361111111111,-3.251388888888889,23,9,1,9,8,0,0,23,0
2362C,"VELILLA DEL RÍO CARRIÓN, CAMPORREDONDO DE ALBA",PALENCIA,1575,42.89388888888889,-4.713611111111112,23,9,1,9,9,0,0,23,0
2462,PUERTO DE NAVACERRADA,MADRID,1892,40.79333333333333,-4.010833333333333,23,9,1,9,9,0,0,23,0
2536D,MORALES DEL TORO,ZAMORA,710,41.54833333333333,-5.271388888888889,23,9,1,9,7,0,0,23,0
2661,"LEÓN, VIRGEN DEL CAMINO",LEON,916,42.58833333333334,-5.651111111111112,21,9,1,9,8,0,0,23,0
2734D,ASTORGA,LEON,919,42.47666666666667,-6.0744444444444445,19,9,1,9,8,0,0,23,0
2737E,LAGUNAS DE SOMOZA,LEON,1020,42.3775,-6.196666666666667,23,9,1,9,9,0,0,23,0
2926B,BAÑOBÁREZ,SALAMANCA,748,40.85138888888889,-6.608888888888888,22,9.0,1,9,7.0,0,0,23,0
3494U,NUÑOMORAL,CACERES,470,40.408055555555556,-6.239722222222222,22,9.0,1,9,8.0,0,0,23,0
4096Y,MUNERA,ALBACETE,918,39.016666666666666,-2.488888888888889,21,9,1,9,9,0,0,23,0
6258X,LANJARÓN,GRANADA,708,36.92305555555555,-3.4925,23,9,1,9,8,0,0,23,0
8337X,TURÍS,VALENCIA,186,39.39222222222222,-0.6247222222222223,23,9,1,9,6,0,0,23,0
9001S,ALTO CAMPOO,CANTABRIA,1650,43.03666666666666,-4.374444444444444,21,9,1,9,9,0,0,23,0
9445L,"FORMIGAL, SARRIOS",HUESCA,1800,42.7625,-0.3927777777777778,23,9,1,9,9,0,0,23,0
9460X,SABIÑÁNIGO,HUESCA,775,42.51277777777778,-0.3555555555555555,21,9,1,9,8,0,0,23,0
9918Y,"TAMARITE DE LITERA, LA MELUSA",HUESCA,218,41.780833333333334,0.3769444444444444,19,9,1,9,6,0,0,23,0
9935X,VALDERROBRES,TERUEL,483,40.873333333333335,0.1463888888888889,23,9,1,9,8,0,0,23,0
B684A,"ESCORCA, SON TORRELLA",ILLES BALEARS,842,39.79277777777778,2.7877777777777775,23,9,1,9,9,0,0,23,0
C656V,TEROR,LAS PALMAS,683,28.075277777777778,-15.547222222222222,21,9,1,9,5,0,0,23,0
0061X,PONTONS,BARCELONA,632,41.41694444444444,1.5191666666666666,22,9.0,0,9,8.0,0,3,23,3
0120X,MOIÀ,BARCELONA,742,41.81333333333333,2.095277777777778,20,9.0,0,9,7.5,0,4,23,4
0260X,FOGARS DE MONTCLÚS,BARCELONA,936,41.76,2.431111111111111,23,9,0,9,6,0,5,23,5
0363X,SANT HILARI,GIRONA,810,41.880833333333335,2.513333333333333,23,9,0,9,9,0,1,23,1
0372C,PORQUERES,GIRONA,157,42.10444444444445,2.763611111111111,23,9,0,9,6,0,3,23,3
1010X,BERA,NAVARRA,54,43.27861111111111,-1.6758333333333333,18,9.0,0,9,9.0,0,1,23,1
1012P,IRUN,GIPUZKOA,120,43.32638888888889,-1.7966666666666666,23,9,0,9,5,0,3,23,3
1014A,DONOSTIA / SAN SEBASTIÁN AEROPUERTO,GIPUZKOA,4,43.356944444444444,-1.7922222222222222,21,9,0,9,5,0,4,23,4
1021X,"ERRENTERIA, AÑARBE",GIPUZKOA,165,43.21388888888889,-1.8788888888888888,22,9.0,0,9,9.0,0,1,23,1
1026X,ORDIZIA,GIPUZKOA,290,43.058055555555555,-2.1841666666666666,22,9.0,0,9,7.0,0,1,23,1
1033X,ARESO,NAVARRA,520,43.085,-1.9508333333333332,22,9.0,0,9,9.0,0,1,23,1
1037X,LEGAZPI,GIPUZKOA,460,43.05166666666666,-2.3372222222222225,23,9,0,9,9,0,1,23,1
1037Y,ZUMARRAGA,GIPUZKOA,431,43.080000000000005,-2.3175,23,9,0,9,9,0,1,23,1
1038X,AZPEITIA,GIPUZKOA,180,43.1725,-2.2672222222222222,23,9,0,9,9,0,1,23,1
1041A,ZUMAIA,GIPUZKOA,28,43.30222222222222,-2.2511111111111113,23,9,0,9,7,0,3,23,3
1044X,"ARAMAIO, ETXAGUEN",ARABA/ALAVA,617,43.05777777777777,-2.5897222222222225,23,9,0,9,9,0,2,23,2
1049N,ELGETA,GIPUZKOA,470,43.138333333333335,-2.4958333333333336,22,9.0,0,9,9.0,0,1,23,1
1050J,ELGOIBAR,GIPUZKOA,119,43.20916666666667,-2.413333333333333,23,9,0,9,9,0,1,23,1
1052A,MUTRIKU,GIPUZKOA,150,43.31722222222223,-2.397222222222222,23,9,0,9,1,0,2,23,2
1056K,FORUA,BIZKAIA,45,43.3425,-2.6711111111111108,23,9,0,9,9,0,1,23,1
1059X,PUNTA GALEA,BIZKAIA,81,43.375,-3.0216666666666665,23,9,0,9,6,0,3,23,3
1060X,AMURRIO,ARABA/ALAVA,240,43.05027777777777,-3.0055555555555555,20,9.0,0,9,8.5,0,2,23,2
1069Y,"ABADIÑO, URKIOLA",BIZKAIA,747,43.09916666666667,-2.6441666666666666,23,9,0,9,9,0,1,23,1
1074C,AMOREBIETA-ETXANO,BIZKAIA,100,43.20277777777778,-2.7061111111111114,23,9,0,9,9,0,1,23,1
1078C,BALMASEDA,BIZKAIA,210,43.18055555555555,-3.2097222222222226,16,9.0,0,9,9.0,0,1,23,1
1078I,GÜEÑES,BIZKAIA,208,43.20333333333333,-3.104722222222222,23,9,0,9,9,0,1,23,1
1082,BILBAO AEROPUERTO,BIZKAIA,42,43.29805555555556,-2.906388888888889,21,9,0,9,8,0,2,23,2
1083L,CASTRO URDIALES,CANTABRIA,45,43.39472222222222,-3.233888888888889,23,9,0,9,5,0,2,23,2
1089U,RAMALES DE LA VICTORIA,CANTABRIA,80,43.255833333333335,-3.4708333333333337,15,9,0,9,9,0,1,23,1
1096X,"BARCENA DE CICERO, TRETO",CANTABRIA,10,43.39666666666667,-3.4697222222222224,19,9,0,9,9,0,1,23,1
1103X,SAN ROQUE DE RIOMIERA,CANTABRIA,849,43.2275,-3.721111111111111,20,9.0,0,9,9.0,0,2,23,2
1109X,SANTANDER AEROPUERTO,CANTABRIA,3,43.42861111111111,-3.8313888888888887,20,9.0,0,9,8.0,0,2,23,2
1111X,SANTANDER,CANTABRIA,51,43.49111111111111,-3.8005555555555555,23,9,0,9,4,0,3,23,3
1124E,VILLACARRIEDO,CANTABRIA,196,43.245555555555555,-3.8494444444444444,18,9.0,0,9,9.0,0,1,23,1
1154H,"TORRELAVEGA, SIERRAPANDO",CANTABRIA,110,43.35861111111111,-4.0275,23,9,0,9,8,0,2,23,2
1159,SAN VICENTE DE LA BARQUERA,CANTABRIA,38,43.39333333333333,-4.392222222222222,23,9,0,9,7,0,3,23,3
1176A,TRESVISO,CANTABRIA,940,43.255833333333335,-4.668333333333334,23,9,0,9,9,0,4,23,4
1178R,"SOTRES, PARQUE NACIONAL PICOS DE EUROPA",ASTURIAS,1236,43.237500000000004,-4.736666666666666,23,9,0,9,9,0,2,23,2
1179B,CABRALES,ASTURIAS,458,43.31111111111111,-4.852777777777778,22,9.0,0,9,9.0,0,2,23,2
1183X,LLANES,ASTURIAS,10,43.42027777777778,-4.748055555555555,14,9.0,0,9,6.0,0,2,23,2
1207U,"GIJÓN, CAMPUS",ASTURIAS,26,43.52305555555555,-5.621111111111111,22,9.0,0,9,8.0,0,1,23,1
1210X,CABO PEÑAS,ASTURIAS,100,43.655833333333334,-5.8486111111111105,23,9,0,9,2,0,1,23,1
1212E,ASTURIAS AEROPUERTO,ASTURIAS,127,43.566944444444445,-6.0441666666666665,14,9.0,0,9,7.5,0,1,23,1
1234P,"MIERES, BAIÑA",ASTURIAS,170,43.275,-5.819166666666667,21,9,0,9,9,0,2,23,2
1249X,OVIEDO,ASTURIAS,334,43.35333333333333,-5.87388888888889,23,9,0,9,8,0,1,23,1
1283U,CABO BUSTO,ASTURIAS,60,43.56916666666667,-6.47,23,9,0,9,7,0,1,23,1
1297E,CERVANTES,LUGO,1020,42.76861111111111,-7.0175,22,9.0,0,9,9.0,0,3,23,3
1331A,CASTROPOL,ASTURIAS,40,43.52472222222222,-7.0313888888888885,23,9,0,9,6,0,2,23,2
1342X,RIBADEO,LUGO,43,43.54055555555556,-7.083055555555555,23,9,0,9,5,0,1,23,1
1347T,BURELA,LUGO,80,43.651111111111106,-7.357222222222222,23,9,0,9,6,0,1,23,1
1400,FISTERRA,A CORUÑA,230,42.92472222222222,-9.29138888888889,23,9,0,9,7,0,6,23,6
1435C,NOIA,A CORUÑA,128,42.80027777777777,-8.876111111111111,21,9,0,9,8,0,1,23,1
1446X,MONTERROSO,LUGO,680,42.80972222222222,-7.7683333333333335,23,9,0,9,8,0,2,23,2
1466A,SILLEDA,PONTEVEDRA,435,42.700833333333335,-8.257777777777777,22,9.0,0,9,8.5,0,1,23,1
1476R,"ROIS, CASAS DO PORTO",A CORUÑA,210,42.749722222222225,-8.714722222222221,23,9,0,9,7,0,1,23,1
1484C,PONTEVEDRA,PONTEVEDRA,113,42.43833333333333,-8.615833333333333,23,9,0,9,7,0,1,23,1
1486E,ESCUELA NAVAL DE MARÍN,PONTEVEDRA,20,42.39472222222222,-8.706666666666665,23,9,0,9,4,0,1,23,1
1489A,A LAMA,PONTEVEDRA,395,42.40694444444444,-8.45111111111111,23,9,0,9,9,0,2,23,2
1495,VIGO AEROPUERTO,PONTEVEDRA,255,42.23861111111111,-8.623888888888889,23,9,0,9,8,0,3,23,3
1496X,VIGO,PONTEVEDRA,120,42.230555555555554,-8.724166666666667,23,9,0,9,4,0,7,23,7
1521X,BECERREÁ,LUGO,1080,42.86388888888889,-7.185277777777778,23,9,0,9,9,0,2,23,2
1719,A CAÑIZA,PONTEVEDRA,560,42.21805555555556,-8.281111111111112,22,9.0,0,9,6.5,0,1,23,1
1740,"SANTILLANA DEL MAR, ALTAMIRA",CANTABRIA,150,43.37722222222222,-4.124444444444444,22,9.0,0,9,8.5,0,2,23,2
2140A,ALDEANUEVA DE SERREZUELA,SEGOVIA,1135,41.464444444444446,-3.785833333333333,23,9,0,9,3,0,5,23,5
2182C,PEDRAZA,SEGOVIA,1107,41.13388888888889,-3.790277777777778,22,9.0,0,9,6.0,0,3,23,3
2285B,VILLADIEGO,BURGOS,869,42.52388888888889,-4.001111111111111,23,9,0,9,9,0,1,23,1
2290Y,PEDROSA DEL PRÍNCIPE,BURGOS,771,42.25111111111111,-4.198888888888889,22,9.0,0,9,9.0,0,1,23,1
2311Y,VILLAMAYOR DE LOS MONTES,BURGOS,884,42.10527777777778,-3.767777777777778,21,9,0,9,7,0,1,23,1
2374X,CARRIÓN DE LOS CONDES,PALENCIA,830,42.350833333333334,-4.617222222222223,23,9,0,9,8,0,1,23,1
2453E,GOTARRENDURA,AVILA,920,40.82888888888889,-4.741944444444444,23,9,0,9,7,0,1,23,1
2471Y,SAN RAFAEL,SEGOVIA,1237,40.718611111111116,-4.211944444444445,23,9,0,9,8,0,2,23,2
2568D,"SANTERVÁS DE LA VEGA, VILLAPÚN",PALENCIA,985,42.52361111111111,-4.851111111111111,23,9,0,9,9,0,1,23,1
2593D,VILLALÓN DE CAMPOS,VALLADOLID,782,42.094166666666666,-5.041111111111111,20,9.0,0,9,7.0,0,1,23,1
2604B,MEDINA DE RIOSECO,VALLADOLID,731,41.87583333333333,-5.040277777777778,23,9,0,9,8,0,1,23,1
2611D,VILLAFÁFILA,ZAMORA,690,41.85638888888889,-5.592499999999999,21,9,0,9,9,0,1,23,1
2755X,BENAVENTE,ZAMORA,715,42.01083333333333,-5.666666666666667,23,9,0,9,7,0,1,23,1
2777K,SANTIBAÑEZ DE VIDRIALES,ZAMORA,737,42.07805555555556,-6.0072222222222225,23,9,0,9,9,0,1,23,1
2789H,POZUELO DE TABARA,ZAMORA,711,41.785555555555554,-5.908888888888889,23,9,0,9,8,0,1,23,1
2885K,FRESNO DE SAYAGO,ZAMORA,804,41.30444444444444,-6.022222222222222,18,9.0,0,9,9.0,0,1,23,1
2918Y,EL MAÍLLO,SALAMANCA,1027,40.56944444444445,-6.223611111111111,19,9,0,9,5,0,3,23,3
2966D,ALCAÑICES,ZAMORA,840,41.68333333333333,-6.301388888888889,20,9.0,0,9,7.0,0,1,23,1
3021Y,ZAOREJAS,GUADALAJARA,1250,40.75833333333333,-2.199722222222222,23,9,0,9,7,0,1,23,1
3111D,SOMOSIERRA,MADRID,1454,41.13583333333333,-3.5802777777777774,23,9,0,9,8,0,1,23,1
3266A,PUERTO ALTO DEL LEÓN,MADRID,1530,40.70638888888889,-4.14138888888889,23,9,0,9,6,0,3,23,3
5051X,HUÉSCAR,GRANADA,1100,37.86138888888889,-2.6527777777777777,23,9,0,9,8,0,1,23,1
5060X,VÉLEZ BLANCO - TOPARES,ALMERIA,1190,37.86083333333333,-2.2280555555555557,23,9,0,9,9,0,2,23,2
5103F,"CAMARATE, PARQUE NACIONAL SIERRA NEVADA",GRANADA,1534,37.191111111111105,-3.253888888888889,23,9,0,9,8,0,5,23,5
5107D,DÓLAR,GRANADA,1197,37.18,-2.986388888888889,23,9,0,9,9,0,4,23,4
6302X,ABLA,ALMERIA,832,37.153055555555554,-2.78,23,9,0,9,6,0,1,23,1
6307C,"LAÚJAR, PARQUE NACIONAL SIERRA NEVADA",ALMERIA,1713,37.05305555555555,-2.897222222222222,23,9,0,9,9,0,5,23,5
6307X,LÁUJAR DE ANDARAX,ALMERIA,1510,37.03333333333333,-2.9125,16,9.0,0,9,9.0,0,5,23,5
6335O,"NACIMIENTO, PARQUE NACIONAL SIERRA NEVADA",ALMERIA,970,37.11,-2.6991666666666667,23,9,0,9,7,0,8,23,8
7203A,"LORCA, ZARCILLA DE RAMOS",MURCIA,646,37.844722222222224,-1.8697222222222223,23,9,0,9,7,0,1,23,1
7247X,EL PINÓS/PINOSO,ALICANTE,577,38.39972222222222,-1.0380555555555557,23,9,0,9,8,0,1,23,1
7275C,YECLA,MURCIA,640,38.60166666666667,-1.159722222222222,23,9,0,9,7,0,1,23,1
8005X,FONTANARS DELS ALFORINS,VALENCIA,622,38.78,-0.7958333333333333,23,9,0,9,9,0,2,23,2
8008Y,VILLENA,ALICANTE,486,38.57694444444445,-0.8655555555555555,23,9,0,9,8,0,1,23,1
8177A,CHINCHILLA,ALBACETE,880,38.9375,-1.6588888888888889,23,9,0,9,4,0,6,23,6
8198Y,ALMANSA,ALBACETE,710,38.85055555555556,-1.0630555555555556,23,9,0,9,8,0,1,23,1
8203O,ZARRA,VALENCIA,856,39.08305555555556,-1.1011111111111112,23,9,0,9,4,0,6,23,6
8354X,ALBARRACÍN,TERUEL,1130,40.41972222222222,-1.4413888888888888,22,9.0,0,9,8.5,0,1,23,1
8376,JABALOYAS,TERUEL,1430,40.236111111111114,-1.4116666666666666,22,9.0,0,9,8.5,0,4,23,4
8439X,SEGORBE,CASTELLON,400,39.79555555555555,-0.4852777777777778,23,9,0,9,8,0,1,23,1
8472A,MONTANEJOS,CASTELLON,601,40.08777777777778,-0.5469444444444445,23,9,0,9,5,0,3,23,3
8489X,VILLAFRANCA DEL CID/VILAFRANCA,CASTELLON,1130,40.43333333333333,-0.25555555555555554,23,9,0,9,9,0,2,23,2
8492X,ATZENETA DEL MAESTRAT,CASTELLON,420,40.227222222222224,-0.16972222222222222,23,9,0,9,7,0,1,23,1
8520X,LA POBLA DE BENIFASSÀ-FREDES,CASTELLON,1165,40.69361111111111,0.16527777777777777,23,9,0,9,8,0,5,23,5
9031C,BRIVIESCA,BURGOS,730,42.559444444444445,-3.3088888888888888,23,9,0,9,9,0,1,23,1
9069C,MIRANDA DE EBRO,BURGOS,460,42.68722222222222,-2.9605555555555556,22,9.0,0,9,8.0,0,1,23,1
9073X,"AGURAIN/SALVATIERRA, OPAKUA",ARABA/ALAVA,660,42.82972222222222,-2.3597222222222225,23,9,0,9,9,0,1,23,1
9111,BELORADO,BURGOS,820,42.42111111111111,-3.1702777777777778,23,9,0,9,9,0,1,23,1
9115X,VALDEZCARAY,LA RIOJA,1630,42.255,-2.968055555555556,23,9,0,9,9,0,2,23,2
9122I,LABASTIDA,ARABA/ALAVA,612,42.60388888888889,-2.7766666666666664,21,9,0,9,8,0,1,23,1
9141V,NÁJERA,LA RIOJA,500,42.41416666666667,-2.7266666666666666,17,9,0,9,6,0,1,23,1
9145X,LEZA,ARABA/ALAVA,575,42.56722222222223,-2.6327777777777777,21,9,0,9,7,0,1,23,1
9170,"LOGROÑO, AEROPUERTO",LA RIOJA,353,42.452222222222225,-2.331111111111111,19,9,0,9,8,0,1,23,1
9201X,JACA,HUESCA,832,42.57972222222222,-0.545,23,9,0,9,8,0,1,23,1
9208E,ARAGÜÉS DEL PUERTO,HUESCA,1025,42.70861111111111,-0.6727777777777777,23,9,0,9,7,0,4,23,4
9244X,SOS DEL REY CATÓLICO,ZARAGOZA,626,42.490833333333335,-1.2133333333333334,23,9,0,9,8,0,1,23,1
9262P,MONREAL/ELO,NAVARRA,585,42.70111111111111,-1.4955555555555555,23,9,0,9,8,0,1,23,1
9263X,"ARANGUREN, ILUNDAIN",NAVARRA,572,42.77611111111111,-1.5325,23,9,0,9,8,0,1,23,1
9344C,ARCOS DE JALÓN,SORIA,863,41.21638888888889,-2.2930555555555556,22,9.0,0,9,8.0,0,2,23,2
9436X,FONFRÍA,TERUEL,1255,40.99527777777778,-1.0875,21,9,0,9,9,0,1,23,1
9451F,"PANTICOSA, PETROSOS",HUESCA,1850,42.70444444444445,-0.2752777777777778,23,9,0,9,9,0,1,23,1
9513X,MUNIESA,TERUEL,800,41.03111111111111,-0.8055555555555556,23,9,0,9,7,0,4,23,4
9531Y,MONTALBÁN,TERUEL,895,40.828611111111115,-0.7927777777777778,22,9.0,0,9,8.0,0,1,23,1
9563X,CASTELLFORT,CASTELLON,1220,40.49861111111111,-0.18666666666666665,23,9,0,9,6,0,5,23,5
9647X,TORÀ,LLEIDA,435,41.80583333333333,1.3955555555555554,22,9.0,0,9,7.5,0,1,23,1
9650X,ARTESA DE SEGRE,LLEIDA,400,41.88138888888889,1.1086111111111112,23,9,0,9,6,0,2,23,2
9756X,BENABARRE,HUESCA,765,42.112500000000004,0.48,23,9,0,9,7,0,3,23,3
9812M,"PARADOR DE ORDESA, PARQUE NACIONAL ORDESA Y MONTEPERDIDO",HUESCA,1206,42.655277777777776,-0.09916666666666667,23,9,0,9,9,0,1,23,1
9866C,BARBASTRO,HUESCA,305,42.021388888888886,0.14055555555555554,22,9.0,0,9,8.0,0,1,23,1
B013X,"ESCORCA, LLUC",ILLES BALEARS,490,39.82333333333334,2.8858333333333333,23,9,0,9,8,0,1,23,1
B236C,"PALMA, UNIVERSITAT",BALEARES,95,39.64222222222222,2.6438888888888887,19,9,0,9,5,0,1,23,1
C117A,PUNTAGORDA,STA. CRUZ DE TENERIFE,684,28.760555555555555,-17.985555555555557,16,9.0,0,9,2.0,0,2,23,2
C317B,AGULO,STA. CRUZ DE TENERIFE,765,28.17888888888889,-17.213055555555556,23,9,0,9,5,0,3,23,3
C406G,"LA OROTAVA, CAÑADAS TEIDE",SANTA CRUZ DE TENERIFE,2150,28.224166666666665,-16.62611111111111,23,9,0,9,9,0,1,23,1
C446G,"SAN CRISTÓBAL DE LA LAGUNA,LLANO DE LOS LOROS",STA. CRUZ DE TENERIFE,868,28.52638888888889,-16.280277777777776,21,9,0,9,9,0,4,23,4
C447A,TENERIFE NORTE AEROPUERTO,SANTA CRUZ DE TENERIFE,632,28.4775,-16.329444444444444,22,9.0,0,9,0.0,0,4,23,4
C457I,LA VICTORIA DE ACENTEJO,SANTA CRUZ DE TENERIFE,567,28.434444444444445,-16.454444444444444,21,9,0,9,6,0,2,23,2
C928I,VALVERDE,STA. CRUZ DE TENERIFE,670,27.810833333333335,-17.919444444444444,23,9,0,9,2,0,2,23,2
3516X,PIORNAL,CACERES,1260,40.12083333333334,-5.8325,23,9,0,9,2,0,2,23,2
9495Y,LECIÑENA,ZARAGOZA,405,41.79666666666667,-0.6172222222222222,14,9.0,0,9,7.5,0,1,23,1
1057B,MATXITXAKO,BIZKAIA,93,43.45388888888889,-2.7527777777777778,20,9.0,0,9,0.5,0,4,23,4
2276B,VILLAELES DE VALDAVIA,PALENCIA,908,42.56888888888889,-4.575,13,9,0,9,8,0,1,23,1
9263D,"PAMPLONA, AEROPUERTO",NAVARRA,459,42.776944444444446,-1.65,19,9,0,9,7,0,1,23,1
9562X,MORELLA,CASTELLON,990,40.62166666666667,-0.10194444444444445,15,9,0,9,4,0,4,23,4
9855E,"CAPELLA, LAGUARRES",HUESCA,600,42.20138888888889,0.46611111111111114,21,9,0,9,7,0,1,23,1
C468X,SAN JUAN DE LA RAMBLA,SANTA CRUZ DE TENERIFE,667,28.373055555555556,-16.625833333333333,17,9,0,9,6,0,2,23,2
8486X,MOSQUERUELA,TERUEL,1515,40.362500000000004,-0.45444444444444443,16,9.0,0,9,9.0,0,1,23,1
B362X,"CAMPOS, CAN SION",ILLES BALEARS,40,39.405833333333334,3.0641666666666665,15,9,0,9,8,0,1,23,1
1309C,"IBIAS, SAN ANTOLIN",ASTURIAS,780,43.027499999999996,-6.885,17,9,0,9,9,0,1,23,1
2166Y,PEÑAFIEL,VALLADOLID,756,41.59305555555556,-4.124722222222222,22,8.5,4,9,8.0,0,0,13,0
2664B,VALENCIA DE DON JUAN,LEON,788,42.295833333333334,-5.504722222222222,20,8.5,4,9,7.5,0,0,13,0
2400E,AUTILLA DEL PINO,PALENCIA,874,41.995555555555555,-4.602777777777778,22,8.5,0,9,8.0,0,1,23,1
8283X,ONTINYENT,VALENCIA,350,38.82944444444445,-0.6077777777777778,22,8.5,0,9,5.5,0,5,23,5
8395X,CHELVA,VALENCIA,515,39.75333333333333,-0.9936111111111111,18,8.5,0,9,7.0,0,1,23,1
9207,"VALLE DE HECHO, HECHO",HUESCA,860,42.74055555555556,-0.7505555555555555,22,8.5,0,9,7.5,0,1,23,1
9336D,CASTEJON DE VALDEJASA,ZARAGOZA,543,41.98416666666667,-0.9958333333333332,18,8.5,0,9,6.0,0,2,23,2
C925F,"SAN ANDRÉS, VALVERDE",STA. CRUZ DE TENERIFE,1070,27.76888888888889,-17.960277777777776,22,8.5,0,9,8.0,0,4,23,4
8381X,ADEMUZ,VALENCIA,705,40.06055555555555,-1.283611111111111,21,8,5,9,7,3,0,3,0
8368U,TERUEL,TERUEL,902,40.350833333333334,-1.1241666666666668,23,8,4,9,7,1,0,4,0
0066X,VILAFRANCA DEL PENEDÈS,BARCELONA,177,41.33027777777778,1.6769444444444443,13,8,3,9,6,0,0,1,0
0106X,BALSARENY,BARCELONA,361,41.86638888888889,1.8725,20,8.0,3,9,6.0,0,0,2,0
7119B,CARAVACA DE LA CRUZ,MURCIA,643,38.10305555555556,-1.8772222222222223,23,8,3,9,7,0,0,4,0
9638D,COLL DE NARGÓ,LLEIDA,609,42.154444444444444,1.3119444444444446,21,8,3,9,7,0,0,4,0
0411X,CASTELLÓ D'EMPÚRIES,GIRONA,2,42.224722222222226,3.093055555555556,17,8,2,9,4,0,0,23,0
2456B,AREVALO,AVILA,820,41.07138888888889,-4.73,21,8,2,9,7,0,0,2,0
2916A,VITIGUDINO,SALAMANCA,769,41.01138888888889,-6.437777777777778,19,8,2,9,5,0,0,2,0
7138B,JUMILLA,MURCIA,485,38.45888888888889,-1.3352777777777778,23,8,2,9,7,0,0,6,0
9751,SOPEIRA,HUESCA,760,42.31861111111112,0.7469444444444444,22,8.0,2,9,6.0,0,0,4,0
2059B,LA RIBA DE ESCALOTE,SORIA,1042,41.349722222222226,-2.783333333333333,23,8,1,9,8,0,0,2,0
3427Y,OROPESA,TOLEDO,345,39.99333333333333,-5.114444444444444,23,8,1,9,5,0,0,2,0
9354X,ALHAMA DE ARAGON,ZARAGOZA,703,41.293055555555554,-1.8952777777777778,20,8.0,1,9,7.0,0,0,4,0
0034X,VALLS,TARRAGONA,233,41.293055555555554,1.2608333333333333,22,8.0,0,9,3.5,0,2,3,2
0194D,"CORBERA, PUIG D'AGULLES",BARCELONA,647,41.408055555555556,1.885,18,8.0,0,9,0.0,0,6,23,6
0367,GIRONA AEROPUERTO,GIRONA,143,41.91138888888889,2.7630555555555554,21,8,0,9,6,0,1,6,1
1208H,"GIJÓN, PUERTO",ASTURIAS,5,43.55972222222222,-5.700833333333334,23,8,0,9,3,0,3,4,3
1473A,PADRÓN,A CORUÑA,100,42.73833333333334,-8.627222222222223,23,8,0,9,6,0,1,12,1
1477V,VILAGARCÍA DE AROUSA,PONTEVEDRA,32,42.584722222222226,-8.774722222222223,23,8,0,9,5,0,1,13,1
1730E,O ROSAL,PONTEVEDRA,55,41.943888888888885,-8.8475,23,8,0,9,5,0,1,23,1
2106B,CORUÑA DEL CONDE,BURGOS,955,41.74583333333334,-3.3819444444444446,23,8,0,9,7,0,2,2,2
2430Y,MUÑOTELLO,AVILA,1178,40.54333333333333,-5.0441666666666665,23,8,0,9,6,0,2,23,2
2482B,MIGUELAÑEZ,SEGOVIA,870,41.12638888888889,-4.375833333333333,23,8,0,9,6,0,2,4,2
2507Y,RUEDA,VALLADOLID,724,41.419444444444444,-4.963611111111112,23,8,0,9,5,0,1,3,1
2555B,FUENTESAUCO,ZAMORA,811,41.236666666666665,-5.481388888888889,22,8.0,0,9,7.0,0,1,5,1
2914C,BOADILLA FUENTE SAN ESTEBAN,SALAMANCA,785,40.78611111111111,-6.202777777777778,22,8.0,0,9,7.0,0,1,2,1
2945A,EL BODÓN BASE AÉREA,SALAMANCA,805,40.485,-6.576944444444444,22,8.0,0,9,7.0,0,1,1,1
2946X,SAELICES EL CHICO,SALAMANCA,680,40.635,-6.6,23,8,0,9,6,0,1,2,1
2969U,A GUDIÑA,OURENSE,910,42.02722222222222,-7.183055555555556,23,8,0,9,6,0,2,23,2
3103,PANTANO EL VADO,GUADALAJARA,910,41.00361111111111,-3.301944444444444,23,8,0,9,6,0,1,2,1
3140Y,MANDAYONA,GUADALAJARA,990,40.985,-2.76,23,8,0,9,6,0,2,5,2
3170Y,ALCALA DE HENARES,MADRID,605,40.52833333333333,-3.289722222222222,23,8,0,9,6,0,2,4,2
3194Y,POZUELO DE ALARCÓN,MADRID,665,40.44833333333333,-3.813333333333333,23,8,0,9,6,0,1,5,1
3209Y,BRIHUEGA,GUADALAJARA,835,40.765277777777776,-2.8741666666666665,23,8,0,9,6,0,2,4,2
4070Y,ABIA DE OBISPALIA,CUENCA,1020,40.01888888888889,-2.395277777777778,23,8,0,9,6,0,3,23,3
5047E,BAZA,GRANADA,785,37.505833333333335,-2.735,17,8,0,9,6,0,1,4,1
6281X,VÁLOR,GRANADA,1020,37.00527777777778,-3.071388888888889,21,8,0,9,2,0,9,23,9
7072Y,YESTE,ALBACETE,960,38.294999999999995,-2.2938888888888886,23,8,0,9,7,0,4,23,4
7080X,MORATALLA,MURCIA,955,38.26833333333333,-1.986388888888889,23,8,0,9,7,0,4,23,4
8059C,ALCOI/ALCOY,ALICANTE,530,38.71083333333333,-0.46,19,8,0,9,6,0,4,7,4
8072Y,BARX,VALENCIA,340,39.01694444444444,-0.3047222222222222,21,8,0,9,4,0,4,23,4
8155Y,MOTILLA DEL PALANCAR,CUENCA,830,39.555277777777775,-1.9152777777777776,23,8,0,9,6,0,2,6,2
8270X,BICORP,VALENCIA,305,39.13361111111111,-0.79,23,8,0,9,5,0,2,7,2
8300X,CARCAIXENT,VALENCIA,25,39.11333333333334,-0.44583333333333336,23,8,0,9,3,0,4,23,4
8409X,LLÍRIA,VALENCIA,198,39.663888888888884,-0.653888888888889,20,8.0,0,9,1.5,0,5,23,5
9121X,HARO,LA RIOJA,465,42.57527777777778,-2.854722222222222,23,8,0,9,6,0,1,15,1
9171K,LOS ARCOS,NAVARRA,470,42.57027777777778,-2.1838888888888888,21,8,0,9,6,0,2,23,2
9211F,"BAILO, PUYALTO",HUESCA,722,42.51416666666667,-0.8172222222222222,23,8,0,9,6,0,2,23,2
9245X,CÁSEDA,NAVARRA,440,42.521388888888886,-1.3663888888888889,20,8.0,0,9,5.5,0,2,3,2
9252X,OLITE/ERRIBERRI,NAVARRA,390,42.48916666666667,-1.6555555555555554,13,8,0,9,6,0,1,14,1
9280B,LARRAGA,NAVARRA,375,42.54944444444444,-1.8575000000000002,22,8.0,0,9,6.0,0,2,13,2
9299X,TARAZONA,ZARAGOZA,475,41.915,-1.7233333333333334,20,8.0,0,9,4.0,0,1,7,1
9301X,MONTEAGUDO,NAVARRA,410,41.95888888888889,-1.6905555555555556,22,8.0,0,9,6.0,0,1,5,1
9427X,LA ALMUNIA DE DOÑA GODINA,ZARAGOZA,370,41.48111111111111,-1.3808333333333334,23,8,0,9,5,0,1,23,1
9501X,VALMADRID,ZARAGOZA,535,41.44305555555555,-0.8858333333333333,23,8,0,9,6,0,4,23,4
9573X,ALCAÑIZ,TERUEL,334,41.058055555555555,-0.14166666666666666,23,8,0,9,6,0,3,14,3
B908X,SANT JOAN DE LABRITJA,ILLES BALEARS,110,39.05611111111111,1.4925000000000002,23,8,0,9,7,0,5,23,5
C611E,VEGA DE SAN MATEO,LAS PALMAS,1702,27.976666666666667,-15.58388888888889,23,8,0,9,1,0,5,23,5
0009X,ALFORJA,TARRAGONA,406,41.21388888888889,0.9633333333333333,20,8.0,0,9,3.5,0,1,23,1
4093Y,OSA DE LA VEGA,CUENCA,763,39.65611111111111,-2.76,22,7.5,0,9,6.0,0,2,15,2
9394X,CALATAYUD,ZARAGOZA,582,41.33111111111111,-1.6452777777777778,18,7.0,2,9,6.0,0,0,2,0
9707,LLIMIANA,LLEIDA,515,42.066944444444445,0.9072222222222223,20,7.0,2,9,5.5,0,0,5,0
2503B,"OLMEDO, DEPÓSITO DE AGUA",VALLADOLID,786,41.28,-4.691944444444444,22,7.0,1,9,6.0,0,0,3,0
3531X,TORRECILLA DE LOS ANGELES,CACERES,459,40.255,-6.411666666666667,20,7.0,1,9,3.0,0,0,5,0
0092X,BERGA,BARCELONA,682,42.10138888888889,1.8575000000000002,18,7.0,0,9,3.0,0,4,5,4
0149X,MANRESA,BARCELONA,291,41.72,1.840277777777778,23,7,0,9,4,0,2,4,2
0222X,CALDES DE MONTBUI,BARCELONA,175,41.61277777777778,2.168333333333333,21,7,0,9,3,0,2,5,2
1549,PONFERRADA,LEON,532,42.56388888888888,-6.6,23,7,0,9,6,0,1,2,1
1701X,RIBADAVIA,OURENSE,112,42.3,-8.129166666666666,23,7,0,9,6,0,1,1,1
2422,VALLADOLID,VALLADOLID,734,41.64055555555556,-4.754166666666666,23,7,0,9,5,0,1,4,1
2465,SEGOVIA,SEGOVIA,1008,40.945277777777775,-4.126388888888888,23,7,0,9,6,0,3,2,3
2512Y,RIVILLA DE BARAJAS,AVILA,925,40.882222222222225,-5.018611111111111,23,7,0,9,6,0,2,5,2
2614,ZAMORA,ZAMORA,656,41.51555555555556,-5.735277777777778,23,7,0,9,5,0,1,3,1
3085Y,PASTRANA,GUADALAJARA,920,40.407777777777774,-2.9530555555555558,23,7,0,9,4,0,2,5,2
3229Y,TIELMES,MADRID,594,40.24722222222222,-3.3116666666666665,23,7,0,9,4,0,2,3,2
3504X,HERVÁS,CACERES,724,40.265,-5.861111111111111,23,7,0,9,0,0,5,14,5
4007Y,OSSA DE MONTIEL,ALBACETE,905,38.965833333333336,-2.745,23,7,0,9,5,0,3,6,3
4067,MADRIDEJOS,TOLEDO,690,39.49194444444444,-3.5283333333333333,22,7.0,0,9,5.0,0,3,2,3
4075Y,VILLARES DEL SAZ,CUENCA,870,39.84027777777778,-2.5033333333333334,23,7,0,9,3,0,5,6,5
4089A,ALBERCA DE ZANCARA,CUENCA,858,39.51694444444444,-2.4958333333333336,23,7,0,9,5,0,2,23,2
4091Y,VILLARROBLEDO,ALBACETE,718,39.261944444444445,-2.5925000000000002,22,7.0,0,9,4.5,0,3,4,3
4520X,FREGENAL DE LA SIERRA,BADAJOZ,586,38.17833333333333,-6.661666666666667,22,7.0,0,9,5.0,0,1,4,1
5459X,ESPIEL,CORDOBA,465,38.111111111111114,-4.9286111111111115,22,7.0,0,9,4.0,0,2,1,2
7066Y,"YESTE, EMBALSE FUENSANTA",ALBACETE,680,38.39333333333333,-2.218888888888889,23,7,0,9,4,0,2,5,2
7096B,HELLÍN,ALBACETE,605,38.54194444444444,-1.7030555555555555,23,7,0,9,4,0,6,3,6
7103Y,TOBARRA,ALBACETE,615,38.588055555555556,-1.6894444444444445,23,7,0,9,3,0,4,2,4
7127X,BULLAS,MURCIA,690,38.049166666666665,-1.6952777777777779,23,7,0,9,3,0,5,5,5
7227X,ALHAMA DE MURCIA,MURCIA,157,37.861666666666665,-1.3347222222222221,23,7,0,9,1,0,5,1,5
8096,CUENCA,CUENCA,949,40.06722222222223,-2.1319444444444446,23,7,0,9,4,0,3,5,3
8175,ALBACETE BASE AÉREA,ALBACETE,702,38.95416666666667,-1.856388888888889,23,7,0,9,4,0,2,5,2
8193E,JALANCE,VALENCIA,372,39.208333333333336,-1.0944444444444443,22,7.0,0,9,5.5,0,1,4,1
9145Y,CENICERO,LA RIOJA,429,42.48277777777778,-2.6394444444444445,21,7,0,9,5,0,1,3,1
9294E,"BARDENAS REALES, BASE AÉREA",NAVARRA,295,42.198611111111106,-1.475277777777778,23,7,0,9,4,0,2,4,2
9491X,ALMUDÉVAR,HUESCA,390,42.029444444444444,-0.5858333333333333,21,7,0,9,4,0,1,6,1
9698U,TALARN,LLEIDA,807,42.20472222222222,0.8647222222222222,23,7,0,9,4,0,3,7,3
9718X,TORDERA - GRANYANELLA,LLEIDA,463,41.68111111111111,1.2230555555555558,21,7,0,9,1,0,7,3,7
9724X,OS DE BALAGUER,LLEIDA,520,41.873333333333335,0.7561111111111111,12,7.0,0,9,2.0,0,4,23,4
9729X,MOLLERUSSA,LLEIDA,252,41.61694444444444,0.8666666666666667,20,7.0,0,9,5.0,0,2,4,2
9894Y,SARIÑENA,HUESCA,300,41.799166666666665,-0.16083333333333333,21,7,0,9,5,0,2,5,2
9946X,HORTA DE SANT JOAN,TARRAGONA,495,40.95305555555556,0.31166666666666665,22,7.0,0,9,4.5,0,4,5,4
B605X,"MURO, S'ALBUFERA",BALEARES,2,39.79666666666667,3.104722222222222,23,7,0,9,2,0,5,7,5
2891A,VILLARINO DE LOS AIRES,SALAMANCA,690,41.26277777777778,-6.4622222222222225,22,6.5,0,9,4.0,0,1,4,1
4051Y,ALCÁZAR DEL REY,CUENCA,875,40.06111111111111,-2.8069444444444445,22,6.5,0,9,3.5,0,3,6,3
5514Z,GRANADA BASE AÉREA,GRANADA,695,37.13611111111111,-3.6333333333333333,22,6.5,0,9,3.5,0,1,5,1
9808X,"AÍNSA-SOBRARBE, LA SERRETA",HUESCA,610,42.42166666666667,0.13805555555555554,20,6.5,0,9,4.0,0,3,5,3
B925,SANT ANTONI DE PORTMANY,BALEARES,32,38.963055555555556,1.321388888888889,22,6.5,0,9,2.0,0,8,13,8
1583X,O BARCO DE VALDEORRAS,OURENSE,315,42.41555555555556,-6.993055555555555,23,6,0,9,4,0,2,3,2
1690A,OURENSE,OURENSE,146,42.32527777777778,-7.859722222222222,23,6,0,9,5,0,1,2,1
2804F,VILLADEPERA,ZAMORA,790,41.53388888888889,-6.141944444444444,23,6,0,9,4,0,1,4,1
3100B,ARANJUEZ,MADRID,540,40.06722222222223,-3.546111111111111,23,6,0,9,3,0,4,3,4
3126Y,"MADRID, EL GOLOSO",MADRID,740,40.561388888888885,-3.7119444444444447,23,6,0,9,2,0,3,4,3
3245Y,TEMBLEQUE,TOLEDO,635,39.69611111111111,-3.5058333333333334,23,6,0,9,3,0,1,4,1
3365A,TALAVERA DE LA REINA,TOLEDO,372,39.95861111111111,-4.863611111111111,23,6,0,9,2,0,1,3,1
3434X,NAVALMORAL DE LA MATA,CACERES,269,39.94583333333333,-5.5825,23,6,0,9,4,0,2,2,2
4090Y,SAN CLEMENTE,CUENCA,728,39.416666666666664,-2.4205555555555556,23,6,0,9,5,0,2,6,2
4138Y,VILLANUEVA DE LOS INFANTES,CIUDAD REAL,900,38.737500000000004,-3.0044444444444443,23,6,0,9,4,0,5,5,5
4195E,"ALCORNOQUERA, PARQUE NACIONAL CABAÑEROS",CIUDAD REAL,651,39.32083333333334,-4.3950000000000005,23,6,0,9,4,0,3,2,3
4464X,ALBURQUERQUE,BADAJOZ,283,39.18194444444444,-6.995277777777778,21,6,0,9,4,0,1,2,1
4492F,BARCARROTA,BADAJOZ,377,38.47277777777778,-6.923333333333334,23,6,0,9,3,0,2,3,2
4527X,AROCHE,HUELVA,267,37.98027777777778,-6.975833333333333,23,6,0,8,5,0,3,2,3
5515D,VÍZNAR,GRANADA,1258,37.23694444444445,-3.5505555555555555,23,6,0,9,2,0,8,5,8
5654X,LA PUEBLA DE LOS INFANTES,SEVILLA,200,37.78666666666666,-5.3711111111111105,23,6,0,9,5,0,1,2,1
5704B,CAZALLA DE LA SIERRA,SEVILLA,550,37.92638888888889,-5.769722222222222,23,6,0,9,4,0,2,4,2
5911A,GRAZALEMA,CADIZ,913,36.760555555555555,-5.3741666666666665,23,6,0,9,0,0,11,23,11
5911X,GRAZALEMA,CADIZ,935,36.76027777777778,-5.375,23,6,0,9,0,0,9,23,9
6312E,"RÁGOL, PARQUE NACIONAL SIERRA NEVADA",ALMERIA,601,37.020833333333336,-2.677222222222222,23,6,0,9,0,0,9,2,9
6364X,ALBOX,ALMERIA,508,37.406666666666666,-2.151388888888889,16,6.0,0,8,1.0,0,6,1,6
6367X,HUERCAL OVERA,ALMERIA,326,37.42361111111111,-1.912222222222222,23,6,0,9,2,0,4,3,4
7209,LORCA,MURCIA,312,37.656388888888884,-1.6872222222222222,23,6,0,9,0,0,7,2,7
7250C,ABANILLA,MURCIA,174,38.19444444444444,-1.033888888888889,23,6,0,9,2,0,4,2,4
8178D,ALBACETE,ALBACETE,674,39.00555555555555,-1.8622222222222222,23,6,0,9,4,0,4,4,4
8293X,XÀTIVA,VALENCIA,88,39.001666666666665,-0.5230555555555556,23,6,0,9,1,0,6,2,6
9293X,"ALFARO, LA PLANA",LA RIOJA,371,42.17611111111111,-1.743888888888889,22,6.0,0,9,4.0,0,2,4,2
9510X,QUINTO,ZARAGOZA,205,41.42916666666667,-0.5038888888888889,23,6,0,9,5,0,5,5,5
9561X,CASTELLOTE,TERUEL,755,40.79833333333333,-0.31527777777777777,20,6.0,0,9,3.5,0,6,3,6
9771C,LLEIDA,LLEIDA,186,41.626111111111115,0.5980555555555556,23,6,0,9,2,0,8,2,8
9898,"HUESCA, AEROPUERTO",HUESCA,546,42.08444444444444,-0.32555555555555554,23,6,0,9,2,0,6,6,6
B662X,BINISSALEM,BALEARES,105,39.67805555555555,2.8738888888888887,23,6,0,9,2,0,5,15,5
B691Y,SA POBLA,BALEARES,32,39.74916666666667,3.0166666666666666,23,6,0,9,0,0,7,7,7
2565,CORESES,ZAMORA,702,41.555277777777775,-5.630555555555556,16,6.0,0,9,5.0,0,1,2,1
5406X,ALCALÁ LA REAL,JAEN,908,37.4975,-3.9080555555555554,14,6.0,0,9,3.0,0,3,3,3
9550C,"ANDORRA, HORCALLANA",TERUEL,762,40.974444444444444,-0.4077777777777778,19,6,0,9,2,0,6,2,6
C117Z,TIJARAFE,STA. CRUZ DE TENERIFE,733,28.674722222222222,-17.936666666666667,20,6.0,0,9,0.0,0,5,23,5
4395X,VILLAFRANCA DE LOS BARROS,BADAJOZ,430,38.55166666666666,-6.306666666666667,16,5.5,0,9,4.0,0,2,5,2
9772X,LA POBLA DE CÉRVOLES,LLEIDA,673,41.36611111111111,0.9136111111111112,22,5.5,0,9,2.5,0,5,23,5
9911X,BALLOBAR,HUESCA,178,41.61944444444445,0.18777777777777777,22,5.5,0,9,3.5,0,4,2,4
0284X,CASTELL D'ARO,GIRONA,14,41.80777777777777,3.0308333333333333,21,5,0,9,1,0,4,7,4
2882D,PEÑAUSENDE,ZAMORA,1003,41.23888888888889,-5.8975,23,5,0,9,4,0,3,4,3
3099Y,OCAÑA,TOLEDO,733,39.93527777777778,-3.4961111111111114,23,5,0,9,2,0,5,2,5
3129,MADRID AEROPUERTO,MADRID,609,40.46666666666667,-3.5555555555555554,22,5.0,0,9,3.5,0,1,3,1
3168D,GUADALAJARA,GUADALAJARA,727,40.63027777777778,-3.1502777777777777,23,5,0,9,1,0,4,4,4
3182Y,ARGANDA DEL REY,MADRID,533,40.31166666666666,-3.497777777777778,13,5,0,9,2,0,1,5,1
3194U,"MADRID, CIUDAD UNIVERSITARIA",MADRID,664,40.45166666666667,-3.7241666666666666,23,5,0,9,3,0,3,4,3
4061X,QUINTANAR DE LA ORDEN,TOLEDO,691,39.59722222222222,-3.0483333333333333,23,5,0,9,0,0,6,1,6
4103X,TOMELLOSO,CIUDAD REAL,662,39.16916666666666,-3.0075,23,5,0,9,5,0,5,4,5
4116I,ALMAGRO/FAMET,CIUDAD REAL,626,38.950833333333335,-3.7419444444444445,23,5,0,8,2,0,5,2,5
4121,CIUDAD REAL,CIUDAD REAL,626,38.98916666666667,-3.9202777777777778,23,5,0,7,2,0,8,2,8
4554X,CARTAYA,HUELVA,15,37.218333333333334,-7.083611111111111,22,5.0,0,8,0.0,0,6,2,6
5181D,ARROYO DEL OJANCO,JAEN,580,38.31472222222222,-2.8897222222222223,23,5,0,9,1,0,6,3,6
5858X,ALMONTE,HUELVA,5,36.98861111111111,-6.4430555555555555,21,5,0,9,2,0,3,3,3
7121A,CALASPARRA,MURCIA,350,38.23416666666667,-1.702222222222222,23,5,0,9,2,0,5,3,5
7145X,CIEZA,MURCIA,230,38.26,-1.435,23,5,0,9,2,0,5,2,5
7237E,MOLINA DE SEGURA,MURCIA,170,38.138888888888886,-1.158611111111111,22,5.0,0,8,0.0,0,4,2,4
8325X,POLINYÀ DE XÚQUER,VALENCIA,11,39.18388888888889,-0.3713888888888889,21,5,0,9,0,0,6,23,6
8446Y,SAGUNT/SAGUNTO,VALENCIA,24,39.700833333333335,-0.2588888888888889,21,5,0,9,0,0,8,3,8
9302Y,TUDELA,NAVARRA,297,42.05555555555555,-1.6094444444444445,20,5.0,0,9,3.0,0,4,4,4
9775X,EL SOLERÀS,LLEIDA,392,41.41361111111111,0.6783333333333333,23,5,0,9,4,0,4,5,4
9908X,LANAJA,HUESCA,380,41.77388888888889,-0.33305555555555555,23,5,0,9,2,0,5,4,5
9975X,RASQUERA,TARRAGONA,112,41.005,0.6136111111111111,23,5,0,9,4,0,8,3,8
B158X,"CALVIÀ, ES CAPDELLÀ",BALEARES,50,39.55138888888889,2.466388888888889,23,5,0,9,0,0,6,6,6
B278,"PALMA DE MALLORCA, AEROPUERTO",BALEARES,5,39.56083333333333,2.736666666666667,20,5.0,0,9,1.0,0,7,1,7
B373X,"CAMPOS, SALINES LLEVANT",BALEARES,3,39.35111111111111,3.0119444444444445,23,5,0,9,0,0,6,2,6
B496X,SON SERVERA,BALEARES,25,39.63027777777778,3.383611111111111,23,5,0,9,0,0,10,23,10
B526X,ARTÀ,BALEARES,110,39.68861111111111,3.3511111111111114,23,5,0,9,0,0,8,23,8
B957,EIVISSA,BALEARES,3,38.9225,1.4413888888888888,21,5,0,9,0,0,7,1,7
4260,PERALEDA DEL ZAUCEJO,BADAJOZ,542,38.47972222222222,-5.5775,20,5.0,0,8,4.0,0,3,3,3
3268C,ALPEDRETE,MADRID,924,40.65972222222222,-4.0175,22,4.5,0,9,2.0,0,3,7,3
5530E,GRANADA AEROPUERTO,GRANADA,560,37.19027777777777,-3.789722222222222,20,4.5,0,8,3.5,0,2,2,2
9546B,HIJAR,TERUEL,305,41.17194444444444,-0.4419444444444445,22,4.5,0,9,1.5,0,8,3,8
B870C,"CIUTADELLA, CALA GALDANA",BALEARES,43,39.94472222222222,3.956666666666667,22,4.5,0,9,0.5,0,8,23,8
C126A,EL PASO,SANTA CRUZ DE TENERIFE,844,28.653888888888886,-17.853055555555557,18,4.5,0,9,1.5,0,8,23,8
0421X,ESPOLLA,GIRONA,100,42.39,3.006111111111111,16,4.5,0,9,0.0,0,7,23,7
0370E,GIRONA,GIRONA,76,41.97222222222222,2.819444444444444,17,4,0,9,0,0,7,5,7
3125Y,SAN SEBASTIÁN DE LOS REYES,MADRID,672,40.55,-3.6166666666666667,23,4,0,9,1,0,4,4,4
3330Y,ROZAS DE PUERTO REAL,MADRID,890,40.31305555555555,-4.487222222222222,23,4,0,9,2,0,5,6,5
3337U,CEBREROS,AVILA,850,40.4675,-4.4558333333333335,23,4,0,9,1,0,7,6,7
3422D,CANDELEDA,AVILA,350,40.13916666666667,-5.311388888888889,20,4.0,0,9,2.0,0,2,4,2
3576X,VALENCIA DE ALCÁNTARA,CACERES,444,39.414722222222224,-7.231111111111111,23,4,0,8,1,0,4,3,4
4095Y,BELMONTE,CUENCA,745,39.555277777777775,-2.7055555555555557,23,4,0,9,1,0,7,4,7
4147X,VALDEPEÑAS,CIUDAD REAL,700,38.75055555555556,-3.391388888888889,22,4.0,0,9,2.0,0,7,2,7
4148,VISO DEL MARQUÉS,CIUDAD REAL,804,38.518055555555556,-3.5666666666666664,23,4,0,9,1,0,7,2,7
4193Y,EL ROBLEDO,CIUDAD REAL,587,39.216944444444444,-4.282777777777778,23,4,0,8,3,0,3,3,3
4210Y,ABENÓJAR,CIUDAD REAL,718,38.89805555555556,-4.291944444444444,22,4.0,0,9,1.0,0,6,3,6
4220X,PUEBLA DE DON RODRIGO,CIUDAD REAL,533,39.08361111111111,-4.621944444444445,23,4,0,7,3,0,5,3,5
4244X,HERRERA DEL DUQUE,BADAJOZ,447,39.169444444444444,-5.062222222222222,23,4,0,8,2,0,2,4,2
4263X,VALSEQUILLO,CORDOBA,575,38.409444444444446,-5.350555555555555,23,4,0,9,1,0,3,4,3
4267X,HINOJOSA DEL DUQUE,CORDOBA,551,38.49861111111111,-5.121388888888888,23,4,0,9,2,0,6,4,6
4427X,ZAFRA,BADAJOZ,433,38.42583333333333,-6.4366666666666665,23,4,0,9,2,0,3,3,3
5210X,VILLANUEVA DEL ARZOBISPO,JAEN,680,38.175,-2.9980555555555557,23,4,0,9,2,0,10,3,10
5298X,ANDÚJAR,JAEN,202,38.02305555555555,-4.0633333333333335,23,4,0,8,1,0,4,4,4
5304Y,PUERTOLLANO,CIUDAD REAL,665,38.66888888888889,-4.059166666666666,20,4.0,0,7,1.0,0,4,4,4
5346X,CARDEÑA,CORDOBA,720,38.18666666666666,-4.2725,23,4,0,9,0,0,6,3,6
5361X,MONTORO,CORDOBA,155,38.013333333333335,-4.330277777777778,21,4,0,9,2,0,4,4,4
5390Y,VILLANUEVA DE CÓRDOBA,CORDOBA,750,38.33305555555556,-4.608888888888888,23,4,0,9,0,0,6,3,6
5394X,"CÓRDOBA, EMBALSE DE GUADANUÑO",CORDOBA,525,38.020833333333336,-4.796666666666667,23,4,0,9,2,0,3,3,3
5769X,CALA,HUELVA,618,37.97361111111111,-6.322222222222222,23,4,0,8,1,0,7,3,7
7211B,PUERTO LUMBRERAS,MURCIA,445,37.56805555555556,-1.797222222222222,23,4,0,9,0,0,8,3,8
8013X,NOVELDA,ALICANTE,233,38.385555555555555,-0.7577777777777778,21,4,0,8,0,0,8,3,8
8018X,ELX/ELCHE,ALICANTE,110,38.2875,-0.6805555555555555,21,4,0,9,0,0,5,3,5
9434,"ZARAGOZA, AEROPUERTO",ZARAGOZA,249,41.660555555555554,-1.0041666666666667,23,4,0,9,1,0,7,4,7
9569A,CALANDA,TERUEL,466,40.946666666666665,-0.23777777777777778,23,4,0,9,2,0,7,4,7
9776D,ELS TORMS,LLEIDA,495,41.39388888888889,0.7347222222222222,23,4,0,9,3,0,6,23,6
9901X,HUESCA,HUESCA,463,42.138888888888886,-0.395,23,4,0,9,1,0,8,5,8
B640X,PETRA,BALEARES,95,39.61638888888889,3.121111111111111,23,4,0,9,0,0,7,7,7
C314Z,"VALLEHERMOSO, ALTO IGUALERO",STA. CRUZ DE TENERIFE,1474,28.106944444444444,-17.249166666666667,23,4,0,9,0,0,7,23,7
C316I,ARURE,STA. CRUZ DE TENERIFE,916,28.128333333333334,-17.315,23,4,0,9,2,0,9,23,9
4362X,RETAMAL DE LLERENA,BADAJOZ,474,38.57638888888889,-5.845833333333333,21,4,0,7,2,0,3,4,3
4478X,BADAJOZ,BADAJOZ,174,38.88611111111111,-7.009444444444444,18,4.0,0,8,1.5,0,5,3,5
C018J,TÍAS,LAS PALMAS,376,28.96972222222222,-13.690277777777778,12,4.0,0,9,0.0,0,5,23,5
5402,CÓRDOBA AEROPUERTO,CORDOBA,90,37.848888888888894,-4.846666666666667,20,3.5,0,7,1.0,0,4,4,4
9924X,FRAGA,HUESCA,170,41.52472222222222,0.3555555555555555,16,3.5,0,9,2.5,0,4,3,4
9961X,CABACÉS,TARRAGONA,363,41.24944444444444,0.7352777777777777,20,3.5,0,9,1.0,0,7,5,7
B656A,SANTA MARÍA DEL CAMÍ,BALEARES,121,39.652499999999996,2.8002777777777776,20,3.5,0,9,0.5,0,8,6,8
0042Y,TARRAGONA,TARRAGONA,55,41.12388888888889,1.2491666666666668,23,3,0,8,0,0,8,4,8
3094B,TARANCÓN,CUENCA,819,40.011944444444445,-3.0213888888888887,23,3,0,9,0,0,8,3,8
3254Y,MORA,TOLEDO,717,39.68694444444444,-3.7805555555555554,23,3,0,9,0,0,8,3,8
3260B,TOLEDO,TOLEDO,513,39.88472222222222,-4.045277777777778,23,3,0,7,0,0,8,4,8
3343Y,VALDEMORILLO,MADRID,884,40.49666666666667,-4.061111111111111,23,3,0,9,0,0,8,5,8
3386A,NAVALVILLAR DE IBOR,CACERES,923,39.59166666666667,-5.3916666666666675,21,3,0,9,0,0,9,4,9
3469A,CÁCERES,CACERES,394,39.47138888888889,-6.338888888888889,23,3,0,9,0,0,8,4,8
3512X,MONTEHERMOSO,CACERES,351,40.08083333333334,-6.338888888888889,22,3.0,0,8,1.5,0,4,4,4
4064Y,ALCAZAR DE SAN JUAN,CIUDAD REAL,640,39.39083333333333,-3.2158333333333333,23,3,0,8,0,0,8,2,8
4452,BADAJOZ AEROPUERTO,BADAJOZ,186,38.88333333333333,-6.813888888888889,23,3,0,7,1,0,7,3,7
4511C,JEREZ DE LOS CABALLEROS,BADAJOZ,381,38.29861111111111,-6.765,22,3.0,0,7,1.5,0,7,4,7
4541X,EL GRANADO,HUELVA,60,37.55361111111111,-7.52,17,3,0,5,0,0,3,4,3
5165X,TORRES,JAEN,910,37.780833333333334,-3.563611111111111,23,3,0,9,0,0,8,4,8
5515X,GRANADA-CARTUJA,GRANADA,775,37.189722222222215,-3.595555555555556,17,3,0,9,0,0,6,4,6
5582A,LOJA,GRANADA,593,37.16111111111111,-4.152777777777779,23,3,0,7,0,0,8,3,8
5625X,LA RAMBLA,CORDOBA,200,37.63861111111111,-4.763888888888889,23,3,0,8,1,0,7,4,7
5733X,ALMADÉN DE LA PLATA,SEVILLA,450,37.79111111111111,-6.075,22,3.0,0,8,0.0,0,6,4,6
6032X,RONDA INSTITUTO,MALAGA,760,36.75,-5.168611111111112,23,3,0,9,0,0,10,2,10
6040X,CORTES DE LA FRONTERA,MALAGA,315,36.544444444444444,-5.386388888888889,21,3,0,9,0,0,4,5,4
6100B,ANTEQUERA AYUNTAMIENTO (AUTOMÁTICA THIES),MALAGA,515,37.02388888888889,-4.5625,10,3.0,0,7,0.0,0,2,4,2
8050X,JÁVEA/ XÀBIA,ALICANTE,15,38.784166666666664,0.16666666666666666,23,3,0,9,0,0,6,2,6
9434P,"ZARAGOZA, VALDESPARTERA",ZARAGOZA,258,41.62111111111111,-0.9347222222222222,23,3,0,9,0,0,7,4,7
9574B,"CASPE, PLANA DEL PILÓN",ZARAGOZA,215,41.2425,-0.06861111111111111,23,3,0,9,0,0,8,4,8
9947X,LA POBLA DE MASSALUCA,TARRAGONA,370,41.17722222222222,0.35333333333333333,22,3.0,0,9,0.0,0,8,5,8
9981A,ESTACIÓN DE TORTOSA (ROQUETES),TARRAGONA,50,40.82027777777778,0.49333333333333335,23,3,0,8,0,0,10,2,10
B103B,ANDRATX - SANT ELM,BALEARES,52,39.57944444444445,2.368888888888889,19,3,0,9,0,0,8,23,8
B334X,LLUCMAJOR,BALEARES,140,39.495555555555555,2.8916666666666666,23,3,0,9,0,0,10,2,10
B644B,SINEU,ILLES BALEARS,120,39.64333333333333,3.002222222222222,23,3,0,9,0,0,10,6,10
B760X,POLLENÇA,BALEARES,45,39.87694444444445,3.0241666666666664,23,3,0,9,0,0,10,5,10
C148F,SAN ANDRÉS Y SAUCES,STA. CRUZ DE TENERIFE,362,28.804722222222225,-17.78222222222222,23,3,0,9,0,0,5,7,5
C612F,"TEJEDA, CRUZ DE TEJEDA",LAS PALMAS,1514,28.006944444444443,-15.59888888888889,21,3,0,9,0,0,7,23,7
4468X,PUEBLA DE OBANDO,BADAJOZ,392,39.17666666666666,-6.600833333333333,19,3,0,9,0,0,6,5,6
6375X,FUENTE DE PIEDRA,MALAGA,420,37.132222222222225,-4.741944444444444,20,2.5,0,7,0.0,0,6,4,6
0385X,L'ESTARTIT,GIRONA,1,42.053888888888885,3.2013888888888893,22,2.0,0,8,0.0,0,10,3,10
3338,ROBLEDO DE CHAVELA,MADRID,770,40.42861111111111,-4.248611111111111,23,2,0,9,0,0,8,5,8
3423I,MADRIGAL DE LA VERA,CACERES,464,40.153888888888886,-5.373333333333333,23,2,0,9,0,0,8,5,8
3514B,TORNAVACAS,CACERES,991,40.25861111111111,-5.678333333333334,21,2,0,9,0,0,9,23,9
3536X,HOYOS,CACERES,560,40.17472222222222,-6.724444444444445,20,2.0,0,9,0.0,0,9,5,9
3562X,ALISEDA,CACERES,321,39.427499999999995,-6.7363888888888885,23,2,0,7,0,0,7,3,7
4245X,GUADALUPE,CACERES,660,39.45527777777778,-5.333333333333333,23,2,0,8,0,0,9,3,9
4340,NAVALVILLAR DE PELA,BADAJOZ,313,39.10333333333333,-5.461388888888889,17,2,0,7,0,0,4,4,4
4358X,DON BENITO,BADAJOZ,274,38.955555555555556,-5.880555555555556,23,2,0,8,0,0,9,4,9
4410X,MÉRIDA,BADAJOZ,228,38.91583333333333,-6.385555555555556,23,2,0,7,0,0,6,4,6
4489X,ALCONCHEL,BADAJOZ,170,38.484722222222224,-7.281944444444444,23,2,0,6,0,0,6,4,6
4549Y,AYAMONTE,HUELVA,3,37.19472222222222,-7.3950000000000005,21,2,0,7,0,0,8,5,8
5164B,BAEZA,JAEN,771,37.99666666666667,-3.4619444444444447,23,2,0,9,0,0,9,4,9
5412X,PRIEGO DE CÓRDOBA,CORDOBA,550,37.484722222222224,-4.207777777777778,21,2,0,8,0,0,8,5,8
5473X,AZUAGA,BADAJOZ,581,38.26777777777777,-5.686111111111112,23,2,0,9,0,0,9,5,9
5612B,LA RODA DE ANDALUCÍA,SEVILLA,410,37.19444444444444,-4.77,23,2,0,8,0,0,9,5,9
5624X,AGUILAR DE LA FRONTERA,CORDOBA,309,37.481944444444444,-4.685833333333334,23,2,0,9,0,0,8,5,8
5641X,ÉCIJA,SEVILLA,130,37.51611111111111,-5.085,23,2,0,6,0,0,7,6,7
5702X,CARMONA,SEVILLA,50,37.565555555555555,-5.740555555555556,23,2,0,7,0,0,11,3,11
5835X,CARRIÓN DE LOS CÉSPEDES,SEVILLA,76,37.36,-6.3341666666666665,20,2.0,0,8,0.0,0,7,4,7
5941X,EL BOSQUE,CADIZ,295,36.72944444444445,-5.512222222222222,23,2,0,8,0,0,8,5,8
5960,JEREZ DE LA FRONTERA AEROPUERTO,CADIZ,27,36.75055555555556,-6.055833333333333,22,2.0,0,8,0.0,0,8,2,8
6042I,JIMENA DE LA FRONTERA,CADIZ,42,36.43555555555555,-5.3950000000000005,22,2.0,0,9,0.0,0,10,2,10
6045X,ALPANDEIRE,MALAGA,676,36.6325,-5.203055555555555,22,2.0,0,9,0.0,0,8,3,8
6069X,BENAHAVÍS,MALAGA,392,36.54361111111111,-5.0247222222222225,17,2,0,9,0,0,8,6,8
6267X,SALOBREÑA,GRANADA,20,36.748333333333335,-3.578611111111111,23,2,0,9,0,0,7,4,7
7158X,ARCHENA,MURCIA,150,38.128055555555555,-1.3058333333333334,23,2,0,6,0,0,8,3,8
8414A,VALENCIA AEROPUERTO,VALENCIA,56,39.485,-0.4747222222222222,21,2,0,9,0,0,9,4,9
B275E,"SON BONET, AEROPUERTO",BALEARES,47,39.60583333333334,2.706666666666667,23,2,0,8,0,0,11,2,11
B341X,PORRERES,BALEARES,149,39.50611111111111,3.0055555555555555,20,2.0,0,9,0.0,0,9,5,9
B614E,MANACOR,BALEARES,100,39.55694444444444,3.217777777777778,23,2,0,9,0,0,9,23,9
B780X,PORT DE POLLENÇA,BALEARES,2,39.909444444444446,3.100277777777778,23,2,0,9,0,0,10,5,10
C665T,VALLESECO,LAS PALMAS,900,28.065555555555555,-15.565555555555557,17,2,0,9,2,0,8,23,8
C916Q,"EL PINAR, DEPÓSITO",STA. CRUZ DE TENERIFE,948,27.718888888888888,-17.978055555555553,23,2,0,9,0,0,8,23,8
C917E,"EL PINAR, LA DEHESA",STA. CRUZ DE TENERIFE,713,27.725277777777777,-18.115000000000002,22,2.0,0,9,0.0,0,8,15,8
5470,FUENTE PALMERA,CORDOBA,120,37.753055555555555,-5.100555555555555,22,1.5,0,6,0.0,0,7,5,7
5726X,GUADALCANAL,SEVILLA,720,38.099444444444444,-5.819166666666667,18,1.5,0,9,0.0,0,9,3,9
0073X,SITGES,BARCELONA,58,41.24388888888889,1.8525,23,1,0,9,0,0,11,7,11
0076,BARCELONA AEROPUERTO,BARCELONA,1,41.291666666666664,2.0605555555555553,23,1,0,9,0,0,11,5,11
3191E,COLMENAR VIEJO,MADRID,1004,40.69611111111111,-3.765,23,1,0,9,0,0,10,4,10
3503,GUIJO DE GRANADILLA,CACERES,393,40.18944444444444,-6.1675,18,1.0,0,8,0.0,0,8,4,8
3526X,CORIA,CACERES,313,40.00361111111111,-6.5575,23,1,0,7,0,0,6,5,6
3540X,ZARZA LA MAYOR,CACERES,336,39.87138888888889,-6.859999999999999,23,1,0,8,0,0,10,5,10
3565X,BROZAS,CACERES,425,39.61805555555556,-6.745,23,1,0,9,0,0,10,5,10
4386B,LLERENA,BADAJOZ,655,38.23166666666667,-6.016944444444444,23,1,0,9,0,0,11,5,11
4436Y,ALMENDRALEJO,BADAJOZ,371,38.68888888888888,-6.361111111111111,23,1,0,6,0,0,9,5,9
4486X,OLIVENZA,BADAJOZ,275,38.6975,-7.084444444444444,23,1,0,7,0,0,9,3,9
4497X,VILLANUEVA DEL FRESNO,BADAJOZ,247,38.37222222222222,-7.158055555555556,23,1,0,6,0,0,10,3,10
4499X,MONESTERIO,BADAJOZ,771,38.081388888888895,-6.271944444444444,17,1,0,9,0,0,8,3,8
4560Y,ALAJAR,HUELVA,572,37.868611111111115,-6.675000000000001,23,1,0,6,0,0,10,4,10
4642E,"HUELVA, RONDA ESTE",HUELVA,18,37.27833333333333,-6.911666666666667,23,1,0,5,0,0,11,6,11
5038Y,CAZORLA,JAEN,799,37.91583333333333,-3.003888888888889,23,1,0,9,0,0,10,4,10
5192,VILLARRODRIGO,JAEN,862,38.48916666666667,-2.6375,15,1,0,9,0,0,6,5,6
5860E,"MOGUER, EL ARENOSILLO",HUELVA,41,37.09805555555556,-6.7380555555555555,23,1,0,8,0,0,8,5,8
6050X,GAUCÍN,MALAGA,594,36.51861111111111,-5.318611111111111,23,1,0,9,0,0,11,5,11
7218Y,TOTANA,MURCIA,281,37.75861111111111,-1.5127777777777778,17,1,0,7,0,0,8,4,8
7244X,ORIHUELA,ALICANTE,26,38.06777777777778,-0.9813888888888889,23,1,0,7,0,0,10,4,10
7261X,ROJALES,ALICANTE,31,38.088055555555556,-0.7152777777777777,23,1,0,6,0,0,10,5,10
8058X,OLIVA,VALENCIA,1,38.90416666666667,-0.065,23,1,0,8,0,0,11,2,11
C328W,HERMIGUA,STA. CRUZ DE TENERIFE,252,28.16361111111111,-17.194166666666668,23,1,0,6,0,0,10,3,10
C428T,ARICO,SANTA CRUZ DE TENERIFE,418,28.180833333333336,-16.483333333333334,23,1,0,9,0,0,11,4,11
4501X,FUENTE DE CANTOS,BADAJOZ,602,38.20861111111111,-6.311388888888889,21,1,0,7,0,0,9,4,9
3547X,VALVERDE DEL FRESNO,CACERES,450,40.20722222222223,-6.896111111111111,22,0.5,0,9,0.0,0,11,6,11
4589X,"ALOSNO, THARSIS",HUELVA,276,37.59777777777778,-7.1194444444444445,22,0.5,0,6,0.0,0,11,4,11
4608X,EL CAMPILLO,HUELVA,415,37.67722222222222,-6.630000000000001,20,0.5,0,9,0.0,0,10,5,10
5429X,"CÓRDOBA, PRÁGDENA",CORDOBA,275,37.81027777777778,-4.4622222222222225,22,0.5,0,6,0.0,0,11,6,11
B893,"MENORCA, AEROPUERTO",BALEARES,91,39.85472222222222,4.2155555555555555,14,0.5,0,9,0.0,0,7,3,7
0002I,VANDELLÒS,TARRAGONA,32,40.95805555555556,0.8713888888888889,23,0,0,5,0,0,19,4,19
0016A,REUS AEROPUERTO,TARRAGONA,71,41.144999999999996,1.163611111111111,12,0.0,0,7,0.0,0,7,5,7
0201X,"BARCELONA, DRASSANES",BARCELONA,11,41.375,2.1738888888888885,16,0.0,0,8,0.0,0,12,7,12
0244X,VILASSAR DE DALT,BARCELONA,56,41.505,2.3625000000000003,22,0.0,0,9,0.0,0,18,13,18
0252D,ARENYS DE MAR,BARCELONA,74,41.58722222222222,2.54,23,0,0,9,0,0,12,5,12
0281Y,BLANES,GIRONA,45,41.676944444444445,2.8049999999999997,23,0,0,9,0,0,17,6,17
3195,"MADRID, RETIRO",MADRID,667,40.41138888888889,-3.6777777777777776,23,0,0,9,0,0,12,4,12
3436D,GARGANTA LA OLLA,CACERES,690,40.111111111111114,-5.784722222222222,20,0.0,0,9,0.0,0,11,5,11
3448X,SERRADILLA,CACERES,406,39.82083333333334,-6.1274999999999995,23,0,0,5,0,0,13,5,13
3463Y,TRUJILLO,CACERES,523,39.46416666666667,-5.874166666666667,23,0,0,8,0,0,14,4,14
3475X,CAÑAVERAL,CACERES,373,39.79055555555556,-6.376388888888888,23,0,0,6,0,0,16,4,16
4236Y,PUERTO REY,CACERES,689,39.45055555555556,-5.026388888888889,23,0,0,7,0,0,14,3,14
4300Y,ALMADÉN,CIUDAD REAL,535,38.775277777777774,-4.845277777777778,23,0,0,6,0,0,12,6,12
4325Y,CASTUERA,BADAJOZ,459,38.74194444444444,-5.529166666666667,23,0,0,6,0,0,15,5,15
4339X,CAÑAMERO,CACERES,590,39.314166666666665,-5.368888888888889,22,0.0,0,9,0.0,0,14,5,14
4347X,ZORITA,CACERES,413,39.282777777777774,-5.710277777777778,23,0,0,4,0,0,16,5,16
4411C,ALCUESCAR,CACERES,467,39.1975,-6.231111111111111,23,0,0,9,0,0,13,5,13
4575X,VALVERDE DEL CAMINO,HUELVA,280,37.57527777777778,-6.767777777777778,23,0,0,6,0,0,14,6,14
4584X,EL CERRO DE ANDÉVALO,HUELVA,270,37.73166666666667,-6.942222222222222,23,0,0,5,0,0,14,6,14
4622X,VILLARRASA,HUELVA,145,37.450833333333335,-6.636666666666666,22,0.0,0,8,0.0,0,12,5,12
5270B,JAÉN,JAEN,580,37.777499999999996,-3.8091666666666666,23,0,0,5,0,0,17,5,17
5279X,LINARES,JAEN,515,38.151111111111106,-3.6294444444444447,21,0,0,4,0,0,13,6,13
5281X,BAILÉN,JAEN,345,38.09305555555556,-3.7824999999999998,22,0.0,0,5,0.0,0,16,5,16
5427X,DOÑA MENCÍA,CORDOBA,650,37.55611111111111,-4.353888888888888,23,0,0,6,0,0,14,5,14
5598X,BENAMEJÍ,CORDOBA,465,37.23083333333334,-4.547777777777777,19,0,0,6,0,0,11,4,11
5612X,LORA DE ESTEPA,SEVILLA,450,37.27027777777778,-4.826944444444444,23,0,0,5,0,0,18,4,18
5656,FUENTES DE ANDALUCÍA,SEVILLA,165,37.49722222222222,-5.433055555555556,22,0.0,0,6,0.0,0,14,5,14
5783,SEVILLA AEROPUERTO,SEVILLA,34,37.416666666666664,-5.879166666666667,22,0.0,0,5,0.0,0,19,6,19
5790Y,"SEVILLA, TABLADA",SEVILLA,9,37.36416666666667,-6.005833333333333,22,0.0,0,7,0.0,0,13,4,13
5796,MORÓN DE LA FRONTERA,SEVILLA,87,37.16444444444444,-5.6113888888888885,21,0,0,8,0,0,13,4,13
5891X,LAS CABEZAS DE SAN JUAN,SEVILLA,105,36.95333333333333,-5.846666666666667,23,0,0,8,0,0,12,5,12
5906X,CHIPIONA,CADIZ,10,36.75,-6.400555555555556,21,0,0,7,0,0,12,5,12
5919X,OLVERA,CADIZ,530,36.931666666666665,-5.259444444444444,22,0.0,0,7,0.0,0,16,3,16
5950X,SAN JOSÉ DEL VALLE,CADIZ,105,36.663888888888884,-5.783333333333333,23,0,0,8,0,0,18,6,18
5972X,SAN FERNANDO,CADIZ,28,36.46555555555556,-6.205555555555556,23,0,0,5,0,0,21,4,21
5972Y,SAN FERNANDO,CADIZ,24,36.46277777777778,-6.206388888888889,23,0,0,5,0,0,22,2,22
5973,CÁDIZ,CADIZ,2,36.499722222222225,-6.257777777777778,23,0,0,0,0,0,23,,23
5983X,MEDINA SIDONIA,CADIZ,70,36.40611111111111,-5.920277777777778,22,0.0,0,8,0.0,0,16,1,16
5995B,VEJER DE LA FRONTERA,CADIZ,183,36.24527777777778,-5.965277777777778,23,0,0,9,0,0,17,5,17
5998X,OSUNA,SEVILLA,255,37.24333333333333,-5.1125,23,0,0,3,0,0,21,6,21
6000A,MELILLA,MELILLA,52,35.27638888888889,-2.956388888888889,23,0,0,3,0,0,20,6,20
6001,TARIFA,CADIZ,45,36.01444444444444,-5.597222222222222,23,0,0,8,0,0,19,0,19
6056X,SAN ROQUE,CADIZ,1,36.27305555555555,-5.2844444444444445,23,0,0,7,0,0,14,3,14
6057X,MANILVA,MALAGA,140,36.37833333333333,-5.26,22,0.0,0,8,0.0,0,15,3,15
6076X,"MARBELLA, PUERTO",MALAGA,2,36.48444444444444,-4.953055555555555,17,0,0,9,0,0,16,23,16
6083X,MARBELLA,MALAGA,2,36.483333333333334,-4.740277777777778,20,0.0,0,5,0.0,0,19,23,19
6088X,TORREMOLINOS,MALAGA,85,36.620555555555555,-4.515,19,0,0,9,0,0,17,14,17
6106X,ANTEQUERA,MALAGA,408,37.029444444444444,-4.748333333333333,23,0,0,7,0,0,12,6,12
6127X,ÁLORA,MALAGA,172,36.85472222222222,-4.696666666666667,17,0,0,7,0,0,10,3,10
6143X,COÍN,MALAGA,230,36.657777777777774,-4.760833333333333,19,0,0,6,0,0,10,4,10
6155A,MÁLAGA AEROPUERTO,MALAGA,7,36.66611111111111,-4.482222222222222,18,0.0,0,9,0.0,0,17,23,17
6156X,"MÁLAGA, CENTRO METEOROLÓGICO",MALAGA,54,36.717777777777776,-4.4816666666666665,23,0,0,7,0,0,20,3,20
6175X,RINCÓN DE LA VICTORIA,MALAGA,7,36.715,-4.286111111111111,22,0.0,0,8,0.0,0,21,0,21
6199X,VÉLEZ-MÁLAGA,MALAGA,41,36.76861111111111,-4.093611111111111,23,0,0,5,0,0,19,5,19
6201X,ALGARROBO,MALAGA,35,36.755833333333335,-4.043888888888889,23,0,0,9,0,0,17,4,17
6205X,TORROX,MALAGA,3,36.72638888888889,-3.957222222222222,23,0,0,8,0,0,21,14,21
6213X,NERJA,MALAGA,169,36.76277777777778,-3.845277777777778,21,0,0,0,0,0,21,,21
6268Y,"MOTRIL, PUERTO",GRANADA,3,36.723888888888894,-3.529166666666667,23,0,0,9,0,0,20,7,20
6272X,CASTELL DE FERRO,GRANADA,235,36.73416666666667,-3.38,23,0,0,4,0,0,19,5,19
6277C,ADRA,ALMERIA,26,36.74805555555556,-3.0308333333333333,23,0,0,9,0,0,22,23,22
6291B,EL EJIDO,ALMERIA,98,36.77472222222222,-2.813055555555555,17,0,0,4,0,0,16,4,16
6293X,ROQUETAS DE MAR,ALMERIA,3,36.68694444444444,-2.7016666666666667,23,0,0,9,0,0,16,7,16
6325O,ALMERÍA AEROPUERTO,ALMERIA,21,36.84638888888889,-2.3569444444444447,17,0,0,4,0,0,16,2,16
6329X,CABO DE GATA,ALMERIA,42,36.721944444444446,-2.1930555555555555,23,0,0,0,0,0,23,,23
6332Y,CARBONERAS,ALMERIA,222,36.94222222222222,-1.9069444444444443,16,0.0,0,0,0.0,0,16,,16
7002Y,ÁGUILAS,MURCIA,32,37.41722222222222,-1.5869444444444445,23,0,0,4,0,0,19,5,19
7007Y,MAZARRÓN,MURCIA,66,37.588055555555556,-1.2305555555555556,23,0,0,6,0,0,18,6,18
7012D,"CARTAGENA, TENTEGORRA",MURCIA,56,37.60444444444445,-1.0233333333333332,23,0,0,8,0,0,12,3,12
7012X,TENTENGORRA,MURCIA,2,37.60138888888889,-0.9902777777777777,23,0,0,3,0,0,19,6,19
7019X,CARTAGENA/SALINAS CABO PALOS,MURCIA,2,37.63583333333333,-0.7155555555555555,22,0.0,0,5,0.0,0,18,3,18
7023X,FUENTE ÁLAMO DE MURCIA,MURCIA,140,37.72638888888889,-1.1672222222222224,23,0,0,6,0,0,14,3,14
7026X,TORRE-PACHECO,MURCIA,50,37.73888888888889,-0.9675,23,0,0,7,0,0,13,2,13
7031X,SAN JAVIER AEROPUERTO,MURCIA,4,37.77833333333333,-0.8058333333333334,15,0,0,7,0,0,10,3,10
7178I,MURCIA,MURCIA,62,38.00194444444445,-1.1708333333333334,23,0,0,5,0,0,14,5,14
8019,ALICANTE-ELCHE AEROPUERTO,ALICANTE,43,38.282777777777774,-0.5708333333333333,18,0.0,0,4,0.0,0,15,5,15
8025,ALACANT/ALICANTE,ALICANTE,81,38.3725,-0.49416666666666664,14,0.0,0,3,0.0,0,13,5,13
8036Y,BENIDORM,ALICANTE,36,38.54361111111111,-0.13777777777777778,23,0,0,7,0,0,14,1,14
8057C,PEGO,ALICANTE,60,38.84666666666667,-0.11833333333333333,22,0.0,0,7,0.0,0,15,5,15
8058Y,MIRAMAR,VALENCIA,12,38.95027777777778,-0.13777777777777778,22,0.0,0,5,0.0,0,16,4,16
8416,VALÈNCIA,VALENCIA,13,39.480555555555554,-0.3663888888888889,23,0,0,9,0,0,16,5,16
8500A,CASTELLÓ - ALMASSORA,CASTELLON,43,39.95722222222223,-0.07194444444444445,23,0,0,9,0,0,12,4,12
8503Y,TORREBLANCA,CASTELLON,35,40.21138888888889,0.18361111111111109,23,0,0,9,0,0,13,4,13
9987P,SANT JAUME D'ENVEJA,TARRAGONA,1,40.69916666666666,0.8097222222222222,23,0,0,7,0,0,12,4,12
B051A,"SÓLLER, PUERTO",BALEARES,5,39.79555555555555,2.691388888888889,23,0,0,4,0,0,17,5,17
B087X,BANYALBUFAR,ILLES BALEARS,60,39.689166666666665,2.512777777777778,20,0.0,0,3,0.0,0,18,5,18
B228,"PALMA, PUERTO",BALEARES,3,39.55416666666667,2.625277777777778,23,0,0,3,0,0,20,5,20
B301,"LLUCMAJOR, RADAR",BALEARES,113,39.37972222222222,2.7849999999999997,23,0,0,7,0,0,16,3,16
B398A,"CABRERA, PARQUE NACIONAL DE CABRERA",BALEARES,165,39.135555555555555,2.936666666666667,18,0.0,0,0,0.0,0,18,,18
B410B,SANTANYÍ,BALEARES,45,39.34,3.1458333333333335,20,0.0,0,5,0.0,0,13,3,13
B434X,PORTOCOLOM,ILLES BALEARS,17,39.41444444444444,3.2716666666666665,12,0.0,0,3,0.0,0,9,5,9
B569X,CAPDEPERA,BALEARES,57,39.71666666666667,3.4780555555555557,23,0,0,0,0,0,23,,23
B603X,ARTÀ-COLÒNIA DE SANT PERE,BALEARES,99,39.723055555555554,3.278611111111111,22,0.0,0,6,0.0,0,13,3,13
B800X,"LA MOLA, MAÓ",ILLES BALEARS,78,39.876111111111115,4.323888888888889,15,0,0,8,0,0,10,3,10
B825B,ES MERCADAL,BALEARES,80,39.99055555555556,4.086388888888888,22,0.0,0,9,0.0,0,14,2,14
B954,"IBIZA, AEROPUERTO",ILLES BALEARS,6,38.87638888888889,1.3844444444444444,19,0,0,9,0,0,11,2,11
B986,FORMENTERA,BALEARES,24,38.69361111111111,1.463611111111111,21,0,0,7,0,0,13,3,13
C019V,YAIZA PLAYA BLANCA,LAS PALMAS,6,28.85888888888889,-13.835,19,0,0,0,0,0,19,,19
C029O,LANZAROTE AEROPUERTO,LAS PALMAS,14,28.951944444444443,-13.600277777777777,22,0.0,0,0,0.0,0,22,,22
C038N,HARÍA,LAS PALMAS,277,29.14361111111111,-13.489166666666666,21,0,0,5,0,0,19,4,19
C048W,TINAJO,LAS PALMAS,275,29.0425,-13.680833333333332,20,0.0,0,7,0.0,0,16,4,16
C129V,FUENCALIENTE,STA. CRUZ DE TENERIFE,19,28.455,-17.84111111111111,23,0,0,0,0,0,23,,23
C139E,LA PALMA AEROPUERTO,SANTA CRUZ DE TENERIFE,33,28.633055555555558,-17.755,23,0,0,0,0,0,23,,23
C229J,PÁJARA,LAS PALMAS,15,28.049166666666668,-14.358055555555556,22,0.0,0,0,0.0,0,22,,22
C239N,"TUINEJE,PUERTO GRAN TARAJAL",LAS PALMAS,1,28.20861111111111,-14.023055555555556,23,0,0,0,0,0,23,,23
C248E,ANTIGUA,LAS PALMAS,252,28.416944444444447,-14.019166666666667,23,0,0,8,0,0,15,3,15
C249I,FUERTEVENTURA AEROPUERTO,LAS PALMAS,25,28.44472222222222,-13.863055555555555,22,0.0,0,0,0.0,0,22,,22
C258K,LA OLIVA,LAS PALMAS,217,28.6125,-13.931666666666667,23,0,0,3,0,0,20,4,20
C319W,"VALLEHERMOSO, DAMA",STA. CRUZ DE TENERIFE,190,28.054166666666667,-17.30638888888889,22,0.0,0,3,0.0,0,19,7,19
C329Z,SAN SEBASTIÁN DE LA GOMERA,STA. CRUZ DE TENERIFE,15,28.08972222222222,-17.11138888888889,22,0.0,0,0,0.0,0,22,,22
C419L,LOMO DEL BALO,SANTA CRUZ DE TENERIFE,403,28.206944444444442,-16.791944444444447,23,0,0,9,0,0,14,6,14
C419X,ADEJE,SANTA CRUZ DE TENERIFE,130,28.08138888888889,-16.710555555555555,17,0,0,2,0,0,14,7,14
C429I,TENERIFE SUR AEROPUERTO,SANTA CRUZ DE TENERIFE,64,28.046944444444446,-16.561111111111114,21,0,0,0,0,0,21,,21
C438N,CANDELARIA,SANTA CRUZ DE TENERIFE,463,28.359166666666667,-16.401666666666664,23,0,0,9,0,0,12,6,12
C439J,GÜÍMAR,SANTA CRUZ DE TENERIFE,115,28.31833333333333,-16.38222222222222,22,0.0,0,3,0.0,0,19,6,19
C449C,STA.CRUZ DE TENERIFE,SANTA CRUZ DE TENERIFE,36,28.46333333333333,-16.255277777777778,23,0,0,0,0,0,23,,23
C449F,ANAGA,SANTA CRUZ DE TENERIFE,19,28.508055555555554,-16.195555555555554,23,0,0,0,0,0,23,,23
C458A,TACORONTE,STA. CRUZ DE TENERIFE,310,28.49638888888889,-16.42,21,0,0,9,0,0,12,2,12
C614H,TEJEDA,LAS PALMAS,1060,27.995,-15.615833333333333,23,0,0,9,0,0,16,23,16
C619X,AGAETE,LAS PALMAS,5,28.101111111111113,-15.712777777777777,21,0,0,0,0,0,21,,21
C619Y,LA ALDEA DE SAN NICOLÁS,LAS PALMAS,13,28.00111111111111,-15.807500000000001,23,0,0,4,0,0,20,4,20
C623I,"SAN BARTOLOME TIRAJANA, CUEVAS DEL PINAR",LAS PALMAS,1220,27.92666666666667,-15.599722222222223,22,0.0,0,9,0.0,0,14,23,14
C625O,"SAN BARTOLOME TIRAJANA, LOMO PEDRO ALFONSO",LAS PALMAS,806,27.856944444444444,-15.645,22,0.0,0,9,0.0,0,16,23,16
C628B,"LA ALDEA DE SAN NICOLÁS, TASARTE",LAS PALMAS,318,27.90888888888889,-15.770000000000001,20,0.0,0,3,0.0,0,18,5,18
C629Q,"MOGÁN, PUERTO RICO",LAS PALMAS,10,27.779999999999998,-15.71111111111111,21,0,0,0,0,0,21,,21
C629X,"MOGÁN, PUERTO",LAS PALMAS,10,27.81638888888889,-15.764166666666666,23,0,0,0,0,0,23,,23
C635B,"SAN BARTOLOME TIRAJANA, LAS TIRAJANAS",LAS PALMAS,960,27.92,-15.574166666666667,23,0,0,9,0,0,16,23,16
C639M,"MASPALOMAS, C. INSULAR TURISMO",LAS PALMAS,45,27.758055555555554,-15.575555555555555,23,0,0,0,0,0,23,,23
C639U,"SAN BARTOLOME TIRAJANA, EL MATORRAL",LAS PALMAS,41,27.8125,-15.453055555555554,23,0,0,0,0,0,23,,23
C648C,AGÜIMES,LAS PALMAS,306,27.9025,-15.453888888888889,22,0.0,0,1,0.0,0,21,7,21
C648N,"TELDE, CENTRO FORESTAL DORAMAS",LAS PALMAS,344,27.9875,-15.457777777777777,14,0.0,0,9,0.0,0,8,4,8
C649I,GRAN CANARIA AEROPUERTO,LAS PALMAS,24,27.91777777777778,-15.395277777777777,22,0.0,0,0,0.0,0,22,,22
C649R,"TELDE, MELENARA",LAS PALMAS,9,27.986666666666668,-15.377777777777778,15,0,0,0,0,0,15,,15
C658X,"LAS PALMAS DE GRAN CANARIA, TAFIRA",LAS PALMAS,269,28.078055555555554,-15.453333333333333,22,0.0,0,6,0.0,0,19,6,19
C659M,"LAS PALMAS DE GRAN CANARIA, PL. DE LA FERIA",LAS PALMAS,15,28.113055555555558,-15.421388888888888,23,0,0,0,0,0,23,,23
C668V,AGAETE - SUERTE ALTA,LAS PALMAS,352,28.094444444444445,-15.674999999999999,20,0.0,0,6,0.0,0,13,5,13
C669B,ARUCAS,LAS PALMAS,86,28.141666666666666,-15.506666666666666,17,0,0,0,0,0,17,,17
C689E,MASPALOMAS,LAS PALMAS,6,27.735833333333336,-15.595833333333333,23,0,0,0,0,0,23,,23
C839X,LA GRACIOSA,LAS PALMAS,19,29.22972222222222,-13.510277777777778,23,0,0,0,0,0,23,,23
C919K,TACORON-LAPILLAS-TORTUGA,STA. CRUZ DE TENERIFE,98,27.665277777777778,-18.01861111111111,19,0,0,0,0,0,19,,19
C929I,HIERRO AEROPUERTO,SANTA CRUZ DE TENERIFE,32,27.81888888888889,-17.88888888888889,23,0,0,0,0,0,23,,23
C939T,"FRONTERA, SABINOSA",STA. CRUZ DE TENERIFE,20,27.75638888888889,-18.1075,23,0,0,0,0,0,23,,23
0429X,FIGUERES,GIRONA,45,42.259166666666665,2.960277777777778,18,0.0,0,8,0.0,0,10,1,10
3455X,JARAICEJO,CACERES,559,39.669999999999995,-5.808333333333334,21,0,0,8,0,0,12,5,12
5788X,"TOMARES, ZAUDÍN",SEVILLA,84,37.361666666666665,-6.059722222222222,21,0,0,5,0,0,15,3,15
5996B,BARBATE,CADIZ,4,36.18472222222222,-5.9094444444444445,22,0.0,0,4,0.0,0,20,4,20
6340X,GARRUCHA,ALMERIA,28,37.16916666666666,-1.8286111111111112,21,0,0,7,0,0,13,4,13
B860X,CIUTADELLA,BALEARES,20,39.99277777777778,3.853888888888889,17,0,0,9,0,0,11,1,11
6058I,ESTEPONA,MALAGA,19,36.41694444444444,-5.155,11,0,0,4,0,0,8,7,8
