indicativo,nombre,provincia,altitud_m,anios,noches_trop_peor_anio,peor_anio,noches_trop_mejor_anio,noches_trop_ultimo_anio,noches_trop_anio_medio,racha_max_historica,racha_max_en_un_anio,noches_ecua_peor_anio,tmin_p95,peor_noche,peor_noche_fecha,noche_mas_fria,noches_fuera_jja_anio
0324A,RIPOLL,GIRONA,675.0,7,0,2017,0,0,0.0,0,0,0,17.7,20.0,2023-07-12,-8.9,0.0
0321,CAMPDEVANOL,GIRONA,731.0,8,0,2017,0,0,0.0,0,0,0,17.4,19.8,2023-07-16,-9.2,0.0
0360X,LES PLANES D'HOSTOLES,GIRONA,337.0,9,0,2017,0,0,0.0,0,0,0,17.0,19.9,2021-08-23,-9.4,0.0
9839V,"CERLER, COGULLA",HUESCA,2374.0,6,0,2020,0,0,0.0,0,0,0,12.8,17.1,2025-08-10,-17.7,0.0
9838B,BENASQUE,HUESCA,1120.0,9,0,2017,0,0,0.0,0,0,0,13.0,17.6,2019-08-10,-17.3,0.0
9814X,TORLA - ORDESA,HUESCA,1076.0,9,0,2017,0,0,0.0,0,0,0,16.4,19.7,2022-06-17,-10.3,0.0
9814I,"TORLA-ORDESA, EL CEBOLLAR",HUESCA,1905.0,6,0,2020,0,0,0.0,0,0,0,15.4,19.1,2021-08-13,-13.8,0.0
0312X,SANT PAU DE SEGÚRIES,GIRONA,851.0,9,0,2017,0,0,0.0,0,0,0,15.7,18.8,2020-08-22,-10.8,0.0
9843A,SEIRA,HUESCA,825.0,9,0,2017,0,0,0.0,0,0,0,16.5,19.0,2024-08-07,-10.3,0.0
9001D,REINOSA,CANTABRIA,870.0,9,0,2017,0,0,0.0,0,0,0,13.7,17.5,2019-08-08,-17.5,0.0
1167B,"CAMALEÑO, FUENTE DE",CANTABRIA,1100.0,9,0,2017,0,0,0.0,0,0,0,14.9,19.5,2022-07-17,-8.6,0.0
1135C,"LOS TOJOS, BÁRCENA MAYOR",CANTABRIA,460.0,9,0,2017,0,0,0.0,0,0,0,15.4,18.3,2022-08-03,-6.4,0.0
9001S,ALTO CAMPOO,CANTABRIA,1650.0,9,0,2017,0,0,0.0,0,0,0,14.0,19.3,2023-08-23,-13.1,0.0
9027X,SARGENTES DE LA LORA,BURGOS,1017.0,6,0,2017,0,0,0.0,0,0,0,14.5,18.1,2020-08-07,-10.6,0.0
9019B,"VALDERREDIBLE, POLIENTES",CANTABRIA,720.0,9,0,2017,0,0,0.0,0,0,0,14.2,18.0,2018-07-26,-11.5,0.0
9016X,"VALDERREDIBLE, CUBILLO DE EBRO",CANTABRIA,770.0,9,0,2017,0,0,0.0,0,0,0,14.0,18.1,2018-07-26,-12.4,0.0
1212E,ASTURIAS AEROPUERTO,ASTURIAS,127.0,9,0,2017,0,0,0.0,0,0,0,18.2,20.0,2023-08-23,-2.2,0.0
1226X,"ALLER, FELECHOSA",ASTURIAS,750.0,9,0,2017,0,0,0.0,0,0,0,15.2,18.3,2022-07-17,-7.2,0.0
9091R,VITORIA-GASTEIZ AEROPUERTO,ARABA/ALAVA,513.0,9,0,2017,0,0,0.0,1,0,0,16.2,19.4,2022-09-12,-10.1,0.0
1178Y,"POSADA DE VALDEÓN, SOTO ",LEON,953.0,9,0,2017,0,0,0.0,0,0,0,14.1,18.1,2022-07-17,-10.1,0.0
9031C,BRIVIESCA,BURGOS,730.0,9,0,2017,0,0,0.0,0,0,0,15.9,19.7,2022-08-03,-7.8,0.0
1344X,MONDOÑEDO,LUGO,125.0,8,0,2017,0,0,0.0,0,0,0,17.7,20.0,2023-08-21,-3.8,0.0
1279X,"SALAS, CAMUÑO",ASTURIAS,240.0,9,0,2017,0,0,0.0,0,0,0,17.4,20.0,2023-08-21,-3.2,0.0
1276F,POLA DE SOMIEDO,ASTURIAS,670.0,9,0,2017,0,0,0.0,0,0,0,14.9,18.1,2023-08-20,-8.3,0.0
1390X,"CARBALLO, DEPURADORA",A CORUÑA,98.0,9,0,2017,0,0,0.0,1,0,0,16.9,20.0,2024-08-17,-5.7,0.0
1410X,SOBRADO,A CORUÑA,500.0,9,0,2017,0,0,0.0,0,0,0,15.4,18.4,2023-08-23,-6.6,0.0
9287A,SAN PEDRO MANRIQUE,SORIA,1096.0,9,0,2017,0,0,0.0,0,0,0,13.1,19.1,2023-08-24,-14.2,0.0
9257X,"ESTERIBAR, EMBALSE DE EUGI",NAVARRA,615.0,9,0,2017,0,0,0.0,0,0,0,16.0,18.8,2022-08-11,-8.0,0.0
9228J,OROZ-BETELU/OROTZ-BETELU,NAVARRA,635.0,9,0,2017,0,0,0.0,1,0,0,16.3,19.6,2024-08-01,-8.8,0.0
9198X,CANFRANC,HUESCA,1197.0,9,0,2017,0,0,0.0,0,0,0,15.0,20.0,2022-06-19,-10.0,0.0
3319D,PUERTO DEL PICO,AVILA,1285.0,9,0,2017,0,0,0.0,0,0,0,10.2,13.8,2022-09-12,-16.5,0.0
1363X,AS PONTES,A CORUÑA,343.0,9,0,2017,0,0,0.0,0,0,0,16.3,18.9,2023-08-23,-3.9,0.0
1696O,BEARIZ,OURENSE,610.0,9,0,2017,0,0,0.0,0,0,0,13.4,16.6,2017-08-04,-10.7,0.0
9619,LA SEU D'URGELL,LLEIDA,677.0,7,0,2017,0,0,0.0,0,0,0,16.2,18.8,2023-07-16,-10.4,0.0
1561I,VEGA DE ESPINAREDA  ,LEON,770.0,8,0,2018,0,0,0.0,0,0,0,15.0,18.5,2022-07-17,-8.8,0.0
1521I,O PÁRAMO,LUGO,403.0,9,0,2017,0,0,0.0,0,0,0,16.4,19.8,2017-08-04,-7.7,0.0
1518A,LUGO,LUGO,442.0,9,0,2017,0,0,0.0,1,0,0,16.6,19.4,2017-06-19,-5.8,0.0
1505,LUGO AEROPUERTO,LUGO,442.0,9,0,2017,0,0,0.0,0,0,0,16.2,18.9,2024-08-11,-7.2,0.0
1541B,VILLABLINO,LEON,958.0,8,0,2017,0,0,0.0,0,0,0,12.6,15.9,2019-08-08,-11.2,0.0
2978X,VERÍN,OURENSE,380.0,9,0,2017,0,0,0.0,0,0,0,16.4,19.8,2020-07-12,-10.0,0.0
3110C,BUITRAGO DEL LOZOYA,MADRID,1030.0,5,0,2017,0,0,0.0,1,0,0,15.5,19.1,2017-08-04,-11.3,0.0
3104Y,RASCAFRÍA,MADRID,1159.0,9,0,2017,0,0,0.0,0,0,0,12.1,16.6,2019-07-13,-12.9,0.0
1679A,MONFORTE DE LEMOS,LUGO,291.0,9,0,2017,0,0,0.0,1,0,0,17.6,20.0,2023-08-19,-8.7,0.0
9590D,CAP DE REC,LLEIDA,1940.0,5,0,2021,0,0,0.0,0,0,0,12.6,18.9,2023-07-18,-15.2,0.0
9585,LA MOLINA,GIRONA,1699.0,9,0,2017,0,0,0.0,0,0,0,14.8,20.0,2023-07-18,-15.6,0.0
9590,MARTINET,LLEIDA,1038.0,9,0,2017,0,0,0.0,0,0,0,14.3,19.0,2024-07-19,-16.7,0.0
9453X,"BIESCAS, EMBALSE DE BÚBAL",HUESCA,1100.0,9,0,2017,0,0,0.0,0,0,0,14.3,17.8,2024-07-28,-12.1,0.0
3130C,SIGÜENZA,GUADALAJARA,1005.0,8,0,2018,0,0,0.0,0,0,0,14.6,19.7,2022-08-10,-16.8,0.0
2930Y,NAVASFRÍAS,SALAMANCA,880.0,9,0,2017,0,0,0.0,0,0,0,13.4,16.7,2022-05-21,-11.7,0.0
3044X,CAÑIZARES,CUENCA,928.0,5,0,2017,0,0,0.0,0,0,0,15.1,17.7,2019-06-27,-11.6,0.0
3013,MOLINA DE ARAGÓN,GUADALAJARA,1062.0,9,0,2017,0,0,0.0,0,0,0,14.5,18.3,2019-06-27,-25.2,0.0
1455I,RODEIRO-VILAMAIOR,PONTEVEDRA,645.0,9,0,2017,0,0,0.0,0,0,0,15.2,20.0,2023-08-23,-7.3,0.0
2742R,BUSTILLO DEL PÁRAMO,LEON,850.0,9,0,2017,0,0,0.0,0,0,0,15.1,18.9,2022-07-17,-10.1,0.0
2737E,LAGUNAS DE SOMOZA,LEON,1020.0,6,0,2018,0,0,0.0,0,0,0,14.8,18.1,2022-07-17,-11.7,0.0
2276B,VILLAELES DE VALDAVIA,PALENCIA,908.0,9,0,2017,0,0,0.0,0,0,0,14.9,19.9,2022-08-03,-9.4,0.0
2243A,AGUILAR DE CAMPOO,PALENCIA,910.0,9,0,2017,0,0,0.0,0,0,0,13.8,18.8,2022-06-16,-11.0,0.0
2235U,CERVERA DE PISUERGA,PALENCIA,1140.0,9,0,2017,0,0,0.0,0,0,0,14.9,20.0,2022-07-17,-9.2,0.0
2044B,LUBIA,SORIA,1100.0,9,0,2017,0,0,0.0,0,0,0,15.5,19.2,2022-07-18,-14.3,0.0
2084Y,UCERO,SORIA,960.0,9,0,2017,0,0,0.0,0,0,0,13.3,18.1,2024-07-28,-16.1,0.0
2048A,MORÓN DE ALMAZÁN,SORIA,978.0,9,0,2017,0,0,0.0,0,0,0,14.5,18.8,2024-07-30,-19.2,0.0
1738U,MUIÑOS,OURENSE,730.0,9,0,2017,0,0,0.0,0,0,0,15.4,19.5,2022-07-14,-7.8,0.0
2005Y,"VINUESA, QUINTANAREJO",SORIA,1197.0,9,0,2017,0,0,0.0,0,0,0,13.8,16.4,2025-08-12,-11.3,0.0
2017Y,"LA PÓVEDA DE SORIA, BARRIOMARTÍN",SORIA,1260.0,9,0,2017,0,0,0.0,0,0,0,13.8,17.5,2018-08-04,-11.7,0.0
1735X,XINZO DE LIMIA,OURENSE,616.0,8,0,2018,0,0,0.0,0,0,0,14.3,17.8,2023-08-19,-11.5,0.0
2624C,RIAÑO,LEON,1090.0,9,0,2017,0,0,0.0,0,0,0,13.4,16.8,2019-06-29,-12.2,0.0
2701D,"BARRIOS DE LUNA, MIÑERA",LEON,1120.0,9,0,2017,0,0,0.0,0,0,0,13.5,18.1,2022-07-17,-12.6,0.0
9677,PORT AINÉ,LLEIDA,2410.0,5,0,2021,0,0,0.0,0,0,0,12.3,16.1,2023-08-24,-18.6,0.0
9689X,TORRE DE CABDELLA,LLEIDA,1273.0,9,0,2017,0,0,0.0,0,0,0,16.0,19.5,2025-08-10,-10.8,0.0
9744B,VALL DE BOÍ,LLEIDA,1089.0,9,0,2017,0,0,0.0,0,0,0,13.2,16.4,2017-06-25,-16.6,0.0
9784P,BIELSA,HUESCA,992.0,9,0,2017,0,0,0.0,0,0,0,14.7,18.3,2019-08-10,-12.5,0.0
8458X,CEDRILLAS,TERUEL,1380.0,9,0,2017,0,0,0.0,0,0,0,15.3,19.5,2023-07-11,-15.1,0.0
8210Y,SALVACAÑETE,CUENCA,1160.0,7,0,2017,0,0,0.0,0,0,0,13.9,19.3,2025-07-09,-16.3,0.0
9657X,ESTERRI D'ÀNEU,LLEIDA,952.0,5,0,2018,0,0,0.0,0,0,0,13.8,18.0,2019-08-11,-13.5,0.0
9660,SANT MAURICI (LLAC),LLEIDA,1907.0,8,0,2017,0,0,0.0,0,0,0,15.1,19.0,2017-06-23,-13.9,0.0
2867,SALAMANCA AEROPUERTO,SALAMANCA,790.0,9,0,2017,0,0,0.0,0,0,0,15.1,20.0,2017-06-19,-11.9,0.0
9990X,"NAUT ARAN, ARTIES",LLEIDA,1161.0,6,0,2017,0,0,0.0,0,0,0,15.4,20.0,2022-07-19,-14.7,0.0
9988B,CAP DE VAQUÈIRA,LLEIDA,2467.0,5,0,2021,0,0,0.0,0,0,0,12.7,16.8,2023-07-11,-18.7,0.0
2885K,FRESNO DE SAYAGO,ZAMORA,804.0,9,0,2017,0,0,0.0,0,0,0,15.6,20.0,2022-07-15,-10.9,0.0
2728B,"QUINTANA DEL CASTILLO, VILLAMECA",LEON,995.0,9,0,2017,0,0,0.0,0,0,0,16.0,19.8,2022-07-17,-9.4,0.0
2828Y,BARCO DE AVILA,AVILA,1012.0,9,0,2017,0,0,0.0,0,0,0,15.1,19.6,2022-07-18,-13.1,0.0
2734D,ASTORGA,LEON,919.0,7,0,2017,0,0,0.0,1,0,0,14.9,19.7,2024-07-29,-11.4,0.0
2766E,"SANABRIA, ROBLEDA-CERVANTES",ZAMORA,933.0,9,0,2017,0,0,0.0,0,0,0,11.9,15.8,2019-08-08,-13.9,0.0
9207,"VALLE DE HECHO, HECHO",HUESCA,860.0,9,1,2022,0,0,0.2,1,1,0,15.5,23.7,2023-09-04,-14.0,0.1
9218A,ISABA/IZABA,NAVARRA,838.0,9,1,2023,0,0,0.1,1,1,0,13.9,22.0,2023-09-04,-12.6,0.1
2298,PALACIOS DE LA SIERRA,BURGOS,1080.0,9,1,2024,0,0,0.1,1,1,0,14.5,21.3,2024-07-28,-14.9,0.0
2172Y,SARDÓN DE DUERO,VALLADOLID,725.0,9,1,2022,0,0,0.1,1,1,0,15.7,20.4,2022-06-16,-11.8,0.0
2491C,"LA COVATILLA, ESTACIÓN DE ESQUÍ",SALAMANCA,1960.0,5,1,2023,0,0,0.2,2,1,0,16.4,21.0,2023-08-09,-13.6,0.0
2401X,PALENCIA,PALENCIA,736.0,9,1,2022,0,0,0.2,1,1,0,16.2,20.3,2024-07-29,-8.7,0.0
7067Y,NERPIO,ALBACETE,1485.0,6,1,2019,0,0,0.3,1,1,0,15.4,21.2,2024-07-20,-14.8,0.0
8245Y,MIRA,CUENCA,815.0,8,1,2023,0,1,0.2,1,1,0,16.3,20.6,2023-07-14,-11.9,0.0
2873X,BARBADILLO,SALAMANCA,817.0,8,1,2017,0,0,0.1,1,1,0,15.5,22.4,2017-06-19,-11.9,0.0
9994X,BOSSÒST,LLEIDA,722.0,8,1,2017,0,0,0.2,1,1,0,15.8,22.5,2017-07-18,-10.6,0.0
2539,VALLADOLID AEROPUERTO,VALLADOLID,846.0,9,1,2022,0,0,0.2,1,1,0,17.1,20.7,2023-08-23,-9.0,0.0
2847X,PEDROSILLO DE LOS AIRES   ,SALAMANCA,865.0,9,1,2017,0,0,0.1,1,1,0,15.3,22.4,2017-06-19,-10.6,0.0
1021Y,ARTICUTZA (AUTOMATICA),NAVARRA,305.0,8,1,2022,0,0,0.1,1,1,0,17.0,20.1,2022-09-13,-6.4,0.1
9998X,BELLO,TERUEL,1006.0,9,1,2019,0,0,0.3,1,1,0,16.0,22.1,2023-07-18,-25.4,0.0
2775X,VILLARDECIERVOS,ZAMORA,850.0,9,1,2024,0,0,0.1,1,1,0,15.3,20.1,2024-08-10,-10.9,0.0
2331,BURGOS AEROPUERTO,BURGOS,891.0,9,1,2022,0,0,0.2,1,1,0,15.1,21.0,2023-08-24,-9.8,0.0
9228T,RONCESVALLES/ORREAGA,NAVARRA,947.0,9,1,2019,0,0,0.1,1,1,0,15.0,22.3,2019-06-27,-10.6,0.0
1639X,CHANDREXA DE QUEIXA,OURENSE,990.0,9,1,2021,0,0,0.2,1,1,0,15.2,21.1,2021-09-06,-10.2,0.1
3111D,SOMOSIERRA,MADRID,1454.0,6,1,2022,0,1,0.5,1,1,0,17.1,20.4,2025-08-10,-10.7,0.0
1542,PUERTO DE LEITARIEGOS,ASTURIAS,1530.0,7,1,2022,0,0,0.1,1,1,0,14.3,20.2,2022-07-16,-12.6,0.0
9381I,CALAMOCHA,TERUEL,884.0,9,1,2020,0,0,0.6,2,1,0,17.7,22.2,2023-07-18,-21.3,0.0
9632X,TUIXENT,LLEIDA,1196.0,9,1,2017,0,0,0.1,1,1,0,15.5,20.1,2017-07-31,-12.3,0.0
1393,CABO VILÁN,A CORUÑA,50.0,9,1,2020,0,0,0.1,1,1,0,17.3,20.8,2020-09-13,1.3,0.1
1465U,LALIN-CRISTIMIL,PONTEVEDRA,463.0,9,1,2017,0,0,0.1,1,1,0,16.1,20.6,2017-10-15,-6.5,0.1
1473A,PADRÓN,A CORUÑA,100.0,9,1,2022,0,1,0.4,1,1,0,17.7,20.3,2022-07-14,-4.1,0.0
1468X,A ESTRADA,PONTEVEDRA,269.0,9,1,2018,0,0,0.2,1,1,0,17.0,21.0,2022-07-14,-3.4,0.0
1406X,MAZARICOS,A CORUÑA,340.0,9,1,2022,0,0,0.1,1,1,0,16.2,22.7,2022-07-14,-3.1,0.0
9352A,ALMAZUL,SORIA,1000.0,9,1,2023,0,0,0.1,1,1,0,16.6,21.0,2023-08-21,-12.1,0.0
1064L,"OROZKO, IBARRA",BIZKAIA,270.0,9,1,2018,0,0,0.3,2,1,0,17.6,24.2,2022-10-27,-5.3,0.2
8489X,VILLAFRANCA DEL CID/VILAFRANCA,CASTELLON,1130.0,9,1,2019,0,0,0.4,1,1,0,16.7,23.4,2023-07-18,-10.1,0.0
1700X,O CARBALLIÑO,OURENSE,400.0,9,1,2018,0,0,0.1,1,1,0,16.2,20.1,2018-08-03,-7.8,0.0
1706A,ALLARIZ,OURENSE,492.0,9,1,2023,0,1,0.2,1,1,0,16.6,20.8,2023-08-23,-8.4,0.0
2030,SORIA,SORIA,1081.0,9,1,2022,0,0,0.1,1,1,0,16.5,20.6,2022-07-19,-11.1,0.0
2302N,MONTERRUBIO DE LA DEMANDA,BURGOS,1197.0,9,1,2019,0,0,0.1,1,1,0,13.6,21.1,2019-06-27,-11.3,0.0
1341B,"TARAMUNDI, OURIA",ASTURIAS,340.0,9,1,2017,0,0,0.2,1,1,0,16.9,21.1,2019-08-08,-2.3,0.1
1221D,PAJARES-VALGRANDE,ASTURIAS,1480.0,9,1,2022,0,0,0.1,1,1,0,14.2,22.1,2022-07-17,-10.6,0.0
9060X,LALASTRA,ARABA/ALAVA,910.0,9,1,2022,0,0,0.1,1,1,0,14.7,20.2,2022-10-27,-10.7,0.1
9091O,FORONDA-TXOKIZA,ARABA/ALAVA,513.0,9,1,2022,0,0,0.1,1,1,0,15.9,20.2,2022-09-12,-8.5,0.1
1069Y,"ABADIÑO, URKIOLA",BIZKAIA,747.0,9,1,2024,0,0,0.1,3,1,0,16.0,20.6,2024-07-29,-7.2,0.0
9012E,SANTA GADEA DE ALFOZ,BURGOS,915.0,9,1,2022,0,0,0.1,1,1,0,15.3,21.6,2022-07-17,-9.0,0.0
1223P,"LENA, RONZÓN",ASTURIAS,370.0,9,1,2018,0,0,0.3,1,1,0,17.2,21.2,2022-10-27,-5.0,0.1
1199X,"PILOÑA, BARGAÉU",ASTURIAS,280.0,9,1,2025,0,1,0.1,1,1,0,17.2,20.2,2025-06-29,-5.4,0.0
1302F,DEGAÑA,ASTURIAS,1310.0,9,1,2022,0,0,0.1,2,1,0,14.4,23.3,2022-07-16,-10.5,0.0
0320I,PLANOLES,GIRONA,1151.0,9,1,2021,0,0,0.1,1,1,0,16.3,20.3,2021-08-12,-9.5,0.0
9263D,"PAMPLONA, AEROPUERTO",NAVARRA,459.0,9,2,2019,0,0,0.9,2,2,0,18.0,22.4,2022-06-17,-7.2,0.2
1387E,A CORUÑA AEROPUERTO,A CORUÑA,98.0,9,2,2023,0,0,0.2,2,1,0,17.6,21.1,2023-08-23,-3.8,0.0
8354X,ALBARRACÍN,TERUEL,1130.0,9,2,2023,0,0,0.8,2,2,0,17.1,23.3,2023-07-18,-17.2,0.0
8309X,UTIEL,VALENCIA,758.0,9,2,2017,0,1,1.0,1,1,0,17.8,21.3,2022-07-27,-11.5,0.0
1476R,"ROIS, CASAS DO PORTO",A CORUÑA,210.0,9,2,2018,0,0,0.7,2,2,0,17.2,22.3,2022-07-13,-1.8,0.1
1428,SANTIAGO DE COMPOSTELA AEROPUERTO,A CORUÑA,370.0,9,2,2018,0,0,0.6,2,2,0,16.3,21.6,2022-07-13,-4.2,0.1
9111,BELORADO,BURGOS,820.0,5,2,2025,0,2,0.8,1,1,0,16.0,22.0,2022-10-27,-8.9,0.2
1179B,CABRALES,ASTURIAS,458.0,9,2,2022,0,0,0.3,1,1,0,16.8,22.8,2022-10-27,-4.2,0.2
1249I,OVIEDO,ASTURIAS,336.0,6,2,2022,0,2,0.3,2,2,0,18.0,21.1,2022-07-14,-3.5,0.0
1327A,"VILLAYÓN, ONETA",ASTURIAS,410.0,9,2,2017,0,0,0.4,1,1,0,16.8,21.7,2017-06-20,-3.3,0.1
1078I,GÜEÑES,BIZKAIA,208.0,5,2,2023,0,2,0.6,3,1,0,17.9,23.2,2022-10-27,-5.0,0.4
0363X,SANT HILARI,GIRONA,810.0,9,2,2022,0,0,0.4,1,1,0,17.1,20.9,2022-05-22,-8.0,0.1
1174I,"CILLORIGO DE LIÉBANA, TAMA",CANTABRIA,250.0,9,2,2023,0,0,0.4,1,1,0,17.4,22.6,2022-10-27,-7.3,0.2
0349,SANT JULIÀ  DE VILATORTA,BARCELONA,578.0,6,2,2023,0,1,0.5,1,1,0,18.1,20.2,2025-07-16,-8.7,0.0
0341,TONA (ESCOLA),BARCELONA,607.0,9,2,2023,0,2,0.7,1,1,0,18.3,20.5,2018-08-03,-7.7,0.0
9374X,SANTA EULALIA DEL CAMPO,TERUEL,1000.0,9,2,2023,0,0,0.3,1,1,0,16.8,20.9,2023-07-18,-23.1,0.0
1089U,RAMALES DE LA VICTORIA,CANTABRIA,80.0,9,2,2023,0,2,0.9,2,2,0,18.2,22.9,2023-10-17,-6.2,0.3
1083B,SOPUERTA,BIZKAIA,177.0,9,2,2022,0,2,0.8,2,2,0,18.2,23.9,2022-10-27,-3.8,0.3
B684A,"ESCORCA, SON TORRELLA",ILLES BALEARS,842.0,9,2,2017,0,0,0.3,2,2,1,16.9,25.7,2017-08-02,-5.3,0.0
9995Y,VALCARLOS/LUZAIDE,NAVARRA,334.0,9,2,2023,0,0,0.7,3,1,0,18.2,21.8,2022-08-11,-7.3,0.1
2626Y,CUBILLAS DE RUEDA,LEON,916.0,9,2,2022,0,0,0.2,2,2,0,15.0,22.7,2022-07-17,-12.4,0.0
1037X,LEGAZPI,GIPUZKOA,460.0,9,2,2022,0,1,0.9,4,2,0,17.4,21.8,2022-10-27,-7.1,0.4
9726E,LLORAC,TARRAGONA,657.0,9,2,2023,0,1,0.4,1,1,0,17.2,20.4,2023-07-15,-11.7,0.1
9188,ENCISO,LA RIOJA,855.0,9,2,2019,0,1,0.8,2,2,0,16.2,24.1,2023-08-24,-9.4,0.0
2661,"LEÓN, VIRGEN DEL CAMINO",LEON,916.0,9,2,2022,0,2,0.7,2,2,0,17.0,24.5,2022-07-17,-8.8,0.0
2914C,BOADILLA FUENTE SAN ESTEBAN,SALAMANCA,785.0,8,2,2022,0,0,0.6,2,2,0,17.1,21.6,2023-08-23,-8.1,0.1
9238X,NAVASCUÉS/NABASKOZE,NAVARRA,612.0,9,2,2022,0,0,0.7,2,2,0,15.5,23.2,2023-09-04,-12.5,0.3
3209Y,BRIHUEGA,GUADALAJARA,835.0,9,2,2022,0,0,0.7,1,1,0,18.0,21.0,2022-08-10,-11.5,0.0
1399,VIMIANZO,A CORUÑA,287.0,9,2,2022,0,0,0.2,2,2,0,16.2,23.1,2022-07-14,-1.5,0.0
1631E,A POBRA DE TRIVES,OURENSE,840.0,9,2,2022,0,0,0.2,2,1,0,15.6,21.5,2022-07-17,-9.2,0.0
2945A,EL BODÓN BASE AÉREA,SALAMANCA,805.0,9,2,2022,0,0,0.4,1,1,0,16.7,23.3,2023-08-23,-8.8,0.1
3103,PANTANO EL VADO,GUADALAJARA,910.0,9,2,2025,0,2,0.7,1,1,0,17.4,21.7,2019-07-13,-8.8,0.0
9451F,"PANTICOSA, PETROSOS",HUESCA,1850.0,6,2,2021,0,2,0.7,2,2,0,16.6,21.3,2021-08-14,-13.4,0.0
9460X,SABIÑÁNIGO,HUESCA,775.0,9,2,2023,0,0,0.4,1,1,0,16.7,23.2,2019-06-26,-15.0,0.1
9069C,MIRANDA DE EBRO,BURGOS,460.0,9,2,2022,0,0,0.3,2,1,0,17.3,20.6,2022-08-03,-8.1,0.1
9136X,"ANGUIANO, VALVANERA",LA RIOJA,1006.0,9,2,2023,0,0,0.2,2,2,0,15.2,20.7,2023-08-24,-8.0,0.0
2296A,ÓLVEGA,SORIA,1039.0,9,2,2022,0,1,0.7,2,2,0,15.9,21.3,2022-07-18,-9.9,0.0
1723X,"PONTEAREAS, CANEDO",PONTEVEDRA,90.0,9,2,2018,0,0,0.6,2,2,0,17.1,21.5,2022-07-14,-5.0,0.0
2517A,FUENTE EL SOL,VALLADOLID,755.0,9,2,2019,0,2,1.2,2,2,0,16.9,22.3,2023-08-23,-14.3,0.1
2777K,SANTIBAÑEZ DE VIDRIALES,ZAMORA,737.0,9,2,2022,0,0,0.3,1,1,0,16.4,21.5,2022-07-14,-10.1,0.0
2374X,CARRIÓN DE LOS CONDES,PALENCIA,830.0,8,2,2022,0,0,0.5,1,1,0,16.0,20.8,2024-08-10,-9.0,0.0
2192C,CUÉLLAR,SEGOVIA,795.0,9,2,2022,0,0,0.2,1,1,0,14.1,20.3,2022-08-10,-16.2,0.0
2135A,FRESNO DE CANTESPINO,SEGOVIA,993.0,9,2,2019,0,0,0.6,1,1,0,15.6,23.7,2019-06-27,-15.3,0.0
2092,BURGO DE OSMA,SORIA,932.0,9,2,2024,0,0,0.4,1,1,0,16.3,21.7,2023-08-22,-17.9,0.0
1489A,A LAMA,PONTEVEDRA,395.0,9,3,2022,0,1,1.1,3,3,0,16.9,23.9,2022-07-14,-4.3,0.1
9201K,JACA,HUESCA,823.0,6,3,2019,0,3,1.3,2,2,0,17.5,22.0,2019-06-27,-11.8,0.0
1435C,NOIA,A CORUÑA,128.0,9,3,2018,0,0,1.1,3,3,0,17.8,24.0,2022-07-13,0.1,0.2
1442U,BOIRO,A CORUÑA,10.0,9,3,2022,0,0,1.3,4,2,0,18.3,23.6,2018-08-04,-1.9,0.0
1466A,SILLEDA,PONTEVEDRA,435.0,9,3,2022,0,2,0.9,3,3,0,16.6,24.3,2022-07-13,-3.1,0.0
1475X,SANTIAGO DE COMPOSTELA,A CORUÑA,240.0,9,3,2022,0,0,0.8,3,3,0,17.8,23.2,2022-07-14,-1.8,0.0
1186P,"AMIEVA, PANIZALES",ASTURIAS,370.0,9,3,2022,0,0,0.8,2,2,0,17.2,22.3,2022-10-27,-3.9,0.4
9141V,NÁJERA,LA RIOJA,500.0,9,3,2022,0,0,0.8,2,2,0,18.3,23.2,2019-06-27,-5.9,0.0
9377Y,EL PEDREGAL,GUADALAJARA,1185.0,9,3,2023,0,1,0.8,2,2,0,16.8,22.6,2023-07-18,-14.0,0.1
8486X,MOSQUERUELA,TERUEL,1515.0,9,3,2021,0,0,0.8,3,3,0,17.1,23.1,2023-07-18,-10.9,0.0
C430E,IZAÑA,SANTA CRUZ DE TENERIFE,2369.0,9,3,2023,0,0,0.7,3,3,0,18.2,21.4,2024-07-12,-6.3,0.0
1044X,"ARAMAIO, ETXAGUEN",ARABA/ALAVA,617.0,9,3,2022,0,2,1.2,4,2,0,16.7,21.5,2024-07-29,-6.6,0.2
1078C,BALMASEDA,BIZKAIA,210.0,9,3,2025,0,3,0.7,5,1,0,18.2,20.9,2025-08-17,-7.4,0.1
1124E,VILLACARRIEDO,CANTABRIA,196.0,9,3,2022,0,1,0.7,2,2,0,17.9,23.8,2022-10-27,-5.5,0.4
3494U,NUÑOMORAL,CACERES,470.0,9,3,2023,0,0,1.4,1,1,0,17.4,23.4,2017-08-04,-7.9,0.0
9274X,IRURTZUN,NAVARRA,432.0,9,3,2022,0,1,1.0,4,3,0,18.3,21.6,2022-10-27,-6.6,0.3
9051,MEDINA DE POMAR,BURGOS,580.0,9,3,2022,0,0,0.3,1,1,0,16.2,22.2,2022-10-27,-9.7,0.1
1203D,COLUNGA,ASTURIAS,30.0,9,3,2023,0,0,1.0,2,2,0,18.3,20.9,2023-08-20,-1.5,0.0
1249X,OVIEDO,ASTURIAS,334.0,9,3,2022,0,0,0.4,2,2,0,18.1,20.5,2022-07-14,-3.4,0.0
1234P,"MIERES, BAIÑA",ASTURIAS,170.0,9,3,2018,0,1,1.2,2,2,0,18.6,21.9,2023-10-17,-4.3,0.1
1272B,"TINEO, SOUTU",ASTURIAS,280.0,9,3,2018,0,1,0.8,2,2,0,18.0,21.0,2018-08-04,-5.4,0.0
1351,ESTACA DE BARES,A CORUÑA,90.0,9,3,2023,0,0,0.3,2,2,0,18.5,20.3,2023-08-22,2.2,0.1
1658,FOLGOSO DO COUREL,LUGO,612.0,8,3,2022,0,0,0.4,1,1,1,16.1,25.4,2022-06-17,-7.9,0.0
1484C,PONTEVEDRA,PONTEVEDRA,113.0,9,3,2018,0,3,1.3,3,3,0,18.0,24.9,2022-07-13,-1.2,0.1
2568D,"SANTERVÁS DE LA VEGA, VILLAPÚN",PALENCIA,985.0,9,3,2022,0,0,0.3,3,3,0,16.3,21.5,2022-07-18,-8.5,0.0
2789H,POZUELO DE TABARA,ZAMORA,711.0,7,3,2017,0,0,0.7,2,2,0,17.1,22.1,2022-07-15,-9.7,0.0
2863C,PEDRAZA DE ALBA  ,SALAMANCA,897.0,9,3,2022,0,1,0.8,2,1,0,16.3,22.0,2017-06-19,-13.4,0.0
2926B,BAÑOBÁREZ,SALAMANCA,748.0,9,3,2022,0,1,0.8,2,2,0,17.1,22.1,2023-08-23,-7.9,0.0
2400E,AUTILLA DEL PINO,PALENCIA,874.0,9,3,2022,0,3,1.2,3,3,0,16.7,22.0,2022-07-16,-10.0,0.0
2462,PUERTO DE NAVACERRADA,MADRID,1892.0,9,3,2022,0,2,1.1,2,2,0,17.2,21.2,2018-08-03,-13.8,0.0
2290Y,PEDROSA DEL PRÍNCIPE,BURGOS,771.0,9,3,2024,0,2,0.9,2,2,0,15.9,21.2,2022-08-03,-10.2,0.0
2362C,"VELILLA DEL RÍO CARRIÓN, CAMPORREDONDO DE ALBA",PALENCIA,1575.0,9,3,2022,0,1,0.6,2,2,0,16.3,21.9,2025-08-16,-9.9,0.0
2166Y,PEÑAFIEL,VALLADOLID,756.0,9,3,2022,0,1,0.8,1,1,0,17.0,22.5,2024-08-11,-12.7,0.0
1740,"SANTILLANA DEL MAR, ALTAMIRA",CANTABRIA,150.0,9,3,2022,0,1,0.8,3,3,0,18.5,22.7,2022-07-17,-2.6,0.1
2664B,VALENCIA DE DON JUAN,LEON,788.0,9,3,2022,0,0,0.6,3,3,0,15.9,23.1,2022-07-17,-9.3,0.0
2611D,VILLAFÁFILA,ZAMORA,690.0,9,3,2022,0,0,0.4,1,1,0,16.9,21.8,2022-07-15,-9.5,0.0
8368U,TERUEL,TERUEL,902.0,9,3,2023,0,1,0.9,1,1,0,17.9,21.3,2023-07-31,-21.0,0.0
1037Y,ZUMARRAGA,GIPUZKOA,431.0,9,4,2023,0,3,1.2,4,2,0,17.8,22.6,2024-07-29,-7.1,0.4
1033X,ARESO,NAVARRA,520.0,9,4,2022,0,1,1.2,4,2,0,17.3,22.8,2025-09-19,-8.7,0.8
9178X,CAMPEZO/KANPEZU,ARABA/ALAVA,570.0,9,4,2019,0,1,1.3,2,2,0,17.0,24.2,2023-08-23,-7.9,0.1
9935X,VALDERROBRES,TERUEL,483.0,9,4,2024,0,1,1.8,2,2,0,18.0,22.1,2020-07-28,-9.7,0.0
2285B,VILLADIEGO,BURGOS,869.0,7,4,2022,0,1,1.1,3,3,0,16.6,22.2,2025-08-15,-8.2,0.0
2593D,VILLALÓN DE CAMPOS,VALLADOLID,782.0,9,4,2022,0,1,0.9,2,2,0,17.3,22.1,2022-07-16,-9.9,0.0
2755X,BENAVENTE,ZAMORA,715.0,9,4,2022,0,1,1.0,3,3,0,17.8,23.0,2022-07-17,-8.6,0.0
1309C,"IBIAS, SAN ANTOLIN",ASTURIAS,780.0,9,4,2022,0,0,0.9,2,2,0,16.3,24.1,2022-07-17,-6.2,0.2
9280B,LARRAGA,NAVARRA,375.0,9,4,2022,0,2,2.0,4,3,0,18.8,22.1,2022-06-17,-6.2,0.1
1477V,VILAGARCÍA DE AROUSA,PONTEVEDRA,32.0,9,4,2022,0,0,1.4,2,2,0,18.6,22.8,2022-07-14,-0.9,0.1
2946X,SAELICES EL CHICO,SALAMANCA,680.0,9,4,2022,0,2,1.1,2,1,0,17.7,22.4,2021-09-06,-8.0,0.1
9638D,COLL DE NARGÓ,LLEIDA,609.0,9,4,2023,0,0,0.9,1,1,0,18.0,23.1,2023-07-19,-9.3,0.0
1549,PONFERRADA,LEON,532.0,9,4,2022,0,2,1.0,2,2,0,18.1,21.9,2022-06-17,-8.4,0.0
1719,A CAÑIZA,PONTEVEDRA,560.0,9,4,2018,0,2,1.4,4,4,0,16.9,23.5,2022-07-13,-4.5,0.1
1701X,RIBADAVIA,OURENSE,112.0,9,4,2024,0,1,1.2,4,2,0,18.3,21.6,2023-08-23,-6.0,0.0
2117D,ARANDA DE DUERO,BURGOS,790.0,9,4,2022,0,1,0.9,2,2,0,17.7,22.6,2024-07-28,-14.7,0.0
1347T,BURELA,LUGO,80.0,9,4,2023,0,0,0.9,3,2,0,18.8,21.2,2023-08-01,2.0,0.0
1283U,CABO BUSTO,ASTURIAS,60.0,8,4,2023,0,0,0.6,3,3,0,18.9,21.8,2023-08-01,0.3,0.0
1331A,CASTROPOL,ASTURIAS,40.0,9,4,2023,0,1,0.6,3,2,0,18.2,20.9,2023-08-01,-1.9,0.1
9262P,MONREAL/ELO,NAVARRA,585.0,9,4,2024,0,2,1.6,3,3,0,17.1,23.6,2024-08-11,-6.7,0.2
1342X,RIBADEO,LUGO,43.0,9,4,2023,0,1,0.6,4,2,0,18.1,21.2,2023-08-01,-0.7,0.1
1049N,ELGETA,GIPUZKOA,470.0,9,4,2022,0,0,0.8,3,2,0,17.7,21.6,2022-10-27,-5.8,0.2
1152C,SAN FELICES DE BUELNA,CANTABRIA,105.0,9,4,2022,0,0,0.9,2,2,0,18.2,23.1,2022-10-27,-5.4,0.4
9073X,"AGURAIN/SALVATIERRA, OPAKUA",ARABA/ALAVA,660.0,9,4,2023,0,1,1.3,5,2,1,17.0,25.2,2025-08-15,-11.0,0.4
C406G,"LA OROTAVA, CAÑADAS TEIDE",SANTA CRUZ DE TENERIFE,2150.0,9,4,2023,0,0,0.9,4,2,0,16.9,21.6,2023-07-14,-8.5,0.0
2604B,MEDINA DE RIOSECO,VALLADOLID,731.0,9,5,2022,0,0,0.9,4,4,0,17.1,21.7,2024-08-11,-10.4,0.0
2311Y,VILLAMAYOR DE LOS MONTES,BURGOS,884.0,9,5,2022,0,3,2.1,2,2,1,17.6,25.2,2022-07-18,-7.9,0.0
1025A,SEGURA,GIPUZKOA,255.0,9,5,2022,0,3,2.0,4,3,0,18.4,22.1,2022-10-28,-6.7,0.9
1025X,"BEASAIN, ARRIARAN",GIPUZKOA,255.0,9,5,2022,0,3,2.0,4,2,0,18.4,22.3,2020-09-14,-6.2,0.9
1446X,MONTERROSO,LUGO,680.0,9,5,2022,0,3,1.1,5,5,0,16.5,22.9,2022-07-13,-3.3,0.0
1495,VIGO AEROPUERTO,PONTEVEDRA,255.0,9,5,2020,0,4,2.8,3,3,0,17.5,24.9,2018-08-04,-3.1,0.4
4527X,AROCHE,HUELVA,267.0,9,5,2025,0,5,1.7,2,2,0,18.0,23.8,2023-08-09,-6.9,0.0
1207U,"GIJÓN, CAMPUS",ASTURIAS,26.0,8,5,2024,0,5,1.9,3,3,0,18.6,21.2,2024-08-11,-3.4,0.0
9121X,HARO,LA RIOJA,465.0,8,5,2022,0,2,2.0,3,2,1,18.0,25.2,2019-06-27,-4.9,0.2
3266A,PUERTO ALTO DEL LEÓN,MADRID,1530.0,8,5,2025,0,5,2.1,3,3,0,17.9,21.8,2024-07-24,-12.3,0.0
9354X,ALHAMA DE ARAGON,ZARAGOZA,703.0,9,5,2022,0,2,2.6,3,3,0,18.0,23.6,2020-07-28,-18.2,0.0
9122I,LABASTIDA,ARABA/ALAVA,612.0,9,5,2017,0,3,2.3,2,2,1,17.5,25.3,2019-06-27,-6.4,0.4
2555B,FUENTESAUCO,ZAMORA,811.0,9,5,2022,0,5,2.1,3,1,0,17.4,22.4,2017-06-13,-10.6,0.1
1387,A CORUÑA,A CORUÑA,57.0,9,5,2023,0,0,1.3,1,1,0,18.9,22.5,2023-08-23,1.9,0.2
9263X,"ARANGUREN, ILUNDAIN",NAVARRA,572.0,8,5,2022,0,3,2.2,4,2,0,17.3,24.6,2024-07-30,-6.7,0.5
1096X,"BARCENA DE CICERO, TRETO",CANTABRIA,10.0,9,5,2025,0,5,1.9,3,3,0,18.9,21.5,2024-07-29,-3.2,0.2
9145X,LEZA,ARABA/ALAVA,575.0,9,5,2022,0,5,3.4,8,2,1,18.1,25.7,2025-08-15,-6.7,0.4
1048X,ARETXABALETA,GIPUZKOA,308.0,9,5,2022,0,2,1.4,3,3,0,17.7,22.2,2022-10-27,-6.8,0.9
1074C,AMOREBIETA-ETXANO,BIZKAIA,100.0,9,5,2022,0,2,1.6,4,2,0,18.8,23.0,2022-10-27,-5.2,0.7
9751,SOPEIRA,HUESCA,760.0,9,5,2023,0,0,1.2,2,1,0,18.2,21.9,2023-07-19,-8.0,0.0
4520X,FREGENAL DE LA SIERRA,BADAJOZ,586.0,9,6,2023,0,2,2.3,3,3,0,17.6,23.2,2024-07-29,-5.0,0.0
2150H,"LA PINILLA, ESTACIÓN DE ESQUÍ",SEGOVIA,1798.0,8,6,2022,0,1,1.6,5,5,0,18.0,22.0,2022-07-15,-13.5,0.0
2059B,LA RIBA DE ESCALOTE,SORIA,1042.0,9,6,2023,0,0,2.1,5,5,0,17.6,23.3,2023-07-18,-16.7,0.0
2507Y,RUEDA,VALLADOLID,724.0,9,6,2022,0,5,2.4,2,2,0,18.2,21.9,2023-07-18,-9.1,0.0
8198Y,ALMANSA,ALBACETE,710.0,9,6,2023,0,4,2.3,3,3,0,18.9,22.9,2023-07-19,-9.0,0.0
1010X,BERA,NAVARRA,54.0,9,6,2022,0,4,3.4,4,2,0,18.8,22.1,2025-07-01,-6.3,0.4
0394X,LA VALL DE BIANYA,GIRONA,350.0,9,6,2023,0,1,1.3,2,2,0,18.6,22.4,2020-08-22,-8.8,0.0
0114X,PRATS DE LLUÇANÈS,BARCELONA,700.0,9,6,2023,0,2,1.4,4,4,0,18.3,21.6,2025-07-18,-10.1,0.0
1002Y,"BAZTAN, IRURITA",NAVARRA,183.0,9,6,2022,0,3,1.8,5,3,0,18.2,21.8,2025-07-01,-8.7,0.1
1154H,"TORRELAVEGA, SIERRAPANDO",CANTABRIA,110.0,9,6,2022,0,3,2.1,4,3,0,18.6,24.7,2022-10-27,-2.4,0.4
1056K,FORUA,BIZKAIA,45.0,9,6,2025,0,6,2.8,5,5,0,18.8,21.6,2023-08-24,-3.5,0.7
9252X,OLITE/ERRIBERRI,NAVARRA,390.0,9,6,2024,0,6,3.4,3,3,0,18.9,23.0,2024-07-30,-6.3,0.1
2471Y,SAN RAFAEL,SEGOVIA,1237.0,9,6,2022,0,4,2.6,4,4,0,18.3,23.6,2022-07-17,-12.6,0.0
2916A,VITIGUDINO,SALAMANCA,769.0,9,6,2022,0,3,1.7,3,3,0,17.8,22.9,2022-07-14,-7.7,0.1
2096B,LICERAS,SORIA,1150.0,9,6,2022,0,3,3.1,4,4,0,18.4,23.8,2023-08-24,-10.6,0.1
1477U,VILAGARCIA DE AROUSA,PONTEVEDRA,36.0,6,6,2022,0,6,2.0,3,3,0,18.8,23.2,2022-07-14,-1.0,0.2
2966D,ALCAÑICES,ZAMORA,840.0,9,6,2022,0,0,0.9,6,6,0,16.9,22.4,2022-07-15,-8.7,0.0
1038X,AZPEITIA,GIPUZKOA,180.0,9,6,2022,0,5,2.7,3,2,0,18.8,22.5,2022-09-13,-5.2,1.2
8381X,ADEMUZ,VALENCIA,705.0,9,6,2023,0,2,1.4,2,2,0,17.2,21.9,2025-07-09,-15.5,0.0
4070Y,ABIA DE OBISPALIA,CUENCA,1020.0,8,6,2022,1,4,3.2,3,3,0,19.0,22.7,2023-07-18,-9.1,0.0
1050J,ELGOIBAR,GIPUZKOA,119.0,7,7,2023,0,7,1.6,5,2,0,19.0,23.0,2023-08-24,-4.9,1.1
0061X,PONTONS,BARCELONA,632.0,9,7,2023,0,3,1.9,4,4,0,18.4,21.6,2023-08-23,-5.8,0.1
9244X,SOS DEL REY CATÓLICO,ZARAGOZA,626.0,9,7,2022,0,1,3.4,3,3,0,18.9,24.9,2024-07-30,-8.8,0.6
1354C,FERROL,A CORUÑA,4.0,8,7,2022,0,2,2.4,3,3,0,18.8,21.9,2023-08-23,0.0,0.1
9647X,TORÀ,LLEIDA,435.0,9,7,2023,0,2,1.6,2,2,0,19.0,23.0,2021-08-12,-11.1,0.2
1026X,ORDIZIA,GIPUZKOA,290.0,9,7,2022,0,4,2.8,4,3,0,18.5,23.0,2022-10-27,-5.9,1.4
2870,SALAMANCA,SALAMANCA,775.0,9,7,2022,0,3,2.3,3,3,0,19.0,22.1,2017-06-19,-8.0,0.0
1021X,"ERRENTERIA, AÑARBE",GIPUZKOA,165.0,9,7,2022,1,3,3.0,4,3,0,18.8,24.2,2022-10-27,-6.1,1.9
9170,"LOGROÑO, AEROPUERTO",LA RIOJA,353.0,9,7,2019,1,2,4.1,4,4,0,18.5,21.7,2023-08-22,-7.5,0.1
7195X,"CARAVACA DE LA CRUZ, LOS ROYOS",MURCIA,985.0,9,7,2023,0,2,3.0,4,3,0,18.7,24.2,2023-08-10,-7.8,0.0
2430Y,MUÑOTELLO,AVILA,1178.0,8,7,2022,0,6,2.9,4,4,0,18.2,22.2,2021-08-14,-9.6,0.0
2503B,"OLMEDO, DEPÓSITO DE AGUA",VALLADOLID,786.0,9,7,2022,1,4,3.0,4,2,0,18.3,23.2,2022-07-18,-12.9,0.1
9115X,VALDEZCARAY,LA RIOJA,1630.0,9,7,2025,0,7,2.9,5,5,0,17.4,23.3,2021-08-14,-12.8,0.0
1210X,CABO PEÑAS,ASTURIAS,100.0,6,7,2023,0,0,1.7,4,3,0,19.4,21.5,2023-08-23,1.9,0.3
0341X,TONA,BARCELONA,607.0,8,7,2023,0,1,1.2,4,4,0,18.7,21.8,2023-08-23,-7.5,0.0
5047E,BAZA,GRANADA,785.0,9,8,2021,0,4,3.8,3,3,0,18.6,22.2,2023-07-24,-8.8,0.1
8155Y,MOTILLA DEL PALANCAR,CUENCA,830.0,8,8,2023,1,8,5.1,5,5,0,19.5,22.1,2021-08-14,-15.5,0.0
1730E,O ROSAL,PONTEVEDRA,55.0,9,8,2018,0,8,4.2,4,4,1,18.9,26.0,2022-07-14,-2.8,0.6
1400,FISTERRA,A CORUÑA,230.0,8,8,2018,1,1,3.0,4,4,1,17.4,27.3,2022-07-13,1.1,1.4
1183X,LLANES,ASTURIAS,10.0,8,8,2023,0,0,4.2,3,3,0,19.2,22.0,2018-08-04,-0.4,1.0
1297E,CERVANTES,LUGO,1020.0,9,8,2022,0,6,2.7,4,4,0,17.6,24.6,2022-07-16,-6.6,0.1
1176A,TRESVISO,CANTABRIA,940.0,9,8,2025,0,8,2.7,2,2,0,17.0,24.5,2022-07-16,-7.0,0.4
3021Y,ZAOREJAS,GUADALAJARA,1250.0,8,8,2022,0,0,2.5,4,4,0,18.3,23.3,2021-08-14,-13.5,0.0
1387D,A CORUÑA BENS,A CORUÑA,132.0,8,8,2020,0,0,1.9,2,2,0,19.0,21.9,2023-08-23,0.9,0.8
9436X,FONFRÍA,TERUEL,1255.0,9,8,2023,0,4,2.8,5,5,0,18.1,23.0,2023-07-18,-9.9,0.0
C101A,ROQUE DE LOS MUCHACHOS,SANTA CRUZ DE TENERIFE,2223.0,6,8,2023,1,1,4.0,5,5,0,18.4,21.8,2023-08-11,-4.1,0.0
2456B,AREVALO,AVILA,820.0,9,8,2022,0,4,2.4,2,2,0,17.6,22.8,2024-08-11,-14.3,0.2
9855E,"CAPELLA, LAGUARRES",HUESCA,600.0,9,8,2023,0,1,3.1,3,3,0,18.7,22.0,2023-07-19,-10.3,0.0
1159,SAN VICENTE DE LA BARQUERA,CANTABRIA,38.0,9,8,2022,0,5,4.4,6,4,0,19.2,21.7,2024-07-31,-2.0,0.6
1060X,AMURRIO,ARABA/ALAVA,240.0,9,8,2025,0,8,2.6,5,5,0,18.6,21.9,2023-08-24,-7.3,0.6
8008Y,VILLENA,ALICANTE,486.0,9,8,2023,2,5,4.1,2,2,0,18.9,22.8,2019-07-07,-9.6,0.3
5459X,ESPIEL,CORDOBA,465.0,8,9,2020,2,8,4.8,3,3,0,19.4,23.0,2020-07-21,-6.0,0.2
2891A,VILLARINO DE LOS AIRES,SALAMANCA,690.0,9,9,2022,0,6,3.7,6,6,0,18.6,23.6,2022-07-15,-7.2,0.1
2536D,MORALES DEL TORO,ZAMORA,710.0,9,9,2022,0,2,2.0,5,5,0,17.3,23.6,2022-07-17,-8.8,0.1
8520X,LA POBLA DE BENIFASSÀ-FREDES,CASTELLON,1165.0,7,9,2023,0,7,3.7,4,4,0,18.0,23.1,2025-08-17,-9.4,0.0
3140Y,MANDAYONA,GUADALAJARA,990.0,7,9,2023,0,1,3.4,5,5,0,18.9,23.7,2021-08-14,-10.3,0.1
9301X,MONTEAGUDO,NAVARRA,410.0,9,9,2025,2,9,4.3,4,3,0,19.3,23.7,2024-07-30,-6.9,0.2
1521X,BECERREÁ,LUGO,1080.0,9,9,2025,0,9,2.8,3,3,0,17.8,23.6,2023-08-23,-5.9,0.1
9390,DAROCA,ZARAGOZA,774.0,9,9,2022,0,2,3.8,3,3,1,18.7,25.3,2023-07-18,-18.5,0.2
2804F,VILLADEPERA,ZAMORA,790.0,9,10,2022,0,4,2.8,7,7,0,18.9,23.0,2022-07-14,-7.9,0.1
5858X,ALMONTE,HUELVA,5.0,9,10,2021,1,2,5.4,2,2,1,19.3,27.5,2022-07-25,-4.4,1.0
5704B,CAZALLA DE LA SIERRA,SEVILLA,550.0,9,10,2025,1,10,4.4,3,3,0,18.8,23.7,2023-08-23,-4.8,0.1
9808X,"AÍNSA-SOBRARBE, LA SERRETA",HUESCA,610.0,9,10,2022,1,1,4.3,5,4,0,19.1,22.4,2023-08-21,-8.4,0.0
9211F,"BAILO, PUYALTO",HUESCA,722.0,9,10,2019,2,3,6.6,5,5,0,18.8,24.9,2019-06-27,-9.4,0.1
9145Y,CENICERO,LA RIOJA,429.0,9,10,2023,1,5,5.2,7,7,0,18.8,24.3,2019-06-27,-4.6,0.4
9171K,LOS ARCOS,NAVARRA,470.0,9,10,2022,1,9,5.0,5,3,1,19.0,25.3,2023-08-23,-6.6,0.2
2918Y,EL MAÍLLO,SALAMANCA,1027.0,9,10,2022,0,8,3.3,6,6,1,18.6,26.2,2022-07-17,-7.9,0.2
9344C,ARCOS DE JALÓN,SORIA,863.0,9,10,2022,0,1,2.4,3,3,0,17.8,21.8,2019-07-25,-13.6,0.0
6258X,LANJARÓN,GRANADA,708.0,9,10,2021,0,2,3.2,7,5,0,18.5,22.3,2020-08-01,-3.3,0.0
9245X,CÁSEDA,NAVARRA,440.0,9,10,2022,0,2,3.6,5,5,0,19.1,23.2,2022-06-17,-7.2,0.1
7119B,CARAVACA DE LA CRUZ,MURCIA,643.0,9,10,2023,1,6,5.3,7,7,0,19.4,23.5,2025-08-18,-7.2,0.1
8005X,FONTANARS DELS ALFORINS,VALENCIA,622.0,8,10,2023,2,4,4.5,3,3,0,19.3,22.3,2021-08-15,-8.5,0.1
2969U,A GUDIÑA,OURENSE,910.0,8,10,2025,0,10,3.5,6,6,0,19.1,24.0,2022-07-17,-7.5,0.1
2106B,CORUÑA DEL CONDE,BURGOS,955.0,9,11,2022,0,5,4.8,5,5,0,19.0,23.9,2023-08-22,-11.0,0.1
2482B,MIGUELAÑEZ,SEGOVIA,870.0,9,11,2017,0,6,5.0,4,4,0,19.0,24.0,2022-07-17,-13.5,0.0
2444,ÁVILA,AVILA,1130.0,9,11,2022,0,6,4.0,5,4,0,18.9,23.6,2022-07-15,-11.4,0.0
9394X,CALATAYUD,ZARAGOZA,582.0,9,11,2022,0,2,6.1,6,6,0,19.5,23.2,2020-07-28,-15.4,0.0
4051Y,ALCÁZAR DEL REY,CUENCA,875.0,9,11,2017,2,11,8.1,4,4,0,19.5,24.2,2021-08-15,-13.9,0.0
9208E,ARAGÜÉS DEL PUERTO,HUESCA,1025.0,9,11,2022,2,7,5.8,5,5,0,19.0,24.9,2019-06-27,-9.4,0.2
9262,PAMPLONA,NAVARRA,450.0,8,11,2022,3,7,6.0,6,6,1,19.5,26.4,2022-06-19,-5.2,0.6
1690A,OURENSE,OURENSE,146.0,8,11,2024,0,4,3.5,6,6,0,19.3,22.4,2023-08-23,-6.3,0.1
1496X,VIGO,PONTEVEDRA,120.0,9,11,2018,2,6,4.7,4,4,2,18.5,26.5,2022-07-13,0.3,1.1
1583X,O BARCO DE VALDEORRAS,OURENSE,315.0,9,12,2022,1,5,4.3,6,6,0,19.2,23.6,2022-07-15,-7.3,0.1
4089A,ALBERCA DE ZANCARA,CUENCA,858.0,8,12,2025,1,12,6.9,5,5,0,19.7,23.9,2021-08-15,-15.9,0.1
3531X,TORRECILLA DE LOS ANGELES,CACERES,459.0,9,12,2017,3,8,7.7,5,5,0,19.4,24.5,2017-08-20,-4.7,0.2
2614,ZAMORA,ZAMORA,656.0,9,12,2025,1,12,5.3,7,7,0,19.1,23.7,2017-06-19,-6.9,0.0
8376,JABALOYAS,TERUEL,1430.0,9,12,2023,1,8,5.8,4,3,1,18.8,25.1,2021-08-15,-10.6,0.0
3085Y,PASTRANA,GUADALAJARA,920.0,5,12,2022,2,6,8.0,4,3,0,19.7,22.7,2022-07-14,-6.7,0.0
9531Y,MONTALBÁN,TERUEL,895.0,9,12,2022,0,1,5.3,3,3,1,18.7,25.1,2021-08-14,-14.6,0.2
0255B,SANTA SUSANNA,BARCELONA,40.0,5,12,2017,7,8,9.6,7,7,0,19.6,23.4,2018-08-08,-3.5,0.8
1109X,SANTANDER AEROPUERTO,CANTABRIA,3.0,9,12,2018,0,4,5.3,3,3,0,19.5,24.6,2022-10-27,-4.3,1.0
0106X,BALSARENY,BARCELONA,361.0,9,12,2023,0,2,2.9,5,5,0,19.4,22.7,2017-07-14,-10.0,0.1
8439X,SEGORBE,CASTELLON,400.0,9,13,2023,0,13,4.8,6,6,0,19.6,23.0,2022-08-13,-4.0,0.1
2453E,GOTARRENDURA,AVILA,920.0,9,13,2022,0,9,4.6,4,4,0,19.2,24.3,2025-08-14,-12.5,0.3
1082,BILBAO AEROPUERTO,BIZKAIA,42.0,9,13,2022,2,10,7.0,7,5,0,19.6,22.6,2022-10-27,-4.1,2.0
9756X,BENABARRE,HUESCA,765.0,9,13,2023,1,5,5.1,6,6,0,19.3,22.7,2024-07-20,-7.8,0.1
9501X,VALMADRID,ZARAGOZA,535.0,9,13,2022,2,13,7.2,5,5,1,19.4,25.7,2022-08-13,-5.6,0.1
2422,VALLADOLID,VALLADOLID,734.0,9,13,2022,1,7,4.4,7,7,0,19.3,23.5,2022-08-10,-6.7,0.1
1024E,"DONOSTIA / SAN SEBASTIÁN, IGELDO",GIPUZKOA,250.0,9,14,2022,2,6,6.0,9,6,0,19.5,24.3,2022-10-27,-5.1,2.6
0413A,MAÇANET DE CABRENYS,GIRONA,355.0,9,14,2023,1,11,7.6,7,7,1,19.4,29.8,2018-08-04,-7.3,0.3
4096Y,MUNERA,ALBACETE,918.0,7,14,2024,0,1,3.0,4,4,0,18.6,22.1,2024-07-30,-13.0,0.1
8492X,ATZENETA DEL MAESTRAT,CASTELLON,420.0,9,14,2023,0,10,6.1,5,5,0,19.7,22.5,2025-08-18,-5.6,0.1
9513X,MUNIESA,TERUEL,800.0,9,14,2022,2,10,7.1,4,4,1,19.4,25.4,2024-07-31,-7.3,0.0
1111X,SANTANDER,CANTABRIA,51.0,9,14,2023,0,8,6.6,7,6,0,19.8,24.5,2022-10-27,-0.9,1.3
1111,SANTANDER,CANTABRIA,52.0,7,15,2023,0,15,5.4,7,7,0,19.6,23.6,2022-10-27,-0.8,1.6
3516X,PIORNAL,CACERES,1260.0,9,15,2025,1,15,8.3,8,8,0,19.9,24.2,2023-08-22,-7.8,0.0
1109,SANTANDER AEROPUERTO,CANTABRIA,3.0,7,15,2018,0,13,9.0,3,3,1,19.9,25.5,2022-10-27,-2.0,1.9
5530E,GRANADA AEROPUERTO,GRANADA,560.0,9,15,2024,1,15,9.2,4,4,0,19.7,24.9,2020-07-12,-6.9,0.4
9698U,TALARN,LLEIDA,807.0,8,15,2023,0,6,6.6,4,4,0,19.4,22.9,2023-07-19,-8.3,0.1
4492F,BARCARROTA,BADAJOZ,377.0,9,15,2025,3,15,8.8,6,6,1,19.7,26.6,2025-08-13,-5.6,0.2
3427Y,OROPESA,TOLEDO,345.0,7,15,2022,2,14,9.4,4,3,1,19.3,26.4,2019-07-22,-8.8,0.4
7080X,MORATALLA,MURCIA,955.0,9,15,2023,6,13,10.8,10,5,3,19.7,27.7,2023-08-10,-7.5,0.2
5654X,LA PUEBLA DE LOS INFANTES,SEVILLA,200.0,9,15,2023,1,8,7.3,4,4,0,19.6,24.4,2024-08-19,-6.0,0.9
9650X,ARTESA DE SEGRE,LLEIDA,400.0,9,15,2023,4,9,8.3,7,7,0,19.9,23.3,2023-07-19,-8.6,0.1
5060X,VÉLEZ BLANCO - TOPARES,ALMERIA,1190.0,9,15,2023,0,6,6.3,10,6,0,19.6,24.5,2023-08-10,-8.7,0.0
0009X,ALFORJA,TARRAGONA,406.0,9,15,2023,1,13,6.9,6,4,0,19.8,22.9,2018-08-08,-3.8,0.4
9299X,TARAZONA,ZARAGOZA,475.0,9,16,2022,2,13,6.3,6,6,0,19.8,23.9,2024-07-30,-5.4,0.2
9707,LLIMIANA,LLEIDA,515.0,9,16,2023,1,2,6.1,4,4,0,20.0,23.1,2023-07-19,-9.2,0.0
2512Y,RIVILLA DE BARAJAS,AVILA,925.0,9,16,2025,1,16,6.1,4,4,0,19.4,24.6,2025-08-17,-10.0,0.3
2882D,PEÑAUSENDE,ZAMORA,1003.0,8,17,2017,3,3,6.0,4,3,2,20.0,25.9,2022-07-17,-5.9,0.8
1208H,"GIJÓN, PUERTO",ASTURIAS,5.0,9,17,2023,0,11,8.6,7,7,0,20.0,21.7,2023-08-23,0.0,0.7
7247X,EL PINÓS/PINOSO,ALICANTE,577.0,9,17,2025,0,17,5.8,7,5,0,20.0,25.0,2025-08-18,-8.6,0.2
9563X,CASTELLFORT,CASTELLON,1220.0,9,17,2025,3,17,9.8,8,8,0,19.9,25.0,2023-07-18,-8.8,0.0
3330Y,ROZAS DE PUERTO REAL,MADRID,890.0,9,18,2022,6,14,10.9,6,6,0,19.9,24.7,2021-08-14,-6.1,0.0
5341C,FUENCALIENTE,CIUDAD REAL,710.0,9,18,2023,1,7,6.6,5,5,0,20.0,23.9,2024-07-29,-5.3,0.1
9321X,EJEA DE LOS CABALLEROS,ZARAGOZA,321.0,7,18,2022,4,15,11.4,6,6,0,19.9,24.4,2023-08-24,-7.2,1.0
3245Y,TEMBLEQUE,TOLEDO,635.0,9,18,2017,8,17,13.4,5,5,0,20.0,23.9,2024-08-12,-13.6,0.6
9491X,ALMUDÉVAR,HUESCA,390.0,9,18,2022,1,14,8.8,8,8,1,19.8,25.3,2023-08-24,-11.4,0.3
C656V,TEROR,LAS PALMAS,683.0,9,18,2023,1,9,6.3,5,5,2,20.0,25.6,2023-08-12,3.4,2.0
2182C,PEDRAZA,SEGOVIA,1107.0,9,19,2022,2,12,7.0,5,4,1,20.2,25.6,2019-06-29,-10.7,0.0
9724X,OS DE BALAGUER,LLEIDA,520.0,9,19,2023,0,12,10.3,7,7,1,20.2,25.5,2019-06-26,-9.3,0.0
1083L,CASTRO URDIALES,CANTABRIA,45.0,9,19,2022,2,7,9.0,6,6,0,20.1,23.2,2022-10-27,-1.7,2.6
4260,PERALEDA DEL ZAUCEJO,BADAJOZ,542.0,9,19,2020,2,10,10.3,7,7,0,20.2,24.9,2023-08-09,-6.5,0.3
0092X,BERGA,BARCELONA,682.0,9,20,2023,2,11,8.1,7,5,0,20.2,23.6,2021-08-12,-5.8,0.0
7072Y,YESTE,ALBACETE,960.0,9,20,2023,3,13,11.2,10,5,2,20.1,25.9,2024-07-20,-8.1,0.1
5107D,DÓLAR,GRANADA,1197.0,8,20,2023,2,14,12.0,6,6,0,20.3,24.8,2023-07-18,-5.8,0.4
4090Y,SAN CLEMENTE,CUENCA,728.0,9,20,2022,5,17,12.1,5,5,0,20.2,24.5,2021-08-15,-16.0,0.2
4395X,VILLAFRANCA DE LOS BARROS,BADAJOZ,430.0,9,20,2025,5,20,12.1,5,5,1,20.2,25.4,2024-07-29,-8.5,0.3
4410X,MÉRIDA,BADAJOZ,228.0,9,21,2022,3,20,11.9,10,7,1,20.6,26.4,2025-06-30,-5.0,0.9
8472A,MONTANEJOS,CASTELLON,601.0,9,21,2023,2,18,8.4,11,6,0,20.4,22.8,2023-07-24,-3.8,0.0
9562X,MORELLA,CASTELLON,990.0,9,21,2022,3,16,11.8,8,8,0,20.5,24.8,2023-07-18,-7.6,0.1
8175,ALBACETE BASE AÉREA,ALBACETE,702.0,9,21,2023,3,14,13.7,7,7,1,20.2,25.1,2021-08-15,-14.1,0.1
0120X,MOIÀ,BARCELONA,742.0,9,21,2025,5,21,10.7,10,9,0,20.3,24.0,2023-08-21,-6.0,0.1
9866C,BARBASTRO,HUESCA,305.0,9,21,2025,3,21,8.2,7,7,0,20.3,23.4,2023-08-22,-9.4,0.0
9336D,CASTEJON DE VALDEJASA,ZARAGOZA,543.0,9,21,2022,2,13,10.4,8,5,1,20.8,26.0,2024-07-30,-6.7,0.6
9573X,ALCAÑIZ,TERUEL,334.0,9,22,2022,0,19,10.6,12,6,0,20.1,24.2,2025-08-11,-6.7,0.1
9427X,LA ALMUNIA DE DOÑA GODINA,ZARAGOZA,370.0,9,22,2022,2,9,9.8,7,7,0,20.4,24.6,2024-07-30,-9.0,0.4
9918Y,"TAMARITE DE LITERA, LA MELUSA",HUESCA,218.0,9,22,2023,3,14,9.6,5,3,0,20.5,23.3,2023-07-19,-8.7,0.7
1052A,MUTRIKU,GIPUZKOA,150.0,9,22,2022,4,10,9.3,11,7,0,20.4,23.7,2022-08-11,-2.6,3.0
4427X,ZAFRA,BADAJOZ,433.0,9,22,2022,9,22,14.4,6,6,0,20.6,25.0,2020-07-27,-5.9,0.4
0372C,PORQUERES,GIRONA,157.0,8,22,2023,6,21,13.8,8,8,0,20.6,24.7,2023-08-23,-6.4,0.6
0367,GIRONA AEROPUERTO,GIRONA,143.0,9,22,2025,3,22,14.6,9,9,0,20.4,23.7,2023-08-23,-6.7,0.9
3194Y,POZUELO DE ALARCÓN,MADRID,665.0,9,23,2022,4,19,14.4,7,7,2,20.5,25.2,2022-06-16,-12.6,0.4
1057B,MATXITXAKO,BIZKAIA,93.0,8,23,2022,4,11,12.0,13,7,0,20.2,23.6,2022-10-27,-2.0,3.0
4007Y,OSSA DE MONTIEL,ALBACETE,905.0,9,23,2022,3,23,13.7,7,7,0,20.3,23.9,2024-07-30,-10.6,0.3
4468X,PUEBLA DE OBANDO,BADAJOZ,392.0,9,23,2017,6,23,17.6,8,8,2,20.7,28.8,2018-08-04,-4.0,1.1
7275C,YECLA,MURCIA,640.0,9,23,2025,4,23,9.8,4,4,0,20.3,23.8,2025-08-18,-7.9,0.3
4067,MADRIDEJOS,TOLEDO,690.0,9,23,2022,1,18,13.0,5,5,0,20.5,23.4,2025-07-03,-13.5,0.1
1012P,IRUN,GIPUZKOA,120.0,9,23,2022,4,10,10.9,9,7,1,20.4,26.6,2022-10-27,-5.1,3.4
4220X,PUEBLA DE DON RODRIGO,CIUDAD REAL,533.0,6,23,2025,1,23,15.0,7,7,0,21.0,24.6,2022-07-11,-7.9,0.5
4622X,VILLARRASA,HUELVA,145.0,9,23,2023,3,21,12.7,8,8,1,20.4,26.4,2022-07-25,-3.0,0.7
3422D,CANDELEDA,AVILA,350.0,9,23,2022,6,23,14.7,7,7,0,20.4,25.0,2018-08-04,-5.8,0.1
6042I,JIMENA DE LA FRONTERA,CADIZ,42.0,9,23,2024,8,11,14.1,6,5,0,20.3,24.2,2019-08-22,-2.5,3.2
0149D,MANRESA (LA CULLA),BARCELONA,291.0,9,23,2023,6,13,13.4,8,8,1,20.8,26.0,2021-08-12,-6.6,0.4
2140A,ALDEANUEVA DE SERREZUELA,SEGOVIA,1135.0,9,24,2022,4,17,11.4,8,8,1,21.1,26.4,2021-08-14,-9.1,0.3
7203A,"LORCA, ZARCILLA DE RAMOS",MURCIA,646.0,9,24,2023,9,17,14.6,8,8,0,20.6,24.8,2023-08-26,-4.8,0.1
C925F,"SAN ANDRÉS, VALVERDE",STA. CRUZ DE TENERIFE,1070.0,7,24,2017,6,12,14.1,9,9,3,21.1,27.5,2023-08-11,2.2,1.4
3170Y,ALCALA DE HENARES,MADRID,605.0,8,24,2022,2,7,10.6,8,8,1,20.5,25.4,2023-07-18,-14.3,0.1
3175,TORREJÓN DE ARDOZ,MADRID,607.0,9,24,2022,4,10,13.4,8,8,0,20.4,24.2,2022-06-16,-13.7,0.0
4464X,ALBURQUERQUE,BADAJOZ,283.0,9,24,2017,3,6,9.4,7,7,1,20.8,28.4,2018-08-04,-5.9,0.7
C457I,LA VICTORIA DE ACENTEJO,SANTA CRUZ DE TENERIFE,567.0,9,24,2023,0,8,6.8,13,13,2,21.2,27.9,2023-10-04,6.2,4.1
C928I,VALVERDE,STA. CRUZ DE TENERIFE,670.0,5,24,2023,4,11,11.0,13,13,1,21.5,25.2,2023-10-10,7.2,5.6
C611E,VEGA DE SAN MATEO,LAS PALMAS,1702.0,9,24,2017,3,17,14.9,9,9,1,20.5,25.2,2023-08-11,-1.8,0.9
1041A,ZUMAIA,GIPUZKOA,28.0,8,24,2022,5,12,11.4,13,7,1,20.4,25.5,2022-10-27,-2.5,3.0
C317B,AGULO,STA. CRUZ DE TENERIFE,765.0,9,24,2023,2,14,11.8,8,8,2,20.9,27.4,2020-08-27,6.2,5.7
0149X,MANRESA,BARCELONA,291.0,9,25,2023,5,11,12.0,6,6,0,20.9,24.7,2021-08-12,-6.9,0.4
C468X,SAN JUAN DE LA RAMBLA,SANTA CRUZ DE TENERIFE,667.0,6,25,2023,6,9,10.7,14,14,2,22.1,27.3,2021-08-16,5.8,5.8
8096,CUENCA,CUENCA,949.0,9,25,2022,3,12,13.4,10,10,0,20.7,24.7,2023-07-18,-10.9,0.1
4554X,CARTAYA,HUELVA,15.0,9,25,2023,3,14,10.1,5,5,1,20.6,26.5,2022-07-25,-2.2,0.8
9293X,"ALFARO, LA PLANA",LA RIOJA,371.0,5,25,2022,5,20,14.0,11,8,1,20.7,25.6,2024-07-30,-3.6,0.8
4093Y,OSA DE LA VEGA,CUENCA,763.0,9,25,2022,6,15,10.6,8,8,0,20.2,23.3,2024-07-30,-12.0,0.2
0260X,FOGARS DE MONTCLÚS,BARCELONA,936.0,9,25,2025,6,25,13.8,10,10,2,20.9,26.2,2023-08-23,-5.4,0.2
B236C,"PALMA, UNIVERSITAT",BALEARES,95.0,9,26,2023,7,11,15.1,14,14,0,20.9,25.0,2019-07-07,-2.5,2.1
4193Y,EL ROBLEDO,CIUDAD REAL,587.0,8,26,2025,8,26,16.6,8,8,0,20.4,24.4,2024-07-29,-7.2,0.6
C148F,SAN ANDRÉS Y SAUCES,STA. CRUZ DE TENERIFE,362.0,9,26,2023,0,4,6.4,13,13,2,21.1,26.1,2021-08-17,8.2,3.8
9775X,EL SOLERÀS,LLEIDA,392.0,9,26,2019,14,19,20.0,9,7,1,20.6,25.9,2021-07-23,-5.5,0.4
5960,JEREZ DE LA FRONTERA AEROPUERTO,CADIZ,27.0,9,26,2025,9,26,16.2,7,7,1,20.4,25.5,2021-09-06,-3.1,2.7
4541X,EL GRANADO,HUELVA,60.0,9,26,2025,5,26,16.4,7,7,1,21.2,26.3,2018-08-04,-2.4,1.3
6040X,CORTES DE LA FRONTERA,MALAGA,315.0,9,26,2023,5,16,14.2,10,6,0,20.7,24.7,2023-07-19,-1.1,0.9
9894Y,SARIÑENA,HUESCA,300.0,9,26,2022,7,14,13.7,6,6,0,20.6,22.5,2020-08-09,-8.1,0.4
8395X,CHELVA,VALENCIA,515.0,9,26,2023,6,22,13.3,10,10,0,20.9,24.4,2021-08-15,-5.2,0.1
4511C,JEREZ DE LOS CABALLEROS,BADAJOZ,381.0,9,26,2022,7,24,15.6,8,8,3,21.1,26.5,2025-08-13,-4.4,0.6
9550C,"ANDORRA, HORCALLANA",TERUEL,762.0,9,27,2022,8,25,16.7,11,11,1,21.0,26.7,2024-07-31,-6.5,0.4
1014,"HONDARRIBIA, MALKARROA",GIPUZKOA,4.0,9,27,2022,8,17,16.1,15,8,0,20.6,24.1,2022-09-13,-3.7,2.3
2465,SEGOVIA,SEGOVIA,1008.0,9,27,2022,2,17,10.8,8,8,3,20.8,27.4,2022-07-15,-8.7,0.4
5769X,CALA,HUELVA,618.0,9,27,2023,7,20,16.7,8,8,2,21.2,26.9,2018-08-04,-4.6,0.3
C446G,"SAN CRISTÓBAL DE LA LAGUNA,LLANO DE LOS LOROS",STA. CRUZ DE TENERIFE,868.0,9,27,2023,6,17,14.3,10,10,3,21.5,28.3,2020-08-27,4.0,3.9
8193E,JALANCE,VALENCIA,372.0,9,27,2023,9,17,15.4,8,7,0,20.7,24.4,2022-07-30,-8.2,1.2
4091Y,VILLARROBLEDO,ALBACETE,718.0,9,28,2025,3,28,12.8,7,7,0,20.9,23.9,2023-08-10,-11.1,0.1
3126Y,"MADRID, EL GOLOSO",MADRID,740.0,9,28,2022,4,12,13.0,8,8,0,20.4,23.9,2022-06-16,-12.9,0.0
9294E,"BARDENAS REALES, BASE AÉREA",NAVARRA,295.0,9,28,2022,8,22,15.7,10,7,1,20.7,25.8,2024-07-30,-7.6,0.7
4138Y,VILLANUEVA DE LOS INFANTES,CIUDAD REAL,900.0,9,28,2022,5,24,18.1,9,9,1,21.1,26.6,2017-07-13,-8.1,0.4
9898,"HUESCA, AEROPUERTO",HUESCA,546.0,9,28,2022,4,25,15.9,11,10,1,20.7,25.2,2023-08-22,-7.4,0.2
3504X,HERVÁS,CACERES,724.0,9,28,2025,7,28,14.6,10,10,1,21.4,25.8,2025-08-14,-4.7,0.8
4478X,BADAJOZ,BADAJOZ,174.0,9,28,2025,5,28,14.6,7,7,1,20.9,26.4,2024-07-29,-5.2,0.7
B013X,"ESCORCA, LLUC",ILLES BALEARS,490.0,9,28,2023,1,9,10.7,8,7,2,21.2,27.3,2017-08-02,-4.4,1.3
5835X,CARRIÓN DE LOS CÉSPEDES,SEVILLA,76.0,9,28,2023,8,27,16.2,7,7,1,20.8,26.4,2022-07-25,-2.7,1.4
9495Y,LECIÑENA,ZARAGOZA,405.0,9,28,2022,7,16,14.4,7,7,1,20.7,25.1,2022-08-03,-12.2,1.0
C018J,TÍAS,LAS PALMAS,376.0,9,29,2023,2,10,10.4,14,14,3,20.9,28.3,2023-10-08,6.8,6.3
C447A,TENERIFE NORTE AEROPUERTO,SANTA CRUZ DE TENERIFE,632.0,9,29,2023,5,12,11.6,14,14,3,21.7,29.0,2020-08-27,4.6,4.9
7138B,JUMILLA,MURCIA,485.0,9,29,2023,6,22,14.4,8,6,0,20.4,24.5,2019-07-07,-7.2,0.4
3268C,ALPEDRETE,MADRID,924.0,8,29,2022,9,22,19.1,10,10,0,21.1,24.3,2022-07-14,-7.8,0.1
0222X,CALDES DE MONTBUI,BARCELONA,175.0,9,29,2023,9,16,15.6,10,10,0,20.9,24.1,2023-08-22,-6.6,0.8
9946X,HORTA DE SANT JOAN,TARRAGONA,495.0,7,29,2023,7,25,18.7,12,9,1,20.9,25.8,2022-08-13,-4.4,0.3
B362X,"CAMPOS, CAN SION",ILLES BALEARS,40.0,9,30,2019,11,15,21.2,14,10,1,21.6,26.2,2019-07-07,-3.8,4.7
5911A,GRAZALEMA,CADIZ,913.0,9,30,2022,4,29,16.2,10,10,7,22.0,27.4,2022-07-15,-3.0,1.3
7066Y,"YESTE, EMBALSE FUENSANTA",ALBACETE,680.0,9,30,2023,7,27,16.6,13,5,1,20.8,25.8,2019-07-13,-7.1,0.9
4489X,ALCONCHEL,BADAJOZ,170.0,9,30,2025,6,30,15.9,7,7,2,20.9,25.9,2018-08-05,-3.3,1.3
4452,BADAJOZ AEROPUERTO,BADAJOZ,186.0,9,30,2022,6,29,18.4,12,12,1,21.5,26.2,2018-08-05,-4.5,1.1
5625X,LA RAMBLA,CORDOBA,200.0,9,30,2020,15,28,22.7,11,11,1,20.7,25.9,2021-09-06,-4.8,1.4
4103X,TOMELLOSO,CIUDAD REAL,662.0,9,31,2023,10,20,19.2,7,7,1,21.2,25.8,2020-08-01,-9.8,1.0
C665T,VALLESECO,LAS PALMAS,900.0,9,31,2023,7,23,19.2,9,9,4,21.9,28.1,2023-08-12,4.4,6.1
0171X,IGUALADA,BARCELONA,313.0,8,31,2023,5,13,16.6,9,9,0,20.9,24.0,2021-08-12,-4.9,1.9
5514,GRANADA BASE AÉREA,GRANADA,687.0,9,31,2024,6,29,18.1,7,7,0,20.6,25.0,2024-07-29,-7.0,0.8
5406X,ALCALÁ LA REAL,JAEN,908.0,9,31,2022,2,29,18.9,8,8,3,21.1,25.3,2021-07-11,-7.8,1.2
4075Y,VILLARES DEL SAZ,CUENCA,870.0,9,31,2025,6,31,15.2,8,8,0,20.6,23.6,2021-08-15,-15.5,0.2
3229Y,TIELMES,MADRID,594.0,9,32,2022,8,23,18.8,8,8,1,21.3,25.2,2022-06-16,-12.5,0.2
3434X,NAVALMORAL DE LA MATA,CACERES,269.0,9,32,2025,7,32,20.6,9,9,1,21.2,26.3,2023-08-23,-7.1,1.1
5394X,"CÓRDOBA, EMBALSE DE GUADANUÑO",CORDOBA,525.0,9,32,2023,6,22,20.1,11,11,0,21.4,24.8,2018-08-04,-3.9,0.4
3125Y,SAN SEBASTIÁN DE LOS REYES,MADRID,672.0,7,32,2025,13,32,26.6,16,16,1,21.4,25.1,2024-07-25,-9.6,0.3
4263X,VALSEQUILLO,CORDOBA,575.0,9,32,2025,8,32,15.9,8,8,1,21.3,26.2,2025-08-17,-7.0,0.7
7127X,BULLAS,MURCIA,690.0,9,32,2023,12,30,24.0,12,8,2,20.9,25.9,2023-07-19,-4.3,0.4
9561X,CASTELLOTE,TERUEL,755.0,9,33,2022,10,30,22.0,13,10,3,21.5,28.5,2023-07-18,-6.2,0.4
4210Y,ABENÓJAR,CIUDAD REAL,718.0,9,33,2022,10,33,23.0,9,9,1,21.4,25.1,2025-08-17,-6.0,0.7
3099Y,OCAÑA,TOLEDO,733.0,7,33,2022,10,24,18.9,9,9,0,21.0,24.4,2021-08-14,-14.5,0.4
3100B,ARANJUEZ,MADRID,540.0,9,33,2022,10,21,18.4,8,8,1,21.5,25.3,2023-07-18,-11.2,0.4
0034X,VALLS,TARRAGONA,233.0,9,34,2023,16,32,23.3,13,9,0,21.7,23.7,2023-07-24,-3.6,2.3
3337U,CEBREROS,AVILA,850.0,9,34,2022,6,29,21.1,22,22,1,21.1,26.3,2022-07-14,-5.8,0.1
9776D,ELS TORMS,LLEIDA,495.0,7,34,2022,12,25,21.9,10,9,2,21.3,26.9,2024-07-31,-6.2,0.7
0158O,MONTSERRAT,BARCELONA,738.0,9,34,2022,13,33,24.9,14,14,4,21.9,28.0,2023-08-21,-5.2,0.8
0411X,CASTELLÓ D'EMPÚRIES,GIRONA,2.0,8,34,2022,18,32,25.5,9,9,1,21.0,25.4,2022-07-07,-5.1,0.6
9302Y,TUDELA,NAVARRA,297.0,9,34,2022,9,26,19.2,10,9,1,21.4,25.1,2024-07-30,-5.8,0.4
9908X,LANAJA,HUESCA,380.0,9,34,2022,5,31,18.7,12,11,1,21.1,25.2,2023-08-24,-7.3,0.4
0421E,ESPOLLA 'LES ALBERES',GIRONA,100.0,7,34,2018,18,32,26.3,10,10,2,21.7,26.2,2018-08-20,-3.4,1.3
5612B,LA RODA DE ANDALUCÍA,SEVILLA,410.0,8,35,2025,17,35,26.1,9,9,1,21.8,25.1,2017-08-05,-4.6,2.5
3547X,VALVERDE DEL FRESNO,CACERES,450.0,9,35,2017,18,31,28.4,10,10,4,22.3,27.5,2025-08-05,-5.1,1.7
3512X,MONTEHERMOSO,CACERES,351.0,9,35,2025,12,35,22.4,8,8,2,21.5,25.8,2023-08-23,-4.9,1.1
4499X,MONESTERIO,BADAJOZ,771.0,9,35,2025,6,35,23.7,11,11,3,21.7,26.7,2018-08-03,-4.2,1.8
4497X,VILLANUEVA DEL FRESNO,BADAJOZ,247.0,9,35,2025,8,35,19.3,10,10,3,21.8,26.8,2018-08-04,-2.7,2.4
C612F,"TEJEDA, CRUZ DE TEJEDA",LAS PALMAS,1514.0,9,35,2017,14,28,25.1,10,10,3,21.9,27.0,2023-08-13,0.1,4.1
4116I,ALMAGRO / FAMET,CIUDAD REAL,626.0,9,36,2024,7,33,22.3,15,15,0,21.8,24.8,2024-07-25,-7.7,0.7
0158X,MONISTROL DE MONTSERRAT,BARCELONA,738.0,9,36,2025,14,36,24.9,22,16,4,22.2,27.3,2023-08-21,-5.0,0.6
4589X,"ALOSNO, THARSIS",HUELVA,276.0,9,36,2025,11,36,21.1,10,10,5,21.7,28.0,2025-08-13,-0.4,2.8
3514B,TORNAVACAS,CACERES,991.0,9,36,2025,10,36,22.0,12,12,2,21.5,26.1,2018-08-03,-5.3,0.6
3576X,VALENCIA DE ALCÁNTARA,CACERES,444.0,9,36,2025,7,36,16.2,12,12,1,21.3,25.9,2023-08-08,-5.9,0.6
3168D,GUADALAJARA,GUADALAJARA,727.0,9,36,2022,11,30,22.3,14,14,2,21.7,26.3,2023-07-18,-10.6,0.2
5361X,MONTORO,CORDOBA,155.0,9,37,2020,13,37,31.1,23,23,1,21.6,25.2,2020-07-21,-4.8,2.1
5860E,"MOGUER, EL ARENOSILLO",HUELVA,41.0,9,37,2023,15,26,25.4,8,8,1,21.1,27.7,2022-07-25,-0.9,4.1
8337X,TURÍS,VALENCIA,186.0,9,37,2023,9,29,19.8,8,8,0,21.5,24.6,2022-07-27,-5.1,1.3
9569A,CALANDA,TERUEL,466.0,9,38,2022,16,35,26.3,20,11,2,22.0,26.8,2022-08-13,-6.1,1.0
3365A,TALAVERA DE LA REINA,TOLEDO,372.0,7,38,2025,10,38,24.1,10,10,2,21.6,26.2,2019-07-22,-7.4,1.4
3562X,ALISEDA,CACERES,321.0,9,38,2022,15,35,26.0,12,12,2,21.8,26.6,2023-08-23,-6.4,1.4
5726X,GUADALCANAL,SEVILLA,720.0,9,38,2024,13,38,29.2,12,12,3,22.3,29.4,2017-07-13,-4.0,2.1
6307X,LÁUJAR DE ANDARAX,ALMERIA,1510.0,9,38,2023,6,29,20.7,11,11,5,22.0,26.7,2021-08-15,-5.7,0.1
9718X,TORDERA - GRANYANELLA,LLEIDA,463.0,9,38,2022,11,20,23.0,20,11,1,21.2,25.9,2024-08-01,-6.2,0.3
C428T,ARICO,SANTA CRUZ DE TENERIFE,418.0,9,38,2023,5,13,17.3,14,14,2,22.6,27.1,2021-08-17,9.3,7.9
5941X,EL BOSQUE,CADIZ,295.0,9,38,2025,8,38,26.6,10,10,6,21.6,30.1,2022-07-12,-2.2,3.2
9911X,BALLOBAR,HUESCA,178.0,9,38,2025,13,38,25.7,9,9,0,21.7,23.9,2023-07-17,-6.8,1.6
9729X,MOLLERUSSA,LLEIDA,252.0,9,38,2023,4,23,16.8,16,13,0,21.5,25.0,2023-07-19,-7.8,0.6
9772X,LA POBLA DE CÉRVOLES,LLEIDA,673.0,9,39,2022,12,24,23.3,11,9,1,21.3,25.8,2024-07-20,-6.7,1.0
4486X,OLIVENZA,BADAJOZ,275.0,9,39,2025,7,39,19.8,11,11,3,21.9,28.2,2018-08-05,-4.2,2.2
3129,MADRID AEROPUERTO,MADRID,609.0,9,39,2022,6,27,21.8,11,11,1,21.3,25.3,2023-07-19,-13.4,0.6
8178D,ALBACETE,ALBACETE,674.0,9,39,2023,14,30,26.2,14,14,3,21.2,26.1,2021-08-15,-11.3,0.6
4245X,GUADALUPE,CACERES,660.0,9,39,2025,10,39,23.3,11,11,2,21.4,27.7,2018-08-04,-4.7,1.1
B908X,SANT JOAN DE LABRITJA,ILLES BALEARS,110.0,8,39,2023,12,25,27.6,14,14,1,21.6,27.7,2017-08-02,-3.5,4.2
9510X,QUINTO,ZARAGOZA,205.0,9,39,2022,19,35,28.8,17,17,1,21.5,25.2,2024-07-30,-7.5,1.4
C314Z,"VALLEHERMOSO, ALTO IGUALERO  ",STA. CRUZ DE TENERIFE,1474.0,9,40,2017,12,25,26.7,12,12,6,22.6,26.5,2023-08-13,0.9,5.3
3540X,ZARZA LA MAYOR,CACERES,336.0,9,40,2025,13,40,28.8,23,23,7,22.3,28.4,2023-08-22,-4.2,3.2
8270X,BICORP,VALENCIA,305.0,9,41,2023,13,29,27.0,11,11,0,21.9,24.7,2022-07-27,-3.0,2.3
0194D,"CORBERA, PUIG D'AGULLES",BARCELONA,647.0,8,41,2022,14,30,21.8,13,11,3,21.6,27.1,2019-06-28,-4.5,0.5
C126A,EL PASO,SANTA CRUZ DE TENERIFE,844.0,9,41,2020,11,22,26.7,10,9,11,23.4,29.9,2023-07-13,2.8,6.2
0284X,CASTELL D'ARO,GIRONA,14.0,8,41,2022,14,34,28.5,14,11,0,21.3,24.1,2023-07-12,-3.3,2.1
3536X,HOYOS,CACERES,560.0,9,41,2020,21,32,32.4,10,10,6,22.2,29.1,2024-07-24,-3.3,2.7
C117A,PUNTAGORDA,STA. CRUZ DE TENERIFE,684.0,9,41,2023,12,16,23.8,14,14,11,24.2,34.6,2023-08-12,5.5,9.7
3386A,NAVALVILLAR DE IBOR,CACERES,923.0,9,41,2025,14,41,28.0,11,11,2,21.9,27.7,2022-07-14,-4.0,1.1
C916Q,"EL PINAR, DEPÓSITO",STA. CRUZ DE TENERIFE,948.0,9,41,2020,12,26,28.6,10,10,8,22.7,30.7,2023-08-11,3.1,5.3
1014A,DONOSTIA / SAN SEBASTIÁN AEROPUERTO,GIPUZKOA,4.0,9,42,2022,8,20,21.3,15,10,1,21.5,25.1,2022-09-13,-3.1,3.2
3338,ROBLEDO DE CHAVELA,MADRID,770.0,6,42,2022,8,19,19.0,10,10,1,21.9,25.7,2023-08-25,-8.7,0.5
6302A,ABLA,ALMERIA,869.0,9,42,2020,20,38,31.9,22,22,3,21.8,27.2,2024-08-01,-3.8,0.4
3182Y,ARGANDA DEL REY,MADRID,533.0,9,43,2022,2,29,22.6,10,10,1,22.4,25.2,2022-08-10,-15.8,0.8
3565X,BROZAS,CACERES,425.0,9,43,2025,11,43,26.7,19,19,4,22.6,27.7,2018-08-04,-3.6,3.6
5346X,CARDEÑA,CORDOBA,720.0,9,43,2022,15,39,29.3,16,16,4,22.5,27.1,2017-07-13,-3.6,1.8
4095Y,BELMONTE,CUENCA,745.0,6,43,2025,15,43,30.7,17,13,1,22.5,25.7,2025-08-12,-7.0,0.7
4267X,HINOJOSA DEL DUQUE,CORDOBA,551.0,9,43,2025,4,43,25.6,11,11,1,21.8,25.1,2022-08-02,-5.6,0.6
4501X,FUENTE DE CANTOS,BADAJOZ,602.0,9,44,2025,19,44,32.0,12,12,3,22.5,28.6,2018-08-04,-3.8,3.9
5412X,PRIEGO DE CÓRDOBA,CORDOBA,550.0,9,44,2025,6,44,27.2,10,10,1,21.5,27.5,2024-07-29,-4.7,1.9
9901X,HUESCA,HUESCA,463.0,9,44,2022,13,43,29.7,12,12,1,22.3,25.4,2022-06-17,-7.6,1.3
5733X,ALMADÉN DE LA PLATA,SEVILLA,450.0,9,44,2025,19,44,32.1,19,19,4,22.1,28.9,2018-08-04,-1.7,2.7
C438N,CANDELARIA,SANTA CRUZ DE TENERIFE,463.0,9,44,2023,10,20,22.7,14,14,6,23.1,27.4,2022-07-10,8.0,7.4
0066X,VILAFRANCA DEL PENEDÈS,BARCELONA,177.0,9,44,2023,17,34,26.7,20,11,0,22.2,24.1,2025-07-19,-4.6,2.8
3343Y,VALDEMORILLO,MADRID,884.0,9,44,2022,11,41,26.3,16,16,2,21.6,25.8,2021-08-14,-5.4,0.6
9546B,HIJAR,TERUEL,305.0,9,44,2022,15,38,28.0,17,17,1,21.7,27.5,2022-08-13,-6.0,0.8
C917E,"EL PINAR, LA DEHESA",STA. CRUZ DE TENERIFE,713.0,8,44,2017,16,20,29.6,16,10,14,23.8,31.9,2021-08-17,7.0,9.8
5390Y,VILLANUEVA DE CÓRDOBA,CORDOBA,750.0,8,44,2025,14,44,29.5,14,14,3,21.8,27.9,2017-07-13,-3.9,2.0
4560Y,ALAJAR,HUELVA,572.0,9,45,2023,21,41,34.4,10,9,5,23.2,29.0,2018-08-04,-0.6,3.9
7103Y,TOBARRA,ALBACETE,615.0,9,45,2023,15,41,26.8,16,16,1,21.4,25.9,2023-07-19,-5.1,1.2
8203O,ZARRA,VALENCIA,856.0,8,45,2022,19,36,27.9,16,16,5,22.0,28.1,2020-08-01,-4.1,1.0
B158X,"CALVIÀ, ES CAPDELLÀ",BALEARES,50.0,9,45,2025,18,45,31.3,28,14,2,21.6,26.5,2017-08-02,-0.9,5.8
4436Y,ALMENDRALEJO,BADAJOZ,371.0,9,45,2025,17,45,28.6,12,12,2,22.2,27.4,2018-08-04,-5.3,2.2
4608X,EL CAMPILLO,HUELVA,415.0,9,46,2025,20,46,35.6,12,12,5,22.8,28.1,2021-08-15,-0.6,4.8
C248E,ANTIGUA,LAS PALMAS,252.0,8,46,2023,7,27,19.0,16,16,2,21.8,27.4,2020-08-26,7.3,9.5
5298X,ANDÚJAR,JAEN,202.0,8,46,2024,14,42,31.4,15,15,1,21.7,25.7,2024-07-29,-5.6,2.0
3305Y,NAVAHERMOSA,TOLEDO,750.0,8,46,2022,19,40,31.0,11,11,4,22.5,26.3,2020-08-07,-8.7,1.4
6375X,FUENTE DE PIEDRA,MALAGA,420.0,9,46,2025,14,46,29.0,11,11,1,22.0,26.5,2021-08-14,-4.9,3.3
4244X,HERRERA DEL DUQUE,BADAJOZ,447.0,9,46,2022,23,29,32.7,14,14,4,22.3,28.3,2023-08-09,-6.1,1.8
5402,CÓRDOBA AEROPUERTO,CORDOBA,90.0,9,46,2022,29,38,37.4,23,23,1,22.5,26.2,2025-08-05,-3.9,4.3
0294B,LA BISBAL (D'EMPORDA 3),GIRONA,51.0,9,46,2022,20,41,30.9,12,12,0,21.9,24.3,2023-08-23,-3.9,1.7
C316I,ARURE,STA. CRUZ DE TENERIFE,916.0,7,46,2023,21,29,32.3,15,15,10,23.9,30.0,2021-08-16,4.7,9.9
4148,VISO DEL MARQUÉS,CIUDAD REAL,804.0,8,46,2022,1,44,26.2,21,21,2,22.5,26.7,2021-08-15,-7.0,1.1
3191E,COLMENAR VIEJO,MADRID,1004.0,9,47,2022,14,40,29.7,18,18,2,22.2,26.7,2022-07-14,-7.0,0.3
4411C,ALCUESCAR,CACERES,467.0,9,47,2025,13,47,28.4,11,11,3,22.5,27.8,2023-08-22,-4.4,2.6
8409X,LLÍRIA,VALENCIA,198.0,9,47,2023,10,37,26.6,21,21,2,21.8,25.4,2022-07-27,-3.5,1.7
C458A,TACORONTE,STA. CRUZ DE TENERIFE,310.0,9,47,2023,3,17,15.3,14,14,6,21.9,27.0,2023-10-07,8.6,8.3
C038N,HARÍA,LAS PALMAS,277.0,9,48,2023,7,33,22.6,17,15,3,22.1,27.5,2025-08-11,7.3,9.3
7096B,HELLÍN,ALBACETE,605.0,9,48,2024,14,41,28.8,22,22,1,21.8,27.2,2024-08-01,-4.7,0.3
4340,NAVALVILLAR DE PELA,BADAJOZ,313.0,9,48,2025,18,48,34.8,13,13,2,22.5,27.5,2023-08-09,-4.3,1.8
B662X,BINISSALEM,BALEARES,105.0,9,48,2022,16,30,31.8,15,14,3,22.2,26.9,2019-07-07,-2.9,4.2
6050X,GAUCÍN,MALAGA,594.0,8,48,2025,13,48,30.6,12,11,2,22.2,27.0,2021-08-16,-1.5,2.0
4339X,CAÑAMERO,CACERES,590.0,9,48,2025,15,48,29.7,12,12,3,22.2,29.6,2018-08-04,-3.7,3.7
3503,GUIJO DE GRANADILLA,CACERES,393.0,9,49,2025,19,49,34.7,18,18,3,22.6,26.6,2018-08-04,-5.0,1.7
4575X,VALVERDE DEL CAMINO,HUELVA,280.0,8,49,2025,11,49,25.5,10,10,5,23.2,28.8,2025-08-12,-1.5,2.5
5304Y,PUERTOLLANO,CIUDAD REAL,665.0,9,49,2024,15,47,38.2,21,21,4,22.8,26.8,2025-07-03,-6.1,1.6
C048W,TINAJO,LAS PALMAS,275.0,9,49,2023,3,20,16.3,11,10,2,21.4,27.8,2023-10-08,7.6,8.6
9947X,LA POBLA DE MASSALUCA,TARRAGONA,370.0,9,49,2025,29,49,36.2,23,18,2,22.1,26.5,2023-08-24,-4.9,3.0
9771C,LLEIDA,LLEIDA,186.0,9,49,2022,17,48,32.1,20,20,0,22.0,24.9,2023-07-19,-7.1,1.7
8072Y,BARX,VALENCIA,340.0,9,49,2023,19,39,30.2,26,26,1,21.4,25.2,2021-08-15,-3.5,2.4
8283X,ONTINYENT,VALENCIA,350.0,9,49,2023,25,48,35.0,16,16,0,22.3,24.7,2021-08-15,-4.3,2.2
4642E,"HUELVA, RONDA ESTE",HUELVA,18.0,9,50,2023,25,44,36.3,20,20,1,22.1,26.9,2022-07-25,-1.7,4.2
8059C,ALCOI/ALCOY,ALICANTE,530.0,9,50,2023,11,43,32.2,14,13,1,21.8,27.9,2023-07-19,-3.5,1.0
9574B,"CASPE, PLANA DEL PILÓN",ZARAGOZA,215.0,7,50,2022,30,46,40.1,24,18,1,22.1,25.4,2025-08-11,-4.7,2.1
B526X,ARTÀ,BALEARES,110.0,9,51,2022,14,29,31.1,14,10,2,22.2,26.4,2019-07-07,-1.4,5.3
B248,"SIERRA DE ALFABIA, BUNYOLA",ILLES BALEARS,1030.0,9,51,2025,12,51,28.0,15,15,5,22.5,28.9,2024-08-01,-5.4,1.1
5515D,VÍZNAR,GRANADA,1258.0,8,51,2019,13,30,33.4,19,19,6,23.2,30.3,2017-07-13,-6.4,1.6
3526X,CORIA,CACERES,313.0,9,51,2022,19,45,36.4,22,22,4,22.7,27.4,2023-08-23,-4.1,2.7
5702X,CARMONA,SEVILLA,50.0,9,51,2022,25,45,38.1,23,23,2,22.1,26.4,2022-07-25,-2.3,4.9
C419L,LOMO DEL BALO,SANTA CRUZ DE TENERIFE,403.0,7,52,2023,11,28,25.9,16,16,14,23.8,30.1,2020-08-27,9.2,12.0
B691Y,SA POBLA,BALEARES,32.0,9,52,2022,18,36,37.7,22,17,3,22.9,27.7,2019-07-07,-1.5,5.6
C117Z,TIJARAFE,STA. CRUZ DE TENERIFE,733.0,9,52,2023,11,18,27.6,16,16,16,25.0,34.7,2023-08-12,5.5,11.9
5624X,AGUILAR DE LA FRONTERA,CORDOBA,309.0,9,52,2025,19,52,34.4,15,15,3,22.7,27.1,2021-08-15,-3.5,2.6
3469A,CÁCERES,CACERES,394.0,9,53,2022,20,43,35.7,19,19,4,23.1,27.2,2022-07-13,-4.6,2.3
3436D,GARGANTA LA OLLA,CACERES,690.0,9,53,2022,29,49,38.1,25,25,4,22.9,27.7,2021-08-14,-3.7,2.4
9434P,"ZARAGOZA, VALDESPARTERA",ZARAGOZA,258.0,9,53,2022,28,52,37.4,23,20,2,22.8,27.4,2024-07-30,-4.4,2.4
3254Y,MORA,TOLEDO,717.0,8,53,2022,22,49,39.6,21,21,4,22.8,26.5,2021-08-14,-11.0,1.0
4147X,VALDEPEÑAS,CIUDAD REAL,700.0,9,53,2025,27,53,38.9,22,22,3,22.6,26.1,2023-08-10,-7.1,1.6
4584X,EL CERRO DE ANDÉVALO,HUELVA,270.0,9,53,2025,21,53,35.4,12,12,5,22.3,28.4,2021-08-15,0.2,5.7
0370E,GIRONA,GIRONA,76.0,9,54,2022,20,46,35.9,17,17,1,21.9,25.2,2023-08-23,-4.9,1.4
3094B,TARANCÓN,CUENCA,819.0,8,54,2025,22,54,37.0,22,22,3,23.0,26.0,2021-08-13,-8.5,1.1
4386B,LLERENA,BADAJOZ,655.0,9,54,2025,19,54,37.8,19,19,5,23.0,27.9,2018-08-03,-4.4,4.4
B605X,"MURO, S'ALBUFERA",BALEARES,2.0,9,54,2022,21,41,37.7,15,15,1,23.1,26.3,2019-07-07,-1.3,6.1
4121,CIUDAD REAL,CIUDAD REAL,626.0,9,54,2023,26,53,44.7,22,22,4,22.7,26.8,2023-08-10,-6.3,1.3
3423I,MADRIGAL DE LA VERA,CACERES,464.0,9,54,2022,19,46,34.4,18,18,6,22.9,26.5,2018-08-06,-4.3,1.7
0421X,ESPOLLA,GIRONA,100.0,9,54,2022,22,46,34.9,13,12,4,22.1,26.3,2018-08-20,-3.2,1.7
9924X,FRAGA,HUESCA,170.0,9,55,2022,32,52,41.1,20,20,0,22.7,24.5,2018-08-04,-5.7,2.9
3448X,SERRADILLA,CACERES,406.0,9,55,2025,22,55,41.3,24,24,6,23.5,28.9,2018-08-04,-3.6,4.0
5891X,LAS CABEZAS DE SAN JUAN,SEVILLA,105.0,9,55,2025,19,55,39.4,17,17,5,22.2,27.2,2025-08-17,-1.9,4.1
3455X,JARAICEJO,CACERES,559.0,9,55,2025,26,55,41.7,24,24,6,23.5,28.1,2023-08-22,-2.7,5.0
5788X,"TOMARES, ZAUDÍN",SEVILLA,84.0,7,55,2025,26,55,42.0,23,23,4,22.5,27.9,2022-07-25,-0.1,5.6
5473X,AZUAGA,BADAJOZ,581.0,9,56,2025,16,56,32.8,23,23,2,22.7,27.2,2025-08-17,-3.7,3.1
C648N,"TELDE, CENTRO FORESTAL DORAMAS",LAS PALMAS,344.0,9,56,2023,13,37,34.7,16,16,13,24.0,31.2,2020-08-27,8.8,13.9
B870C,"CIUTADELLA, CALA GALDANA",BALEARES,43.0,9,56,2022,13,27,32.3,13,13,2,22.7,26.2,2022-08-13,-1.5,7.3
6106X,ANTEQUERA,MALAGA,408.0,8,56,2025,24,56,39.4,15,15,4,23.4,26.7,2021-07-23,-4.1,5.5
5246,SANTA ELENA,JAEN,770.0,6,56,2025,20,56,38.7,20,20,4,23.4,28.8,2017-07-13,-5.6,3.2
4347X,ZORITA,CACERES,413.0,9,57,2025,20,57,43.9,24,24,9,23.3,28.6,2023-08-23,-2.5,7.6
4358X,DON BENITO,BADAJOZ,274.0,9,57,2022,22,52,35.9,22,22,3,23.3,26.5,2023-08-09,-4.7,3.7
5582A,LOJA,GRANADA,593.0,5,57,2017,21,33,44.4,21,21,5,23.4,27.5,2022-06-17,-3.4,3.4
9975X,RASQUERA,TARRAGONA,112.0,8,57,2025,30,57,42.9,19,19,1,23.4,25.4,2024-08-23,-5.7,4.6
3196,"MADRID, CUATRO VIENTOS",MADRID,690.0,9,57,2022,31,47,41.2,35,35,6,24.0,27.4,2022-07-14,-13.0,1.1
9434,"ZARAGOZA, AEROPUERTO",ZARAGOZA,249.0,9,57,2022,30,51,40.0,23,20,1,22.9,28.1,2024-07-30,-4.9,2.4
5210X,VILLANUEVA DEL ARZOBISPO,JAEN,680.0,8,58,2025,25,58,42.1,19,19,2,22.3,26.8,2021-08-15,-8.0,1.9
3195,"MADRID, RETIRO",MADRID,667.0,8,58,2022,31,50,47.1,25,25,8,23.7,26.2,2022-07-14,-7.4,2.0
3260B,TOLEDO,TOLEDO,513.0,9,58,2022,28,51,45.4,24,24,3,23.6,26.4,2023-07-19,-13.4,1.2
B373X,"CAMPOS, SALINES LLEVANT",BALEARES,3.0,9,58,2023,32,48,48.0,29,15,3,23.6,26.6,2019-07-07,-3.9,10.1
9961X,CABACÉS,TARRAGONA,363.0,9,59,2022,30,57,42.1,24,20,3,23.1,28.3,2024-07-31,-4.1,4.4
5641X,ÉCIJA,SEVILLA,130.0,9,59,2025,23,59,44.1,32,32,4,23.2,28.0,2021-09-06,-3.5,5.7
4064Y,ALCAZAR DE SAN JUAN,CIUDAD REAL,640.0,9,59,2025,27,59,44.6,24,24,2,22.8,26.2,2021-08-15,-6.8,1.2
7121A,CALASPARRA,MURCIA,350.0,9,59,2025,27,59,43.7,20,20,1,22.2,25.5,2023-08-03,-3.6,3.3
B278,"PALMA DE MALLORCA, AEROPUERTO",BALEARES,5.0,9,59,2022,28,53,47.9,29,24,3,23.0,27.4,2017-08-02,-2.4,7.7
7250C,ABANILLA,MURCIA,174.0,9,60,2025,20,60,39.9,21,21,2,22.1,25.3,2019-07-27,-2.7,5.4
4236Y,PUERTO REY,CACERES,689.0,9,60,2025,12,60,31.9,23,23,4,23.2,27.1,2018-08-04,-5.5,2.6
5983X,MEDINA SIDONIA,CADIZ,70.0,9,60,2025,28,60,45.3,12,12,6,23.5,27.1,2025-08-15,-2.0,12.3
6032X,RONDA INSTITUTO,MALAGA,760.0,8,60,2025,21,60,40.1,19,19,8,23.5,27.4,2023-07-18,-1.7,4.1
5796,MORÓN DE LA FRONTERA,SEVILLA,87.0,9,60,2025,18,60,43.6,32,32,3,22.3,27.2,2025-08-13,-2.9,5.4
7172X,MULA,MURCIA,255.0,9,61,2023,27,56,45.1,32,32,2,22.5,25.8,2023-08-03,-1.1,5.7
B656A,SANTA MARÍA DEL CAMÍ,BALEARES,121.0,9,61,2022,21,50,39.9,28,22,3,22.9,25.8,2022-08-14,-2.6,5.8
5906X,CHIPIONA,CADIZ,10.0,9,61,2025,19,61,41.9,33,33,4,21.6,26.3,2022-07-13,-0.2,8.2
5515X,GRANADA-CARTUJA,GRANADA,775.0,9,62,2025,12,62,38.1,28,28,3,22.2,26.0,2023-07-11,-4.6,1.6
5165X,TORRES,JAEN,910.0,9,62,2025,14,62,36.6,21,21,4,23.1,27.2,2021-08-15,-7.8,2.2
7227X,ALHAMA DE MURCIA,MURCIA,157.0,9,62,2023,25,50,42.9,32,32,1,22.3,25.5,2017-08-02,-4.0,4.9
B346X,PORRERES,ILLES BALEARS,120.0,5,62,2021,39,62,46.8,13,13,3,22.3,26.1,2017-08-03,-1.1,7.2
3463Y,TRUJILLO,CACERES,523.0,6,62,2022,28,61,49.7,24,24,8,23.5,27.6,2022-07-14,-2.9,4.8
4549Y,AYAMONTE,HUELVA,3.0,8,63,2023,28,46,44.4,14,14,1,22.6,26.3,2022-07-25,0.2,7.0
3362Y,CASTILLO DE BAYUELA,TOLEDO,560.0,9,63,2022,26,55,45.4,37,37,10,23.7,28.0,2023-08-22,-6.0,2.8
6367B,HUÉRCAL-OVERA,ALMERIA,300.0,9,63,2025,41,63,52.2,22,22,1,22.1,26.2,2024-07-30,-2.5,5.1
C258K,LA OLIVA,LAS PALMAS,217.0,9,63,2023,10,42,29.4,17,17,1,21.9,26.4,2020-08-26,7.3,14.3
B103B,ANDRATX - SANT ELM,BALEARES,52.0,7,63,2022,22,56,48.3,25,25,3,23.1,26.7,2019-07-07,0.1,10.1
B496X,SON SERVERA,BALEARES,25.0,9,63,2022,34,50,49.1,34,24,3,22.9,26.5,2017-08-02,-0.1,9.2
5164B,BAEZA,JAEN,771.0,9,63,2025,30,63,45.8,28,28,5,23.3,27.0,2021-08-15,-5.3,3.2
5910,"ROTA, BASE NAVAL",CADIZ,21.0,9,63,2023,34,61,51.4,18,18,6,22.7,28.2,2022-07-13,-1.5,10.1
3475X,CAÑAVERAL,CACERES,373.0,9,63,2022,29,59,48.9,23,23,11,24.0,30.4,2018-08-05,-4.8,7.6
6267X,SALOBREÑA,GRANADA,20.0,6,64,2025,30,64,41.8,27,27,2,22.3,26.7,2024-08-26,1.8,6.5
5656,FUENTES DE ANDALUCÍA,SEVILLA,165.0,8,64,2025,41,64,52.6,22,22,5,23.8,27.5,2023-08-23,-2.7,8.6
B614E,MANACOR,BALEARES,100.0,9,64,2022,30,37,42.4,24,24,2,22.4,26.1,2017-08-02,-2.2,7.3
3200,GETAFE,MADRID,620.0,9,64,2022,36,46,48.3,35,35,7,24.0,27.3,2025-08-12,-12.0,1.9
4325Y,CASTUERA,BADAJOZ,459.0,5,64,2025,44,64,56.8,24,24,14,24.4,29.8,2022-07-14,-1.8,7.0
B644B,SINEU,ILLES BALEARS,120.0,9,65,2022,35,44,45.0,26,26,3,23.0,26.5,2017-08-02,-1.8,6.3
5919X,OLVERA,CADIZ,530.0,9,66,2023,27,65,47.8,27,27,11,24.2,30.7,2021-08-14,-1.0,7.2
8300X,CARCAIXENT,VALENCIA,25.0,9,66,2023,44,56,54.3,31,31,3,23.5,26.2,2023-07-31,-4.0,6.8
7145D,,,,9,66,2024,22,66,44.1,36,36,2,22.7,26.7,2019-07-07,-3.7,4.0
5181D,ARROYO DEL OJANCO,JAEN,580.0,8,66,2022,23,54,46.0,26,26,3,23.5,26.6,2023-08-10,-6.5,4.4
5429X,"CÓRDOBA, PRÁGDENA",CORDOBA,275.0,9,66,2025,36,66,51.9,31,31,3,23.0,26.7,2018-08-04,-3.0,4.9
5470,FUENTE PALMERA,CORDOBA,120.0,9,66,2025,35,66,50.3,23,23,2,22.9,26.5,2024-07-29,-3.0,5.2
7237E,MOLINA DE SEGURA,MURCIA,170.0,9,66,2024,36,66,51.0,32,32,2,22.7,26.2,2023-08-03,-1.0,6.8
6056X,SAN ROQUE,CADIZ,1.0,9,67,2025,39,67,49.1,22,22,3,22.4,25.8,2024-08-30,1.8,11.9
5598X,BENAMEJÍ,CORDOBA,465.0,9,67,2025,26,67,49.9,29,29,4,23.3,27.0,2021-08-15,-1.9,4.1
5790Y,"SEVILLA, TABLADA",SEVILLA,9.0,9,67,2025,37,67,51.8,30,30,5,23.6,28.7,2022-07-25,-1.6,8.7
B925,SANT ANTONI DE PORTMANY,BALEARES,32.0,7,67,2023,38,59,55.4,32,32,3,22.9,28.1,2019-07-07,-1.3,9.7
8018X,ELX/ELCHE,ALICANTE,110.0,9,67,2023,35,59,51.6,19,19,2,22.8,27.1,2022-08-13,-0.4,7.8
6281X,VÁLOR,GRANADA,1020.0,9,68,2025,32,68,45.3,22,22,10,23.9,29.9,2017-07-13,-2.0,3.7
C668V,AGAETE - SUERTE ALTA,LAS PALMAS,352.0,8,68,2023,11,27,33.1,17,17,17,24.9,32.3,2021-08-17,8.8,17.1
4300Y,ALMADÉN,CIUDAD REAL,535.0,9,68,2022,44,61,54.7,37,37,10,24.0,27.3,2021-08-15,-3.7,5.3
3519X,PLASENCIA,CACERES,415.0,9,69,2025,30,69,51.0,25,25,16,24.4,28.7,2022-07-15,-3.4,6.3
8050X,JÁVEA/ XÀBIA,ALICANTE,15.0,9,71,2025,48,71,60.7,32,32,4,23.7,26.5,2017-08-02,-1.6,10.4
C658X,"LAS PALMAS DE GRAN CANARIA, TAFIRA",LAS PALMAS,269.0,9,72,2023,10,37,27.9,19,19,2,21.6,26.6,2023-10-09,9.6,13.3
5427X,DOÑA MENCÍA,CORDOBA,650.0,9,72,2023,32,57,53.3,31,31,11,24.3,30.2,2021-08-14,-4.2,9.1
6100B,ANTEQUERA AYUNTAMIENTO (AUTOMÁTICA THIES),MALAGA,515.0,6,72,2022,27,72,55.5,31,31,7,23.9,26.7,2018-08-02,-1.2,6.3
0200E,"BARCELONA, FABRA",BARCELONA,408.0,9,73,2022,40,62,54.3,40,40,9,23.2,29.4,2023-08-23,-2.4,5.7
0252D,ARENYS DE MAR,BARCELONA,74.0,7,73,2022,41,43,50.4,51,29,2,22.6,26.2,2023-08-23,-1.4,4.0
8446Y,SAGUNT/SAGUNTO,VALENCIA,24.0,9,74,2025,36,74,54.2,34,34,7,23.3,26.3,2022-07-26,-2.6,6.4
6045X,ALPANDEIRE,MALAGA,676.0,9,74,2025,27,74,51.2,29,29,7,23.6,29.8,2022-07-25,-0.4,5.1
0073X,SITGES,BARCELONA,58.0,9,74,2025,45,74,56.7,59,35,2,22.8,26.1,2023-09-04,-1.8,6.3
0429X,FIGUERES,GIRONA,45.0,9,74,2022,46,59,54.9,29,29,6,23.4,27.0,2018-08-01,-2.3,3.9
5612X,LORA DE ESTEPA,SEVILLA,450.0,9,75,2025,33,75,54.6,27,27,15,24.5,30.3,2021-08-14,-2.4,8.2
6364X,ALBOX,ALMERIA,508.0,9,75,2025,41,75,52.4,32,32,3,22.6,27.1,2025-08-18,-2.7,5.6
B760X,POLLENÇA,BALEARES,45.0,9,75,2022,36,63,53.3,70,22,6,23.3,27.9,2022-08-14,-0.6,6.8
5950X,SAN JOSÉ DEL VALLE,CADIZ,105.0,9,76,2017,40,68,56.3,32,32,15,24.4,29.0,2023-08-23,0.9,14.3
7209,LORCA,MURCIA,312.0,9,76,2025,32,76,50.4,33,33,1,22.8,25.2,2019-07-07,-3.4,5.6
C658L,LAS PALMAS DE G.C. (TAFIRA CMT),LAS PALMAS,269.0,9,76,2023,13,39,35.2,25,15,3,22.0,29.4,2023-10-09,9.4,17.8
0042Y,TARRAGONA,TARRAGONA,55.0,9,77,2022,55,76,67.1,39,36,6,24.0,27.2,2018-08-08,-2.8,9.1
C439J,GÜÍMAR,SANTA CRUZ DE TENERIFE,115.0,9,77,2023,24,49,47.6,16,16,0,22.6,25.0,2021-08-17,9.7,18.6
0016A,REUS AEROPUERTO,TARRAGONA,71.0,9,77,2025,36,77,52.8,64,23,3,23.3,25.7,2018-08-08,-5.3,5.4
5995B,VEJER DE LA FRONTERA,CADIZ,183.0,9,78,2020,31,65,50.1,34,34,7,23.0,27.4,2025-08-17,2.8,11.7
B957,EIVISSA,BALEARES,3.0,9,79,2025,53,79,70.0,50,44,6,23.9,28.1,2017-08-02,-0.6,13.1
B780X,PORT DE POLLENÇA,BALEARES,2.0,9,79,2022,48,73,61.0,52,34,5,24.2,27.0,2018-08-05,0.1,9.6
5783,SEVILLA AEROPUERTO,SEVILLA,34.0,9,79,2025,37,79,54.9,32,32,7,23.6,28.1,2022-07-25,-1.5,9.4
C635B,"SAN BARTOLOME TIRAJANA, LAS TIRAJANAS",LAS PALMAS,960.0,9,80,2020,39,54,58.1,30,30,25,26.1,33.6,2023-08-11,4.8,17.1
B334X,LLUCMAJOR,BALEARES,140.0,9,81,2022,44,64,59.2,34,34,3,23.4,26.5,2019-07-08,-0.2,8.3
8293X,XÀTIVA,VALENCIA,88.0,8,82,2022,54,76,65.5,40,40,3,23.5,25.9,2022-07-27,-2.9,9.8
6069X,BENAHAVÍS,MALAGA,392.0,9,82,2025,43,82,59.1,56,51,4,23.5,29.2,2022-07-26,0.2,6.0
C328W,HERMIGUA,STA. CRUZ DE TENERIFE,252.0,9,82,2023,19,39,40.4,11,11,1,21.4,25.6,2025-09-20,8.2,20.2
7026X,TORRE-PACHECO,MURCIA,50.0,9,82,2025,44,82,64.0,50,37,4,23.4,26.0,2023-07-13,-0.7,11.3
5279X,LINARES,JAEN,515.0,9,83,2025,45,83,64.3,29,29,16,24.6,29.1,2021-08-14,-3.8,8.8
6201X,ALGARROBO,MALAGA,35.0,9,83,2025,42,83,59.1,50,50,2,23.6,26.2,2023-08-03,2.0,10.1
C625O,"SAN BARTOLOME TIRAJANA, LOMO PEDRO ALFONSO",LAS PALMAS,806.0,9,84,2020,35,53,62.6,27,27,37,27.0,35.5,2023-08-11,6.6,24.0
6058I,ESTEPONA,MALAGA,19.0,8,84,2025,52,84,65.6,39,39,6,23.7,26.4,2023-07-20,4.3,17.9
8325X,POLINYÀ DE XÚQUER,VALENCIA,11.0,8,85,2025,58,85,67.4,37,37,3,23.4,25.5,2021-08-15,-0.6,9.9
6057X,MANILVA,MALAGA,140.0,8,85,2023,59,75,71.6,40,40,3,23.4,28.3,2022-07-26,3.1,14.6
C319W,"VALLEHERMOSO, DAMA",STA. CRUZ DE TENERIFE,190.0,9,85,2023,17,52,41.4,17,17,3,23.5,29.4,2023-08-12,9.6,19.1
6127X,ÁLORA,MALAGA,172.0,8,85,2025,60,85,69.6,41,41,10,23.7,28.9,2020-08-02,1.6,10.5
7158X,ARCHENA,MURCIA,150.0,9,85,2025,46,85,67.3,41,39,7,23.9,26.6,2023-08-03,0.3,10.9
5281X,BAILÉN,JAEN,345.0,7,86,2025,45,86,69.1,50,50,12,24.5,27.5,2023-08-10,-2.8,8.4
7211B,PUERTO LUMBRERAS,MURCIA,445.0,9,86,2025,54,86,69.4,72,64,5,23.4,27.3,2024-08-01,-0.6,7.7
0385X,L'ESTARTIT,GIRONA,1.0,8,86,2022,57,74,67.5,63,46,4,23.5,27.1,2018-08-05,-1.8,6.6
7228,"ALCANTARILLA, BASE AÉREA",MURCIA,75.0,9,86,2025,40,86,67.6,43,43,5,24.0,26.9,2019-07-07,-3.8,10.2
5038Y,CAZORLA,JAEN,799.0,9,86,2025,42,86,60.3,39,39,14,24.3,29.1,2025-08-18,-4.9,6.0
B893,"MENORCA, AEROPUERTO",BALEARES,91.0,9,87,2022,46,46,62.6,30,30,9,24.2,28.8,2022-09-14,-0.6,12.4
C648C,AGÜIMES,LAS PALMAS,306.0,9,87,2023,25,51,55.1,21,21,26,26.1,34.1,2023-08-12,8.9,23.7
9981A,ESTACIÓN DE TORTOSA (ROQUETES),TARRAGONA,50.0,9,87,2025,52,87,66.4,67,39,3,23.7,26.8,2018-08-05,-1.7,7.2
7244X,ORIHUELA,ALICANTE,26.0,9,87,2025,52,87,72.2,40,40,8,24.0,26.5,2022-08-13,-2.4,12.4
6076X,"MARBELLA, PUERTO",MALAGA,2.0,8,87,2023,48,65,66.8,40,40,7,23.9,26.6,2022-08-13,3.9,16.8
0281Y,BLANES,GIRONA,45.0,9,88,2022,62,78,73.8,52,45,6,24.3,27.9,2018-08-04,-1.1,10.4
6293X,ROQUETAS DE MAR,ALMERIA,3.0,5,88,2025,56,88,66.0,34,28,5,23.5,26.2,2025-07-09,0.8,16.2
5270B,JAÉN,JAEN,580.0,9,88,2025,52,88,68.8,50,50,19,25.0,30.1,2021-08-13,-3.5,10.9
C623I,"SAN BARTOLOME TIRAJANA, CUEVAS DEL PINAR",LAS PALMAS,1220.0,9,89,2020,45,65,63.6,28,28,29,26.8,31.6,2023-07-13,3.1,17.8
B410B,SANTANYÍ,BALEARES,45.0,9,89,2022,51,87,75.6,73,33,4,24.0,26.8,2019-07-07,0.1,14.6
5996B,BARBATE,CADIZ,4.0,9,89,2025,50,89,69.2,33,33,11,24.0,28.6,2025-08-16,0.7,19.7
7023X,FUENTE ÁLAMO DE MURCIA,MURCIA,140.0,9,89,2025,49,89,74.3,66,66,6,23.7,27.2,2022-08-13,-1.1,11.7
8013X,NOVELDA,ALICANTE,233.0,9,90,2025,52,90,69.7,54,46,6,23.9,27.5,2025-08-18,0.0,9.3
7031,SAN JAVIER AEROPUERTO,MURCIA,4.0,9,90,2017,72,89,82.0,48,48,13,25.0,27.2,2017-08-02,-2.0,16.6
6143X,COÍN,MALAGA,230.0,9,91,2025,60,91,69.8,69,69,7,23.5,27.7,2025-08-18,1.2,9.6
C614H,TEJEDA,LAS PALMAS,1060.0,8,91,2020,47,52,64.9,28,28,31,26.7,32.4,2023-08-13,3.9,23.2
7031X,SAN JAVIER AEROPUERTO,MURCIA,4.0,9,92,2024,75,88,84.7,78,78,13,24.8,27.8,2022-07-30,-1.2,17.4
B860X,CIUTADELLA,ILLES BALEARS,20.0,9,92,2022,55,80,73.7,46,46,5,24.1,27.5,2017-08-03,0.8,14.6
0244X,VILASSAR DE DALT,BARCELONA,56.0,9,92,2022,61,85,75.4,46,46,5,24.3,27.1,2018-08-04,0.0,11.2
8416X,"VALENCIA, UPV",VALENCIA,6.0,7,92,2018,64,77,75.1,81,81,10,24.4,27.5,2022-08-13,1.2,12.9
7218Y,TOTANA,MURCIA,281.0,6,93,2025,59,93,79.2,74,74,4,23.5,27.4,2025-08-18,0.5,12.8
B954,"IBIZA, AEROPUERTO",ILLES BALEARS,6.0,9,93,2025,71,93,83.1,62,62,10,24.2,27.9,2017-08-02,0.0,18.2
8503Y,TORREBLANCA,CASTELLON,35.0,9,93,2025,59,93,77.9,73,61,4,24.3,27.2,2018-08-05,1.1,12.9
7020C,MURCIA AEROPUERTO,MURCIA,205.0,7,94,2025,53,94,70.6,71,60,2,23.3,25.9,2023-08-03,0.1,11.4
B825B,ES MERCADAL,ILLES BALEARS,80.0,9,94,2022,53,72,71.6,73,46,3,23.4,26.7,2017-08-02,1.5,13.2
B301,"LLUCMAJOR, RADAR",BALEARES,113.0,9,94,2022,61,89,76.1,79,79,5,23.5,26.7,2017-08-02,1.6,14.8
B603X,ARTÀ-COLÒNIA DE SANT PERE,BALEARES,99.0,9,95,2025,53,95,78.9,46,46,7,24.5,28.9,2021-08-15,2.1,16.1
7012D,"CARTAGENA, TENTEGORRA",MURCIA,56.0,9,95,2025,52,95,70.6,50,48,5,23.8,26.3,2024-07-29,-0.9,11.9
8414A,VALENCIA AEROPUERTO,VALENCIA,56.0,9,96,2025,60,96,74.6,61,61,13,24.7,27.1,2022-07-27,-2.3,10.1
0201D,"BARCELONA, PORT OLÍMPIC",BARCELONA,26.0,6,97,2025,75,97,84.8,61,61,17,24.8,27.1,2018-08-04,0.1,14.7
7178I,MURCIA,MURCIA,62.0,9,97,2025,67,97,87.0,83,83,12,24.6,27.2,2022-08-13,-1.4,15.9
8036Y,BENIDORM,ALICANTE,36.0,7,97,2025,65,97,79.4,50,40,6,24.0,27.1,2017-08-02,-0.1,15.6
8019,ALICANTE-ELCHE AEROPUERTO,ALICANTE,43.0,9,97,2025,64,97,81.3,72,72,8,24.2,27.2,2017-08-02,0.0,15.0
C628B,"LA ALDEA DE SAN NICOLÁS, TASARTE",LAS PALMAS,318.0,9,98,2023,34,65,63.3,20,20,21,25.5,34.6,2023-08-12,10.2,26.8
6001,TARIFA,CADIZ,45.0,9,98,2017,28,83,60.7,23,23,2,23.5,25.5,2023-08-23,2.2,18.4
6268Y,"MOTRIL, PUERTO",GRANADA,3.0,6,99,2025,67,99,79.8,56,56,10,24.1,26.7,2024-08-26,4.4,17.0
0076,BARCELONA AEROPUERTO,BARCELONA,4.0,9,100,2022,69,92,84.2,61,61,12,24.4,27.3,2018-08-05,-0.8,12.8
8500A,CASTELLÓ - ALMASSORA,CASTELLON,43.0,9,100,2025,70,100,84.4,71,69,11,24.5,27.1,2025-08-11,0.8,14.2
5998X,OSUNA,SEVILLA,255.0,9,102,2025,63,102,85.7,50,50,31,26.2,30.6,2025-08-17,0.3,22.9
5000C,CEUTA,CEUTA,87.0,9,102,2023,58,95,80.4,51,51,4,23.4,27.8,2022-07-26,4.6,21.0
B800X,"LA MOLA, MAÓ",ILLES BALEARS,78.0,8,102,2025,78,102,89.5,51,51,8,24.6,26.6,2018-08-09,1.9,22.2
B434X,PORTOCOLOM  ,ILLES BALEARS,17.0,9,102,2022,73,95,86.8,74,65,16,24.9,27.1,2017-08-02,1.2,19.3
7261X,ROJALES,ALICANTE,31.0,9,103,2025,66,103,82.4,71,70,9,24.2,27.7,2022-08-13,-0.5,15.1
5972X,SAN FERNANDO,CADIZ,28.0,9,104,2023,63,98,84.6,33,33,13,24.4,28.0,2025-08-13,1.9,25.0
8025,ALACANT/ALICANTE,ALICANTE,81.0,9,105,2025,66,105,84.9,72,72,10,24.5,28.6,2022-08-13,0.0,15.4
6155A,MÁLAGA AEROPUERTO,MALAGA,7.0,9,106,2025,80,106,92.1,55,55,18,25.0,31.6,2023-07-20,1.1,20.8
0433D,CABO DE CREUS,GIRONA,75.0,6,106,2025,79,106,91.8,74,74,27,25.6,29.8,2025-08-16,1.3,21.7
6156X,"MÁLAGA, CENTRO METEOROLÓGICO",MALAGA,54.0,9,107,2025,78,107,91.9,87,87,18,25.0,30.6,2023-07-20,1.7,20.4
6340X,GARRUCHA,ALMERIA,28.0,9,108,2024,83,83,95.8,83,83,20,25.1,27.7,2024-07-30,2.5,21.8
6291B,EL EJIDO,ALMERIA,98.0,9,109,2025,82,109,93.2,78,78,18,25.0,26.9,2022-08-04,5.0,22.1
7007Y,MAZARRÓN,MURCIA,66.0,8,110,2025,74,110,95.0,87,87,12,24.8,28.3,2024-07-30,3.2,22.8
8416Y,"VALÈNCIA, VIVEROS",VALENCIA,13.0,9,110,2025,79,110,90.8,81,81,20,25.1,28.2,2022-08-13,1.1,18.0
8416,VALÈNCIA,VALENCIA,13.0,9,111,2025,77,111,92.8,81,81,20,25.2,27.5,2022-08-13,0.8,19.6
8057C,PEGO,ALICANTE,60.0,9,111,2025,75,111,93.4,90,90,15,24.9,29.1,2022-08-13,0.6,19.3
6325O,ALMERÍA AEROPUERTO,ALMERIA,21.0,9,112,2025,88,112,98.6,82,75,26,25.4,27.3,2022-08-10,3.8,25.0
0016B,REUS (CENTRE LECTURA),TARRAGONA,118.0,9,113,2022,70,101,85.8,42,42,20,25.1,27.9,2023-08-22,0.2,18.0
B051A,"SÓLLER, PUERTO",BALEARES,5.0,5,113,2022,91,111,102.0,94,94,23,25.2,29.9,2022-08-14,3.5,23.6
6272X,CASTELL DE FERRO,GRANADA,235.0,8,113,2025,75,113,89.2,72,72,9,24.4,27.5,2025-08-17,4.3,20.9
6213X,NERJA,MALAGA,169.0,9,114,2025,70,114,84.1,61,61,6,23.9,28.1,2023-08-03,4.5,20.1
8058Y,MIRAMAR,VALENCIA,12.0,9,114,2025,82,114,98.6,73,73,24,25.4,28.9,2022-08-13,1.2,21.4
B986,FORMENTERA,BALEARES,24.0,9,114,2025,69,114,87.9,61,61,13,24.8,27.8,2022-08-13,0.5,20.4
0201X,"BARCELONA, DRASSANES",BARCELONA,11.0,7,115,2023,40,111,91.7,64,64,18,25.0,27.7,2023-08-24,1.3,20.0
6175X,RINCÓN DE LA VICTORIA,MALAGA,7.0,8,115,2023,80,94,97.8,88,62,19,25.1,27.2,2023-08-03,5.5,26.8
C419X,ADEJE,SANTA CRUZ DE TENERIFE,130.0,9,118,2023,52,91,77.8,32,32,2,22.6,25.5,2024-11-21,8.6,33.7
B087X,BANYALBUFAR,ILLES BALEARS,60.0,9,119,2022,79,112,96.2,78,73,23,25.4,30.3,2022-08-13,3.0,22.1
6088X,TORREMOLINOS,MALAGA,85.0,9,120,2025,79,120,94.7,87,87,15,24.6,30.7,2024-08-02,3.8,23.3
7002Y,ÁGUILAS,MURCIA,32.0,9,120,2025,90,120,103.3,90,90,25,25.3,27.2,2017-08-07,2.0,26.0
7012C,CARTAGENA,MURCIA,17.0,9,121,2025,89,121,106.1,96,96,35,25.7,27.4,2022-08-14,1.3,28.4
6000A,MELILLA,MELILLA,52.0,9,122,2025,97,122,106.9,87,87,24,25.5,31.8,2020-08-02,5.6,31.4
B228,"PALMA, PUERTO",BALEARES,3.0,9,123,2022,89,118,107.0,108,108,36,26.3,29.0,2022-08-14,2.5,27.1
6083X,MARBELLA,MALAGA,2.0,6,124,2021,70,88,96.3,49,49,22,25.4,27.9,2024-08-26,4.1,33.0
C619Y,LA ALDEA DE SAN NICOLÁS,LAS PALMAS,13.0,9,126,2023,86,114,105.7,46,37,3,23.4,29.7,2025-09-20,6.2,36.6
5973,CÁDIZ,CADIZ,2.0,9,128,2023,86,123,109.0,80,80,14,24.7,28.0,2025-08-13,2.4,36.2
6329X,CABO DE GATA,ALMERIA,42.0,9,135,2017,103,134,120.6,103,103,41,26.3,29.4,2022-08-10,4.8,43.6
C669B,ARUCAS,LAS PALMAS,86.0,9,136,2023,75,104,98.3,56,56,3,22.6,26.2,2023-10-07,10.4,43.1
6172X,MÁLAGA,MALAGA,25.0,9,136,2025,102,136,113.1,87,87,22,25.3,28.8,2023-08-01,3.9,34.4
B569X,CAPDEPERA,BALEARES,57.0,8,137,2022,87,129,112.8,103,103,52,26.3,28.4,2022-08-14,2.2,34.4
C839X,LA GRACIOSA,LAS PALMAS,19.0,9,138,2023,84,111,104.7,75,75,1,22.7,27.2,2023-10-08,9.5,45.8
C659H,"LAS PALMAS DE GRAN CANARIA, SAN CRISTOBAL",LAS PALMAS,55.0,8,138,2025,94,138,120.0,99,99,3,22.9,28.4,2025-09-20,10.5,60.1
C029O,LANZAROTE AEROPUERTO,LAS PALMAS,14.0,9,139,2023,74,114,100.7,98,98,4,23.2,27.6,2023-10-08,7.6,39.4
C639U,"SAN BARTOLOME TIRAJANA, EL MATORRAL",LAS PALMAS,41.0,9,140,2023,77,109,103.4,39,39,17,25.0,30.6,2025-07-17,9.4,46.8
C649R,"TELDE, MELENARA",LAS PALMAS,9.0,9,143,2023,106,131,129.3,95,95,3,23.6,26.3,2025-07-17,9.8,55.7
C239N,"TUINEJE,PUERTO GRAN TARAJAL",LAS PALMAS,1.0,9,147,2023,98,123,123.6,74,74,14,24.7,29.8,2021-08-17,9.0,54.0
C429I,TENERIFE SUR AEROPUERTO,SANTA CRUZ DE TENERIFE,64.0,9,148,2023,83,134,111.0,60,60,12,24.7,30.6,2021-08-17,10.3,52.6
C629X,"MOGÁN, PUERTO",LAS PALMAS,10.0,9,153,2020,79,123,120.2,108,108,5,24.1,26.5,2023-10-09,11.9,55.0
C129Z,TAZACORTE,SANTA CRUZ DE TENERIFE,62.0,6,154,2023,89,117,113.0,104,104,1,22.9,29.3,2021-08-17,11.2,52.0
C329B,"LA GOMERA, AEROPUERTO",STA. CRUZ DE TENERIFE,219.0,8,154,2023,49,93,87.8,82,82,15,24.8,28.5,2023-08-12,10.8,46.6
C459Z,PUERTO DE LA CRUZ,SANTA CRUZ DE TENERIFE,25.0,9,155,2023,85,132,121.1,128,128,5,23.7,26.8,2025-09-20,11.7,53.7
C649I,GRAN CANARIA AEROPUERTO,LAS PALMAS,24.0,9,156,2023,101,132,128.7,93,93,13,24.2,28.7,2025-07-17,10.6,59.7
C019V,YAIZA PLAYA BLANCA,LAS PALMAS,6.0,9,157,2023,89,129,119.2,91,91,1,23.3,29.5,2023-10-08,10.0,51.0
C249I,FUERTEVENTURA AEROPUERTO,LAS PALMAS,25.0,9,157,2017,101,124,128.8,100,100,4,23.7,28.4,2025-07-17,9.5,57.7
C449F,ANAGA,SANTA CRUZ DE TENERIFE,19.0,9,162,2023,109,146,136.2,129,129,15,24.5,30.5,2021-08-17,11.2,58.3
C139E,LA PALMA AEROPUERTO,SANTA CRUZ DE TENERIFE,33.0,9,163,2023,107,139,130.2,130,130,1,23.6,26.7,2021-08-17,11.0,61.0
C639M,"MASPALOMAS, C. INSULAR TURISMO",LAS PALMAS,45.0,9,172,2023,114,137,142.6,128,128,16,24.6,30.0,2023-10-09,12.0,66.7
C939T,"FRONTERA, SABINOSA",STA. CRUZ DE TENERIFE,20.0,9,174,2023,112,148,143.2,149,149,2,23.6,28.1,2023-11-21,12.4,65.6
C129V,FUENCALIENTE,STA. CRUZ DE TENERIFE,19.0,9,180,2023,117,151,148.7,148,148,2,24.0,27.6,2021-08-17,11.8,73.3
C449C,STA.CRUZ DE TENERIFE,SANTA CRUZ DE TENERIFE,36.0,9,182,2023,110,156,153.8,144,144,19,25.1,28.4,2023-07-14,11.8,73.1
C619X,AGAETE,LAS PALMAS,5.0,9,183,2023,100,156,152.7,109,109,11,24.3,29.0,2025-09-20,12.3,76.2
C229J,PÁJARA,LAS PALMAS,15.0,9,184,2024,97,162,155.3,128,128,12,24.8,30.1,2023-10-08,10.2,78.8
C659M,"LAS PALMAS DE GRAN CANARIA, PL. DE LA FERIA",LAS PALMAS,15.0,8,186,2017,122,174,153.5,132,132,9,24.1,26.9,2023-10-09,12.0,78.2
C919K,TACORON-LAPILLAS-TORTUGA,STA. CRUZ DE TENERIFE,98.0,7,187,2023,74,129,117.4,161,161,14,24.4,32.0,2023-10-04,12.2,63.4
C329Z,SAN SEBASTIÁN DE LA GOMERA,STA. CRUZ DE TENERIFE,15.0,8,187,2023,121,172,161.9,148,148,24,25.4,28.4,2023-07-14,12.1,77.9
C629Q,"MOGÁN, PUERTO RICO",LAS PALMAS,10.0,9,189,2023,126,161,164.3,160,160,9,24.5,26.0,2025-09-20,13.2,81.0
C929I,HIERRO AEROPUERTO,SANTA CRUZ DE TENERIFE,32.0,9,204,2023,131,170,170.2,161,161,3,24.0,26.2,2023-10-11,12.5,86.2
