rank,indicativo,nombre,provincia,altitud_m,lat,lon,n_anios,tmin_media_verano,noches_trop_anio,noches_ecua_anio,tmin_tendencia,tmin_esperada,residual,score_refugio_noche
1,3044X,CAÑIZARES,CUENCA,928.000,40.530,-2.150,5.000,12.238,0.000,0.000,-0.159,14.784,-2.546,-6.234
2,C468X,SAN JUAN DE LA RAMBLA,STA. CRUZ DE TENERIFE,667.000,28.373,-16.626,7.000,14.523,4.143,0.429,-0.075,18.304,-3.781,-5.758
3,0255B,SANTA SUSANNA,BARCELONA,40.000,41.651,2.697,5.000,17.094,8.800,0.000,-0.106,19.709,-2.615,-5.216
4,9660,SANT MAURICI (LLAC),LLEIDA,1907.000,42.581,1.008,8.000,9.856,0.000,0.000,-0.158,10.396,-0.540,-5.000
5,C656V,TEROR,LAS PALMAS,683.000,28.075,-15.547,10.000,14.589,3.900,0.100,0.010,18.819,-4.230,-4.975
6,2737E,LAGUNAS DE SOMOZA,LEON,1020.000,42.377,-6.197,8.000,10.459,0.000,0.000,-0.085,11.727,-1.268,-4.532
7,C928I,VALVERDE,STA. CRUZ DE TENERIFE,670.000,27.811,-17.919,7.000,16.007,4.714,0.143,-0.056,18.172,-2.164,-4.506
8,9287A,SAN PEDRO MANRIQUE,SORIA,1096.000,42.026,-2.231,10.000,9.843,0.000,0.000,0.013,13.077,-3.233,-4.505
9,3319D,PUERTO DEL PICO,AVILA,1285.000,40.340,-5.013,10.000,6.645,0.000,0.000,0.132,12.304,-5.658,-4.494
10,2192C,CUÉLLAR,SEGOVIA,795.000,41.384,-4.266,10.000,9.487,0.200,0.000,0.082,14.043,-4.556,-4.435
11,2084Y,UCERO,SORIA,960.000,41.722,-3.047,10.000,9.522,0.000,0.000,0.059,13.560,-4.038,-4.410
12,C457I,LA VICTORIA DE ACENTEJO,STA. CRUZ DE TENERIFE,567.000,28.434,-16.454,10.000,14.942,2.400,0.000,0.044,18.762,-3.820,-4.361
13,0360X,LES PLANES D'HOSTOLES,GIRONA,337.000,42.053,2.551,10.000,14.461,0.000,0.000,0.053,18.112,-3.650,-4.257
14,B362X,"CAMPOS, CAN SION",ILLES BALEARS,40.000,39.406,3.064,10.000,17.605,16.500,0.300,-0.006,21.267,-3.662,-4.252
15,C317B,AGULO,STA. CRUZ DE TENERIFE,765.000,28.179,-17.213,10.000,15.356,5.600,0.100,-0.015,17.786,-2.430,-4.110
16,C925F,"SAN ANDRÉS, VALVERDE",STA. CRUZ DE TENERIFE,1070.000,27.769,-17.960,9.000,13.879,10.889,0.667,-0.027,16.447,-2.568,-4.103
17,9744B,VALL DE BOÍ,LLEIDA,1089.000,42.503,0.799,10.000,10.299,0.000,0.000,0.075,13.918,-3.620,-3.953
18,8210Y,SALVACAÑETE,CUENCA,1160.000,40.103,-1.504,9.000,11.016,0.000,0.000,0.058,14.286,-3.270,-3.952
19,9238X,NAVASCUÉS/NABASKOZE,NAVARRA,612.000,42.718,-1.117,10.000,11.532,0.300,0.000,0.079,15.149,-3.617,-3.898
20,1696O,BEARIZ,OURENSE,610.000,42.468,-8.278,10.000,9.831,0.000,0.000,0.046,12.684,-2.853,-3.848
21,3104Y,RASCAFRÍA,MADRID,1159.000,40.890,-3.888,10.000,9.239,0.000,0.000,0.088,12.915,-3.676,-3.825
22,C447A,TENERIFE NORTE AEROPUERTO,SANTA CRUZ DE TENERIFE,632.000,28.477,-16.329,10.000,16.466,6.100,0.600,-0.007,18.498,-2.032,-3.742
23,9998X,BELLO,TERUEL,1006.000,40.921,-1.494,10.000,12.061,0.300,0.000,0.032,14.439,-2.378,-3.725
24,B341X,PORRERES,BALEARES,149.000,39.506,3.006,5.000,20.380,43.200,0.800,-0.221,20.709,-0.329,-3.720
25,9027X,SARGENTES DE LA LORA,BURGOS,1017.000,42.747,-3.884,6.000,10.470,0.000,0.000,0.017,12.355,-1.885,-3.623
26,2930Y,NAVASFRÍAS,SALAMANCA,880.000,40.297,-6.813,10.000,9.156,0.000,0.000,0.135,13.427,-4.271,-3.603
27,9838B,BENASQUE,HUESCA,1120.000,42.599,0.521,10.000,10.155,0.000,0.000,0.097,13.621,-3.466,-3.592
28,B684A,"ESCORCA, SON TORRELLA",ILLES BALEARS,842.000,39.793,2.788,10.000,13.465,0.600,0.100,0.122,17.440,-3.975,-3.558
29,C446G,"SAN CRISTÓBAL DE LA LAGUNA,LLANO DE LOS LOROS",STA. CRUZ DE TENERIFE,868.000,28.526,-16.280,10.000,14.945,9.800,0.900,0.018,17.461,-2.516,-3.556
30,2135A,FRESNO DE CANTESPINO,SEGOVIA,993.000,41.373,-3.507,10.000,11.440,0.500,0.000,0.029,13.469,-2.030,-3.538
31,2048A,MORÓN DE ALMAZÁN,SORIA,978.000,41.419,-2.420,10.000,10.425,0.000,0.000,0.103,13.904,-3.479,-3.526
32,9590,MARTINET  ,LLEIDA,1038.000,42.362,1.693,10.000,11.127,0.000,0.000,0.100,14.558,-3.431,-3.523
33,C018J,TÍAS,LAS PALMAS,376.000,28.970,-13.690,10.000,17.548,3.700,0.400,0.056,20.267,-2.720,-3.485
34,3013,MOLINA DE ARAGÓN,GUADALAJARA,1062.000,40.842,-1.879,10.000,11.385,0.000,0.000,0.075,14.105,-2.720,-3.414
35,9657X,ESTERRI D'ÀNEU,LLEIDA,952.000,42.625,1.126,8.000,11.279,0.000,0.000,0.103,14.556,-3.277,-3.402
36,C148F,SAN ANDRÉS Y SAUCES,STA. CRUZ DE TENERIFE,362.000,28.805,-17.782,10.000,17.690,2.500,0.200,-0.004,18.929,-1.238,-3.379
37,C248E,ANTIGUA,LAS PALMAS,252.000,28.417,-14.019,10.000,18.410,9.000,0.900,0.044,21.035,-2.625,-3.330
38,9091O,FORONDA-TXOKIZA,ARABA/ALAVA,513.000,42.882,-2.735,10.000,12.610,0.000,0.000,0.061,14.879,-2.269,-3.308
39,2828Y,BARCO DE AVILA,AVILA,1012.000,40.355,-5.519,10.000,10.374,0.000,0.000,0.093,13.292,-2.919,-3.307
40,0171X,IGUALADA,BARCELONA,313.000,41.579,1.618,10.000,17.400,12.000,0.000,-0.053,18.173,-0.773,-3.283
41,9619,LA SEU D'URGELL,LLEIDA,677.000,42.355,1.463,7.000,13.211,0.000,0.000,0.091,16.045,-2.833,-3.272
42,C665T,VALLESECO,LAS PALMAS,900.000,28.066,-15.566,10.000,15.104,12.100,1.000,0.046,17.877,-2.773,-3.264
43,B236C,"PALMA, UNIVERSITAT",ILLES BALEARS,95.000,39.642,2.644,10.000,17.409,12.800,0.000,0.070,20.724,-3.316,-3.257
44,C917E,"EL PINAR, LA DEHESA",STA. CRUZ DE TENERIFE,713.000,27.725,-18.115,9.000,17.089,18.000,7.111,-0.059,17.967,-0.878,-3.149
45,C117A,PUNTAGORDA,STA. CRUZ DE TENERIFE,684.000,28.761,-17.986,10.000,16.181,13.000,3.300,-0.020,17.485,-1.303,-3.145
46,5858X,ALMONTE,HUELVA,5.000,36.989,-6.443,10.000,15.970,4.000,0.100,0.120,19.457,-3.487,-3.136
47,9726E,LLORAC,TARRAGONA,657.000,41.557,1.309,10.000,12.887,0.300,0.000,0.143,16.581,-3.694,-3.130
48,3130C,SIGÜENZA,GUADALAJARA,1005.000,41.086,-2.618,10.000,11.223,0.000,0.000,0.097,13.925,-2.703,-3.118
49,0312X,SANT PAU DE SEGÚRIES,GIRONA,851.000,42.258,2.364,10.000,12.537,0.000,0.000,0.121,15.682,-3.145,-3.094
50,8245Y,MIRA,CUENCA,815.000,39.714,-1.443,10.000,12.490,0.300,0.000,0.142,16.052,-3.562,-3.069
51,C428T,ARICO,SANTA CRUZ DE TENERIFE,418.000,28.181,-16.483,10.000,17.487,8.900,0.500,0.039,19.559,-2.072,-3.063
52,C048W,TINAJO,LAS PALMAS,275.000,29.043,-13.681,10.000,18.439,7.300,0.000,0.054,20.663,-2.224,-3.041
53,C419L,LOMO DEL BALO,SANTA CRUZ DE TENERIFE,403.000,28.207,-16.792,9.000,18.327,12.000,0.889,-0.014,19.494,-1.167,-3.035
54,2867,SALAMANCA AEROPUERTO,SALAMANCA,790.000,40.959,-5.498,10.000,11.892,0.000,0.000,0.069,13.880,-1.989,-3.034
55,1700X,O CARBALLIÑO,OURENSE,400.000,42.421,-8.093,10.000,12.810,0.100,0.000,0.016,13.693,-0.883,-3.022
56,2092,BURGO DE OSMA,SORIA,932.000,41.589,-3.087,10.000,11.481,0.500,0.000,0.085,13.751,-2.270,-2.982
57,1387D,A CORUÑA BENS,A CORUÑA,132.000,43.363,-8.442,10.000,16.120,1.000,0.000,-0.123,14.130,1.990,-2.973
58,1021Y,ARTICUTZA (AUTOMATICA),NAVARRA,305.000,43.212,-1.798,9.000,13.867,0.000,0.000,0.077,15.917,-2.051,-2.971
59,9990X,"NAUT ARAN, ARTIES",LLEIDA,1161.000,42.700,0.877,9.000,12.114,0.000,0.000,0.045,13.510,-1.396,-2.970
60,9935X,VALDERROBRES,TERUEL,483.000,40.873,0.146,10.000,15.043,1.800,0.000,0.083,17.342,-2.299,-2.966
61,2243A,AGUILAR DE CAMPOO,PALENCIA,910.000,42.798,-4.277,10.000,10.455,0.000,0.000,0.086,12.643,-2.188,-2.950
62,7067Y,NERPIO,ALBACETE,1485.000,38.088,-2.413,10.000,11.845,0.300,0.000,0.074,13.818,-1.973,-2.944
63,2766E,"SANABRIA, ROBLEDA-CERVANTES",ZAMORA,933.000,42.083,-6.640,10.000,7.723,0.000,0.000,0.196,12.128,-4.405,-2.923
64,9001D,REINOSA,CANTABRIA,870.000,42.992,-4.161,10.000,9.862,0.000,0.000,0.125,12.736,-2.875,-2.880
65,9091R,VITORIA-GASTEIZ AEROPUERTO,ARABA/ALAVA,513.000,42.872,-2.733,10.000,12.421,0.000,0.000,0.105,14.887,-2.466,-2.879
66,2298,PALACIOS DE LA SIERRA,BURGOS,1080.000,41.960,-3.132,10.000,10.110,0.100,0.000,0.119,12.858,-2.747,-2.871
67,9016X,"VALDERREDIBLE, CUBILLO DE EBRO",CANTABRIA,770.000,42.810,-4.032,10.000,10.644,0.000,0.000,0.120,13.333,-2.689,-2.830
68,1541B,VILLABLINO,LEON,958.000,42.929,-6.334,10.000,9.165,0.000,0.000,0.107,11.596,-2.430,-2.828
69,C438N,CANDELARIA,SANTA CRUZ DE TENERIFE,463.000,28.359,-16.402,10.000,17.688,14.700,1.900,0.015,19.280,-1.593,-2.804
70,0349,SANT JULIÀ  DE VILATORTA,BARCELONA,578.000,41.926,2.317,9.000,15.116,0.556,0.000,0.084,17.060,-1.945,-2.801
71,9784P,BIELSA,HUESCA,992.000,42.630,0.225,10.000,11.726,0.000,0.000,0.107,14.048,-2.322,-2.768
72,9019B,"VALDERREDIBLE, POLIENTES",CANTABRIA,720.000,42.806,-3.934,9.000,10.995,0.000,0.000,0.120,13.589,-2.594,-2.761
73,9994X,BOSSÒST,LLEIDA,722.000,42.776,0.690,10.000,13.021,0.200,0.000,0.111,15.298,-2.277,-2.672
74,9207,"VALLE DE HECHO, HECHO",HUESCA,860.000,42.741,-0.751,10.000,12.144,0.200,0.000,0.101,14.192,-2.049,-2.669
75,3494U,NUÑOMORAL,CACERES,470.000,40.408,-6.240,10.000,14.182,1.300,0.000,0.056,15.346,-1.164,-2.632
76,C458A,TACORONTE,STA. CRUZ DE TENERIFE,310.000,28.496,-16.420,10.000,18.136,6.400,0.000,0.065,19.850,-1.715,-2.628
77,0321,CAMPDEVANOL,GIRONA,731.000,42.223,2.167,8.000,13.990,0.000,0.000,0.111,16.153,-2.163,-2.620
78,0394X,LA VALL DE BIANYA,GIRONA,350.000,42.211,2.472,10.000,15.464,1.300,0.000,0.121,17.926,-2.462,-2.611
79,C258K,LA OLIVA,LAS PALMAS,217.000,28.613,-13.932,10.000,18.807,14.900,0.300,0.065,21.095,-2.288,-2.604
80,9988B,CAP DE VAQUÈIRA,LLEIDA,2467.000,42.692,0.974,7.000,8.027,0.000,0.000,-0.000,7.883,0.144,-2.601
81,9453X,"BIESCAS, EMBALSE DE BÚBAL",HUESCA,1100.000,42.699,-0.319,10.000,11.535,0.000,0.000,0.096,13.336,-1.801,-2.586
82,C038N,HARÍA,LAS PALMAS,277.000,29.144,-13.489,10.000,18.680,12.600,0.800,0.060,20.661,-1.981,-2.581
83,9647X,TORÀ,LLEIDA,435.000,41.806,1.396,10.000,14.854,1.700,0.000,0.129,17.418,-2.564,-2.557
84,1078I,GÜEÑES,BIZKAIA,208.000,43.203,-3.105,8.000,14.450,0.375,0.000,0.078,15.863,-1.414,-2.555
85,9201K,JACA,HUESCA,823.000,42.579,-0.547,6.000,12.991,1.333,0.000,0.083,14.530,-1.540,-2.526
86,C658X,"LAS PALMAS DE GRAN CANARIA, TAFIRA",LAS PALMAS,269.000,28.078,-15.453,10.000,18.754,14.000,0.000,0.058,20.649,-1.895,-2.488
87,8458X,CEDRILLAS,TERUEL,1380.000,40.431,-0.849,10.000,11.713,0.000,0.000,0.097,13.364,-1.651,-2.472
88,C658L,LAS PALMAS DE G.C. (TAFIRA CMT),LAS PALMAS,269.000,28.075,-15.451,10.000,18.940,16.700,0.000,0.041,20.652,-1.711,-2.468
89,1174I,"CILLORIGO DE LIÉBANA, TAMA",CANTABRIA,250.000,43.183,-4.602,10.000,14.420,0.300,0.000,0.052,15.144,-0.724,-2.463
90,4520X,FREGENAL DE LA SIERRA,BADAJOZ,586.000,38.178,-6.662,10.000,13.852,2.100,0.000,0.120,16.101,-2.249,-2.463
91,2302N,MONTERRUBIO DE LA DEMANDA,BURGOS,1197.000,42.146,-3.110,10.000,10.186,0.100,0.000,0.119,12.240,-2.053,-2.440
92,B908X,SANT JOAN DE LABRITJA,ILLES BALEARS,110.000,39.056,1.493,10.000,18.240,22.000,0.400,0.057,20.607,-2.368,-2.426
93,9218A,ISABA/IZABA,NAVARRA,838.000,42.863,-0.925,10.000,10.859,0.000,0.000,0.182,14.147,-3.287,-2.411
94,9632X,TUIXENT,LLEIDA,1196.000,42.230,1.569,9.000,11.780,0.111,0.000,0.127,13.910,-2.130,-2.393
95,2005Y,"VINUESA, QUINTANAREJO",SORIA,1197.000,41.968,-2.783,10.000,10.274,0.000,0.000,0.131,12.473,-2.199,-2.386
96,2017Y,"LA PÓVEDA DE SORIA, BARRIOMARTÍN",SORIA,1260.000,41.996,-2.494,10.000,10.464,0.000,0.000,0.114,12.288,-1.823,-2.367
97,2926B,BAÑOBÁREZ,SALAMANCA,748.000,40.851,-6.609,10.000,12.566,0.700,0.000,0.080,13.723,-1.157,-2.355
98,C328W,HERMIGUA,STA. CRUZ DE TENERIFE,252.000,28.164,-17.194,10.000,18.854,19.500,0.000,0.015,20.029,-1.174,-2.338
99,9228J,OROZ-BETELU/OROTZ-BETELU,NAVARRA,635.000,42.896,-1.300,10.000,13.177,0.100,0.000,0.111,14.868,-1.691,-2.327
100,C126A,EL PASO,SANTA CRUZ DE TENERIFE,844.000,28.654,-17.853,9.000,16.065,20.444,5.556,-0.003,16.906,-0.841,-2.317
101,8381X,ADEMUZ,VALENCIA,705.000,40.061,-1.284,10.000,13.644,1.300,0.000,0.158,16.368,-2.725,-2.306
102,9460X,SABIÑÁNIGO,HUESCA,775.000,42.513,-0.356,10.000,13.344,0.300,0.000,0.103,14.851,-1.507,-2.303
103,2701D,"BARRIOS DE LUNA, MIÑERA",LEON,1120.000,42.886,-5.871,10.000,9.844,0.000,0.000,0.091,11.090,-1.246,-2.301
104,8008Y,VILLENA,ALICANTE,486.000,38.577,-0.866,10.000,15.252,3.900,0.000,0.171,18.413,-3.161,-2.291
105,C668V,AGAETE - SUERTE ALTA,LAS PALMAS,352.000,28.094,-15.675,9.000,18.746,15.222,2.556,0.049,20.197,-1.450,-2.276
106,C117Z,TIJARAFE,STA. CRUZ DE TENERIFE,733.000,28.675,-17.937,10.000,16.862,14.500,4.600,0.004,17.344,-0.482,-2.274
107,9051,MEDINA DE POMAR,BURGOS,580.000,42.920,-3.483,10.000,12.570,0.200,0.000,0.116,14.290,-1.720,-2.267
108,C648N,"TELDE, CENTRO FORESTAL DORAMAS",LAS PALMAS,344.000,27.988,-15.458,10.000,19.085,20.000,4.300,0.026,20.379,-1.294,-2.254
109,4527X,AROCHE,HUELVA,267.000,37.980,-6.976,10.000,14.238,1.600,0.000,0.189,17.496,-3.258,-2.229
110,2331,BURGOS AEROPUERTO,BURGOS,891.000,42.357,-3.620,10.000,11.667,0.200,0.000,0.115,13.246,-1.579,-2.198
111,1393,CABO VILÁN,A CORUÑA,50.000,43.161,-9.211,9.000,15.135,0.000,0.000,0.002,14.332,0.803,-2.174
112,2847X,PEDROSILLO DE LOS AIRES   ,SALAMANCA,865.000,40.676,-5.643,10.000,11.426,0.100,0.000,0.151,13.682,-2.255,-2.170
113,1178Y,"POSADA DE VALDEÓN, SOTO ",LEON,953.000,43.145,-4.932,10.000,10.535,0.000,0.000,0.114,11.996,-1.461,-2.152
114,2882D,PEÑAUSENDE,ZAMORA,1003.000,41.239,-5.897,10.000,14.027,5.800,0.400,-0.046,12.632,1.395,-2.149
115,2885K,FRESNO DE SAYAGO,ZAMORA,804.000,41.304,-6.022,10.000,11.877,0.000,0.000,0.118,13.408,-1.532,-2.142
116,2044B,LUBIA,SORIA,1100.000,41.601,-2.507,10.000,11.656,0.000,0.000,0.120,13.228,-1.572,-2.139
117,1723X,"PONTEAREAS, CANEDO",PONTEVEDRA,90.000,42.182,-8.493,10.000,13.893,0.500,0.000,0.100,15.043,-1.150,-2.112
118,1083B,SOPUERTA,BIZKAIA,177.000,43.280,-3.169,10.000,14.707,0.600,0.000,0.104,15.926,-1.219,-2.104
119,1738U,MUIÑOS,OURENSE,730.000,41.934,-7.989,10.000,12.150,0.000,0.000,0.069,12.608,-0.458,-2.102
120,2863C,PEDRAZA DE ALBA  ,SALAMANCA,897.000,40.732,-5.366,10.000,11.857,0.900,0.000,0.129,13.609,-1.751,-2.101
121,9638D,COLL DE NARGÓ,LLEIDA,609.000,42.154,1.312,10.000,14.884,0.900,0.000,0.118,16.411,-1.527,-2.100
122,1135C,"LOS TOJOS, BÁRCENA MAYOR",CANTABRIA,460.000,43.147,-4.214,10.000,11.980,0.000,0.000,0.165,14.398,-2.418,-2.099
123,6042I,JIMENA DE LA FRONTERA,CADIZ,42.000,36.436,-5.395,10.000,16.600,10.800,0.000,0.175,20.033,-3.432,-2.098
124,2059B,LA RIBA DE ESCALOTE,SORIA,1042.000,41.350,-2.783,10.000,12.677,2.000,0.000,0.082,13.537,-0.860,-2.093
125,7119B,CARAVACA DE LA CRUZ,MURCIA,643.000,38.103,-1.877,10.000,16.311,5.400,0.000,0.095,17.660,-1.350,-2.081
126,5654X,LA PUEBLA DE LOS INFANTES,SEVILLA,200.000,37.787,-5.371,10.000,15.715,6.200,0.000,0.162,18.499,-2.784,-2.081
127,4464X,ALBURQUERQUE,BADAJOZ,283.000,39.182,-6.995,10.000,15.495,8.600,0.200,0.074,16.657,-1.163,-2.079
128,9995Y,VALCARLOS/LUZAIDE,NAVARRA,334.000,43.091,-1.301,10.000,14.812,0.800,0.000,0.106,16.051,-1.238,-2.077
129,1735X,XINZO DE LIMIA,OURENSE,616.000,42.079,-7.734,10.000,9.991,0.000,0.000,0.202,13.104,-3.113,-2.051
130,1399,VIMIANZO,A CORUÑA,287.000,43.057,-9.047,10.000,13.410,0.300,0.000,0.051,13.429,-0.019,-2.051
131,8005X,FONTANARS DELS ALFORINS,VALENCIA,622.000,38.780,-0.796,10.000,15.655,4.500,0.000,0.136,17.719,-2.064,-2.039
132,2626Y,CUBILLAS DE RUEDA,LEON,916.000,42.620,-5.193,10.000,10.276,0.200,0.000,0.154,12.393,-2.117,-2.039
133,1455I,RODEIRO-VILAMAIOR,PONTEVEDRA,645.000,42.711,-7.954,9.000,11.215,0.000,0.000,0.114,12.497,-1.281,-2.037
134,B691Y,SA POBLA,BALEARES,32.000,39.749,3.017,10.000,19.161,31.200,0.900,0.033,21.067,-1.906,-2.033
135,2235U,CERVERA DE PISUERGA,PALENCIA,1140.000,42.871,-4.520,10.000,10.450,0.000,0.000,0.104,11.509,-1.060,-2.032
136,1465U,LALIN-CRISTIMIL,PONTEVEDRA,463.000,42.666,-8.193,9.000,12.448,0.000,0.000,0.091,13.228,-0.780,-2.022
137,1124E,VILLACARRIEDO,CANTABRIA,196.000,43.246,-3.849,10.000,14.484,0.400,0.000,0.107,15.615,-1.131,-2.021
138,9689X,TORRE DE CABDELLA,LLEIDA,1273.000,42.466,0.991,9.000,12.492,0.000,0.000,0.090,13.214,-0.722,-1.999
139,B526X,ARTÀ,ILLES BALEARS,110.000,39.689,3.351,10.000,18.666,25.300,0.600,0.072,20.890,-2.224,-1.996
140,0222X,CALDES DE MONTBUI,BARCELONA,175.000,41.613,2.168,10.000,17.844,14.800,0.000,0.056,18.953,-1.109,-1.992
141,9031C,BRIVIESCA,BURGOS,730.000,42.559,-3.309,10.000,12.448,0.000,0.000,0.128,13.931,-1.483,-1.992
142,8492X,ATZENETA DEL MAESTRAT,CASTELLON,420.000,40.227,-0.170,10.000,16.394,6.400,0.000,0.107,17.909,-1.514,-1.975
143,2777K,SANTIBAÑEZ DE VIDRIALES,ZAMORA,737.000,42.078,-6.007,10.000,11.752,0.300,0.000,0.127,13.214,-1.462,-1.974
144,C316I,ARURE,STA. CRUZ DE TENERIFE,916.000,28.128,-17.315,8.000,16.278,20.375,5.125,0.026,17.125,-0.847,-1.962
145,0324A,RIPOLL,GIRONA,675.000,42.191,2.196,8.000,14.409,0.000,0.000,0.156,16.426,-2.018,-1.961
146,2565,CORESES,ZAMORA,702.000,41.555,-5.631,5.000,14.733,2.400,0.000,0.006,13.836,0.897,-1.956
147,9060X,LALASTRA,ARABA/ALAVA,910.000,42.875,-3.232,10.000,10.849,0.000,0.000,0.162,12.978,-2.130,-1.955
148,1276F,POLA DE SOMIEDO,ASTURIAS,670.000,43.100,-6.257,10.000,11.731,0.000,0.000,0.110,12.765,-1.034,-1.944
149,9354X,ALHAMA DE ARAGON,ZARAGOZA,703.000,41.293,-1.895,10.000,14.649,2.400,0.000,0.086,15.371,-0.722,-1.936
150,1089U,RAMALES DE LA VICTORIA,CANTABRIA,80.000,43.256,-3.471,10.000,14.685,0.900,0.000,0.133,16.251,-1.566,-1.935
151,8368U,TERUEL,TERUEL,902.000,40.351,-1.124,10.000,14.051,0.900,0.000,0.122,15.388,-1.337,-1.931
152,9188,ENCISO,LA RIOJA,855.000,42.149,-2.273,10.000,12.844,0.700,0.000,0.116,14.029,-1.185,-1.925
153,9843A,SEIRA,HUESCA,825.000,42.477,0.434,10.000,13.389,0.000,0.000,0.137,14.947,-1.558,-1.916
154,1152C,SAN FELICES DE BUELNA,CANTABRIA,105.000,43.272,-4.049,10.000,14.931,0.800,0.000,0.108,15.920,-0.989,-1.900
155,9374X,SANTA EULALIA DEL CAMPO,TERUEL,1000.000,40.567,-1.321,10.000,13.335,0.500,0.000,0.130,14.753,-1.418,-1.895
156,C319W,"VALLEHERMOSO, DAMA",STA. CRUZ DE TENERIFE,190.000,28.054,-17.306,10.000,18.889,20.800,0.500,0.058,20.326,-1.437,-1.893
157,0106X,BALSARENY,BARCELONA,361.000,41.866,1.873,10.000,15.677,2.900,0.000,0.160,17.876,-2.199,-1.890
158,9257X,"ESTERIBAR, EMBALSE DE EUGI",NAVARRA,615.000,42.971,-1.517,10.000,12.990,0.000,0.000,0.154,14.828,-1.839,-1.876
159,2873X,BARBADILLO,SALAMANCA,817.000,40.904,-5.780,10.000,12.501,0.200,0.000,0.123,13.695,-1.194,-1.869
160,1679A,MONFORTE DE LEMOS,LUGO,291.000,42.532,-7.511,10.000,13.583,0.000,0.000,0.101,14.310,-0.727,-1.864
161,1410X,SOBRADO,A CORUÑA,500.000,43.038,-8.022,10.000,11.476,0.000,0.000,0.135,12.894,-1.418,-1.861
162,C439J,GÜÍMAR,SANTA CRUZ DE TENERIFE,115.000,28.318,-16.382,10.000,19.133,27.600,0.000,0.049,20.823,-1.690,-1.860
163,0341X,TONA,BARCELONA,607.000,41.847,2.223,8.000,15.556,1.250,0.000,0.131,16.950,-1.394,-1.837
164,5047E,BAZA,GRANADA,785.000,37.506,-2.735,9.000,15.423,3.667,0.000,0.137,17.107,-1.684,-1.829
165,9069C,MIRANDA DE EBRO,BURGOS,460.000,42.687,-2.961,10.000,13.636,0.300,0.000,0.142,15.150,-1.514,-1.813
166,1021X,"ERRENTERIA, AÑARBE",GIPUZKOA,165.000,43.214,-1.879,10.000,15.354,1.900,0.000,0.119,16.494,-1.140,-1.799
167,2630X,PUERTO DE SAN ISIDRO,LEON,1510.000,43.062,-5.377,8.000,7.507,0.000,0.000,0.167,9.467,-1.960,-1.791
168,1010X,BERA,NAVARRA,54.000,43.279,-1.676,10.000,15.820,3.300,0.000,0.118,17.009,-1.190,-1.788
169,2172Y,SARDÓN DE DUERO,VALLADOLID,725.000,41.612,-4.406,10.000,11.660,0.100,0.000,0.193,14.150,-2.490,-1.777
170,1048X,ARETXABALETA,GIPUZKOA,308.000,43.025,-2.466,10.000,14.287,0.900,0.000,0.142,15.777,-1.491,-1.777
171,9918Y,"TAMARITE DE LITERA, LA MELUSA",HUESCA,218.000,41.781,0.377,10.000,16.525,8.500,0.000,0.114,18.001,-1.476,-1.770
172,9381I,CALAMOCHA,TERUEL,884.000,40.926,-1.293,10.000,13.780,0.800,0.000,0.132,15.039,-1.259,-1.765
173,1038X,AZPEITIA,GIPUZKOA,180.000,43.172,-2.267,10.000,15.523,1.900,0.000,0.105,16.312,-0.790,-1.763
174,2374X,CARRIÓN DE LOS CONDES,PALENCIA,830.000,42.351,-4.617,10.000,11.990,0.400,0.000,0.129,13.149,-1.159,-1.754
175,1074C,AMOREBIETA-ETXANO,BIZKAIA,100.000,43.203,-2.706,10.000,15.281,1.400,0.000,0.128,16.479,-1.198,-1.750
176,1706A,ALLARIZ,OURENSE,492.000,42.183,-7.796,10.000,12.891,0.200,0.000,0.106,13.554,-0.663,-1.750
177,2166Y,PEÑAFIEL,VALLADOLID,756.000,41.593,-4.125,10.000,13.099,0.800,0.000,0.123,14.131,-1.032,-1.737
178,2096B,LICERAS,SORIA,1150.000,41.374,-3.251,10.000,13.009,3.100,0.000,0.059,12.881,0.127,-1.734
179,2604B,MEDINA DE RIOSECO,VALLADOLID,731.000,41.876,-5.040,10.000,12.644,0.800,0.000,0.126,13.724,-1.080,-1.733
180,5402,CÓRDOBA AEROPUERTO,CORDOBA,90.000,37.849,-4.847,10.000,18.909,30.800,0.300,-0.023,19.130,-0.220,-1.727
181,1344X,MONDOÑEDO,LUGO,125.000,43.431,-7.362,9.000,14.615,0.000,0.000,0.072,14.515,0.101,-1.718
182,0341,TONA (ESCOLA),BARCELONA,607.000,41.847,2.223,9.000,15.289,0.667,0.000,0.156,16.950,-1.660,-1.715
183,1078C,BALMASEDA,BIZKAIA,210.000,43.181,-3.210,10.000,14.414,0.700,0.000,0.144,15.831,-1.416,-1.715
184,5625X,LA RAMBLA,CORDOBA,200.000,37.639,-4.764,10.000,17.414,19.700,0.000,0.076,18.816,-1.402,-1.704
185,2117D,ARANDA DE DUERO,BURGOS,790.000,41.666,-3.743,10.000,12.485,0.900,0.000,0.153,14.078,-1.592,-1.704
186,9170,"LOGROÑO, AEROPUERTO",LA RIOJA,353.000,42.452,-2.331,10.000,15.818,4.300,0.000,0.074,15.995,-0.176,-1.673
187,8309X,UTIEL,VALENCIA,758.000,39.576,-1.245,10.000,15.180,0.900,0.000,0.140,16.460,-1.280,-1.670
188,2611D,VILLAFÁFILA,ZAMORA,690.000,41.856,-5.592,10.000,12.956,0.500,0.000,0.117,13.711,-0.755,-1.656
189,B158X,"CALVIÀ, ES CAPDELLÀ",BALEARES,50.000,39.551,2.466,10.000,18.583,25.000,0.400,0.106,20.912,-2.329,-1.650
190,1468X,A ESTRADA,PONTEVEDRA,269.000,42.694,-8.502,10.000,14.070,0.200,0.000,0.076,13.938,0.132,-1.640
191,B662X,BINISSALEM,ILLES BALEARS,105.000,39.678,2.874,10.000,18.715,26.800,0.500,0.086,20.743,-2.028,-1.637
192,9280B,LARRAGA,NAVARRA,375.000,42.549,-1.858,10.000,15.165,2.300,0.000,0.118,16.012,-0.846,-1.618
193,1025X,"BEASAIN, ARRIARAN",GIPUZKOA,255.000,43.055,-2.232,10.000,14.952,1.800,0.000,0.135,16.074,-1.123,-1.598
194,2517A,FUENTE EL SOL,VALLADOLID,755.000,41.173,-4.940,10.000,12.797,1.300,0.000,0.147,14.102,-1.305,-1.576
195,5459X,ESPIEL,CORDOBA,465.000,38.111,-4.929,10.000,16.030,4.300,0.000,0.135,17.306,-1.276,-1.576
196,3040Y,BETETA,CUENCA,1214.000,40.572,-2.076,9.000,11.811,0.222,0.000,0.172,13.544,-1.732,-1.575
197,2539,VALLADOLID AEROPUERTO,VALLADOLID,846.000,41.712,-4.856,10.000,12.435,0.200,0.000,0.135,13.397,-0.961,-1.574
198,1561I,VEGA DE ESPINAREDA  ,LEON,770.000,42.766,-6.674,10.000,10.963,0.000,0.000,0.158,12.390,-1.427,-1.573
199,4554X,CARTAYA,HUELVA,15.000,37.218,-7.084,10.000,17.172,9.000,0.100,0.148,19.033,-1.861,-1.566
200,5704B,CAZALLA DE LA SIERRA,SEVILLA,550.000,37.926,-5.770,10.000,15.364,4.100,0.000,0.142,16.745,-1.381,-1.566
201,3209Y,BRIHUEGA,GUADALAJARA,835.000,40.765,-2.874,10.000,13.948,0.600,0.000,0.127,14.773,-0.824,-1.564
202,9394X,CALATAYUD,ZARAGOZA,582.000,41.331,-1.645,10.000,15.935,5.700,0.000,0.070,15.964,-0.029,-1.563
203,9814X,TORLA - ORDESA,HUESCA,1076.000,42.638,-0.112,9.000,12.986,0.000,0.000,0.118,13.555,-0.569,-1.556
204,2290Y,PEDROSA DEL PRÍNCIPE,BURGOS,771.000,42.251,-4.199,10.000,12.031,1.000,0.000,0.164,13.622,-1.590,-1.550
205,2276B,VILLAELES DE VALDAVIA,PALENCIA,908.000,42.569,-4.575,10.000,11.107,0.000,0.000,0.168,12.687,-1.580,-1.545
206,1025A,SEGURA,GIPUZKOA,255.000,43.016,-2.257,10.000,14.830,1.900,0.000,0.146,16.090,-1.260,-1.540
207,1226X,"ALLER, FELECHOSA",ASTURIAS,750.000,43.095,-5.477,10.000,11.821,0.000,0.000,0.135,12.708,-0.887,-1.538
208,1167B,"CAMALEÑO, FUENTE DE",CANTABRIA,1100.000,43.144,-4.813,10.000,11.040,0.000,0.000,0.109,11.402,-0.362,-1.538
209,2914C,BOADILLA FUENTE SAN ESTEBAN,SALAMANCA,785.000,40.786,-6.203,9.000,13.160,0.444,0.000,0.120,13.753,-0.593,-1.521
210,1096X,"BARCENA DE CICERO, TRETO",CANTABRIA,10.000,43.397,-3.470,10.000,15.914,2.000,0.000,0.114,16.466,-0.552,-1.508
211,1249I,OVIEDO,ASTURIAS,336.000,43.353,-5.874,6.000,14.727,0.333,0.000,0.067,14.195,0.532,-1.501
212,8337X,TURÍS,VALENCIA,186.000,39.392,-0.625,10.000,17.862,17.900,0.000,0.100,19.286,-1.424,-1.496
213,8198Y,ALMANSA,ALBACETE,710.000,38.851,-1.063,10.000,15.275,2.600,0.000,0.179,17.195,-1.919,-1.495
214,9698U,TALARN,LLEIDA,807.000,42.205,0.865,9.000,15.807,6.556,0.000,0.050,15.356,0.451,-1.491
215,1033X,ARESO,NAVARRA,520.000,43.085,-1.951,10.000,13.761,0.800,0.100,0.154,15.009,-1.247,-1.481
216,9228T,RONCESVALLES/ORREAGA,NAVARRA,947.000,43.008,-1.326,10.000,11.862,0.200,0.000,0.172,13.434,-1.572,-1.480
217,9073X,"AGURAIN/SALVATIERRA, OPAKUA",ARABA/ALAVA,660.000,42.830,-2.360,10.000,13.048,1.400,0.300,0.158,14.412,-1.364,-1.473
218,6258X,LANJARÓN,GRANADA,708.000,36.923,-3.493,10.000,16.099,3.900,0.000,0.152,17.532,-1.433,-1.472
219,9352A,ALMAZUL,SORIA,1000.000,41.575,-2.140,10.000,13.084,0.100,0.000,0.133,13.813,-0.729,-1.464
220,5516D,SIERRA NEVADA 'RADIOTELESCOPIO',GRANADA,2856.000,37.063,-3.387,6.000,10.990,0.000,0.000,-0.040,8.160,2.829,-1.460
221,1026X,ORDIZIA,GIPUZKOA,290.000,43.058,-2.184,10.000,15.201,1.900,0.000,0.127,15.938,-0.737,-1.455
222,8354X,ALBARRACÍN,TERUEL,1130.000,40.420,-1.441,10.000,13.318,0.900,0.000,0.140,14.238,-0.920,-1.445
223,2624C,RIAÑO,LEON,1090.000,42.958,-5.008,10.000,10.407,0.000,0.000,0.152,11.492,-1.084,-1.444
224,1064L,"OROZKO, IBARRA",BIZKAIA,270.000,43.096,-2.860,10.000,14.221,0.500,0.000,0.173,15.752,-1.531,-1.428
225,8489X,VILLAFRANCA DEL CID/VILAFRANCA,CASTELLON,1130.000,40.433,-0.256,10.000,13.249,0.700,0.000,0.167,14.665,-1.416,-1.421
226,B614E,MANACOR,ILLES BALEARS,100.000,39.557,3.218,10.000,19.233,34.100,0.800,0.063,20.967,-1.734,-1.418
227,2401X,PALENCIA,PALENCIA,736.000,42.009,-4.561,10.000,12.953,0.200,0.000,0.141,13.794,-0.841,-1.417
228,9244X,SOS DEL REY CATÓLICO,ZARAGOZA,626.000,42.491,-1.213,10.000,14.884,3.400,0.000,0.104,15.196,-0.313,-1.416
229,9531Y,MONTALBÁN,TERUEL,895.000,40.829,-0.793,10.000,14.495,5.300,0.100,0.118,15.237,-0.742,-1.414
230,C648C,AGÜIMES,LAS PALMAS,306.000,27.902,-15.454,10.000,19.954,30.100,9.200,0.025,20.599,-0.646,-1.413
231,1489A,A LAMA,PONTEVEDRA,395.000,42.407,-8.451,10.000,13.042,1.100,0.000,0.125,13.592,-0.550,-1.408
232,1179B,CABRALES,ASTURIAS,458.000,43.311,-4.853,10.000,14.065,0.100,0.000,0.103,14.068,-0.003,-1.394
233,0320I,PLANOLES,GIRONA,1151.000,42.317,2.103,10.000,12.762,0.100,0.000,0.175,14.247,-1.484,-1.393
234,0421E,ESPOLLA 'LES ALBERES',GIRONA,100.000,42.390,3.006,8.000,18.574,25.375,0.375,0.039,19.094,-0.519,-1.376
235,1002Y,"BAZTAN, IRURITA",NAVARRA,183.000,43.136,-1.543,10.000,15.268,1.900,0.000,0.164,16.589,-1.321,-1.351
236,2734D,ASTORGA,LEON,919.000,42.477,-6.074,10.000,11.716,0.100,0.000,0.128,12.147,-0.431,-1.338
237,7195X,"CARAVACA DE LA CRUZ, LOS ROYOS",MURCIA,985.000,37.926,-2.058,10.000,15.164,3.300,0.000,0.147,16.221,-1.057,-1.334
238,B496X,SON SERVERA,ILLES BALEARS,25.000,39.630,3.384,10.000,19.504,38.700,1.000,0.057,21.307,-1.803,-1.330
239,2296A,ÓLVEGA,SORIA,1039.000,41.776,-1.977,10.000,12.082,0.600,0.000,0.179,13.577,-1.495,-1.323
240,B605X,"MURO, S'ALBUFERA",ILLES BALEARS,2.000,39.797,3.105,10.000,19.135,30.400,0.400,0.100,21.199,-2.064,-1.316
241,1390X,"CARBALLO, DEPURADORA",A CORUÑA,98.000,43.204,-8.711,10.000,13.351,0.000,0.000,0.154,14.280,-0.929,-1.315
242,0061X,PONTONS,BARCELONA,632.000,41.417,1.519,10.000,15.080,1.700,0.000,0.191,16.855,-1.775,-1.300
243,0009X,ALFORJA,TARRAGONA,406.000,41.214,0.963,10.000,16.835,6.800,0.000,0.131,17.760,-0.925,-1.299
244,9012E,SANTA GADEA DE ALFOZ,BURGOS,915.000,42.951,-3.957,10.000,11.818,0.100,0.000,0.151,12.642,-0.823,-1.292
245,0367,GIRONA AEROPUERTO,GIRONA,143.000,41.911,2.763,10.000,17.409,13.600,0.000,0.146,19.121,-1.712,-1.283
246,1056K,FORUA,BIZKAIA,45.000,43.343,-2.671,10.000,15.580,2.600,0.000,0.154,16.642,-1.062,-1.281
247,9274X,IRURTZUN,NAVARRA,432.000,42.919,-1.835,10.000,14.634,1.000,0.000,0.153,15.538,-0.904,-1.278
248,1341B,"TARAMUNDI, OURIA",ASTURIAS,340.000,43.416,-7.061,9.000,13.922,0.111,0.000,0.101,13.702,0.220,-1.274
249,1309C,"IBIAS, SAN ANTOLIN",ASTURIAS,780.000,43.027,-6.885,10.000,12.551,0.800,0.000,0.089,12.103,0.448,-1.264
250,9775X,EL SOLERÀS,LLEIDA,392.000,41.414,0.678,10.000,17.747,19.100,0.200,0.038,17.590,0.157,-1.258
251,9262,PAMPLONA,NAVARRA,450.000,42.818,-1.638,9.000,16.049,5.111,0.222,0.074,15.597,0.453,-1.245
252,C406G,"LA OROTAVA, CAÑADAS TEIDE",STA. CRUZ DE TENERIFE,2150.000,28.224,-16.626,10.000,11.957,0.800,0.000,0.113,11.962,-0.005,-1.234
253,B278,"PALMA DE MALLORCA, AEROPUERTO",BALEARES,5.000,39.561,2.737,10.000,19.571,38.600,1.000,0.057,21.200,-1.630,-1.232
254,9344C,ARCOS DE JALÓN,SORIA,863.000,41.216,-2.293,10.000,14.126,2.200,0.000,0.130,14.579,-0.453,-1.227
255,1203D,COLUNGA,ASTURIAS,30.000,43.492,-5.247,9.000,15.862,1.000,0.000,0.103,15.665,0.197,-1.226
256,B640X,PETRA,BALEARES,95.000,39.616,3.121,6.000,19.066,29.500,0.333,0.101,20.916,-1.850,-1.215
257,1199X,"PILOÑA, BARGAÉU",ASTURIAS,280.000,43.378,-5.397,10.000,14.544,0.100,0.000,0.120,14.598,-0.054,-1.214
258,1476R,"ROIS, CASAS DO PORTO",A CORUÑA,210.000,42.750,-8.715,10.000,14.501,0.600,0.000,0.095,14.081,0.421,-1.213
259,1428,SANTIAGO DE COMPOSTELA AEROPUERTO,A CORUÑA,370.000,42.888,-8.411,10.000,13.409,0.500,0.000,0.116,13.410,-0.002,-1.203
260,1521I,O PÁRAMO,LUGO,403.000,42.845,-7.499,10.000,13.132,0.000,0.000,0.143,13.629,-0.497,-1.200
261,9751,SOPEIRA,HUESCA,760.000,42.319,0.747,10.000,15.460,1.300,0.000,0.113,15.444,0.016,-1.199
262,3391,SOTILLO DE LA ADRADA,AVILA,630.000,40.289,-4.591,8.000,18.623,17.500,1.375,-0.104,15.334,3.290,-1.198
263,2453E,GOTARRENDURA,AVILA,920.000,40.829,-4.742,10.000,13.434,4.100,0.000,0.117,13.677,-0.243,-1.181
264,2966D,ALCAÑICES,ZAMORA,840.000,41.683,-6.301,10.000,12.589,0.800,0.000,0.133,12.909,-0.320,-1.177
265,9136X,"ANGUIANO, VALVANERA",LA RIOJA,1006.000,42.231,-2.871,10.000,11.885,0.200,0.000,0.179,13.103,-1.218,-1.172
266,1037X,LEGAZPI,GIPUZKOA,460.000,43.052,-2.337,10.000,13.920,1.100,0.000,0.177,15.148,-1.228,-1.170
267,2742R,BUSTILLO DEL PÁRAMO,LEON,850.000,42.466,-5.780,10.000,11.986,0.000,0.000,0.149,12.561,-0.575,-1.167
268,4089A,ALBERCA DE ZANCARA,CUENCA,858.000,39.517,-2.496,10.000,16.753,6.300,0.000,0.043,15.603,1.150,-1.165
269,2536D,MORALES DEL TORO,ZAMORA,710.000,41.548,-5.271,10.000,13.348,1.800,0.000,0.144,13.938,-0.590,-1.160
270,1186P,"AMIEVA, PANIZALES",ASTURIAS,370.000,43.267,-5.119,10.000,13.989,0.300,0.000,0.140,14.380,-0.391,-1.156
271,1109X,SANTANDER AEROPUERTO,CANTABRIA,3.000,43.429,-3.831,10.000,16.319,4.500,0.000,0.107,16.343,-0.025,-1.156
272,1279X,"SALAS, CAMUÑO",ASTURIAS,240.000,43.425,-6.231,10.000,14.358,0.000,0.000,0.126,14.435,-0.077,-1.150
273,9590D,CAP DE REC,LLEIDA,1940.000,42.430,1.667,6.000,9.269,0.000,0.000,0.188,10.591,-1.322,-1.133
274,3110C,BUITRAGO DEL LOZOYA,MADRID,1030.000,41.007,-3.614,10.000,12.135,0.100,0.000,0.190,13.501,-1.367,-1.127
275,1442U,BOIRO,A CORUÑA,10.000,42.644,-8.892,10.000,15.327,1.300,0.000,0.102,14.950,0.377,-1.121
276,0363X,SANT HILARI,GIRONA,810.000,41.881,2.513,10.000,13.944,0.500,0.000,0.231,16.154,-2.210,-1.115
277,2916A,VITIGUDINO,SALAMANCA,769.000,41.011,-6.438,10.000,13.403,1.600,0.000,0.129,13.593,-0.190,-1.110
278,9262P,MONREAL/ELO,NAVARRA,585.000,42.701,-1.496,10.000,13.833,1.700,0.000,0.183,15.137,-1.304,-1.109
279,B373X,"CAMPOS, SALINES LLEVANT",BALEARES,3.000,39.351,3.012,10.000,19.343,36.900,1.600,0.095,21.443,-2.100,-1.108
280,2789H,POZUELO DE TABARA,ZAMORA,711.000,41.786,-5.909,9.000,13.448,0.667,0.000,0.129,13.549,-0.101,-1.104
281,5960,JEREZ DE LA FRONTERA AEROPUERTO,CADIZ,27.000,36.751,-6.056,10.000,17.218,13.400,0.000,0.198,19.655,-2.437,-1.086
282,2775X,VILLARDECIERVOS,ZAMORA,850.000,41.941,-6.280,10.000,10.582,0.100,0.000,0.231,12.710,-2.129,-1.080
283,8193E,JALANCE,VALENCIA,372.000,39.208,-1.094,10.000,17.398,14.100,0.000,0.128,18.423,-1.025,-1.073
284,0149D,MANRESA (LA CULLA),BARCELONA,291.000,41.720,1.840,9.000,17.628,13.000,0.111,0.113,18.261,-0.633,-1.072
285,1342X,RIBADEO,LUGO,43.000,43.541,-7.083,10.000,15.539,0.500,0.000,0.096,14.904,0.635,-1.069
286,3103,PANTANO EL VADO,GUADALAJARA,910.000,41.004,-3.302,10.000,14.472,0.600,0.000,0.111,14.139,0.333,-1.064
287,1234P,"MIERES, BAIÑA",ASTURIAS,170.000,43.275,-5.819,10.000,15.649,1.400,0.000,0.092,14.985,0.664,-1.064
288,9121X,HARO,LA RIOJA,465.000,42.575,-2.855,10.000,14.941,1.700,0.100,0.138,15.238,-0.298,-1.059
289,2568D,"SANTERVÁS DE LA VEGA, VILLAPÚN ",PALENCIA,985.000,42.524,-4.851,10.000,11.499,0.300,0.000,0.167,12.280,-0.781,-1.050
290,9390,DAROCA,ZARAGOZA,774.000,41.114,-1.410,10.000,14.870,3.600,0.100,0.141,15.354,-0.484,-1.046
291,2482B,MIGUELAÑEZ,SEGOVIA,870.000,41.126,-4.376,10.000,14.307,4.800,0.000,0.091,13.840,0.467,-1.045
292,9141V,NÁJERA,LA RIOJA,500.000,42.414,-2.727,10.000,14.853,0.900,0.000,0.147,15.235,-0.383,-1.035
293,2945A,EL BODÓN BASE AÉREA,SALAMANCA,805.000,40.485,-6.577,10.000,12.713,0.300,0.000,0.180,13.720,-1.007,-1.033
294,B346X,PORRERES,ILLES BALEARS,120.000,39.522,3.019,6.000,19.609,37.000,1.000,0.059,20.830,-1.221,-1.028
295,1505,LUGO AEROPUERTO,LUGO,442.000,43.111,-7.458,10.000,12.840,0.000,0.000,0.155,13.307,-0.466,-1.026
296,1223P,"LENA, RONZÓN",ASTURIAS,370.000,43.133,-5.823,10.000,14.296,0.200,0.000,0.128,14.206,0.090,-1.021
297,9707,LLIMIANA,LLEIDA,515.000,42.067,0.907,10.000,16.239,6.100,0.000,0.135,16.726,-0.487,-1.016
298,B870C,"CIUTADELLA, CALA GALDANA",BALEARES,43.000,39.945,3.957,10.000,18.587,24.900,0.400,0.173,21.241,-2.653,-1.015
299,2804F,VILLADEPERA,ZAMORA,790.000,41.534,-6.142,10.000,13.883,2.700,0.000,0.094,13.280,0.604,-1.013
300,1435C,NOIA,A CORUÑA,128.000,42.800,-8.876,10.000,15.165,0.900,0.000,0.091,14.345,0.820,-1.007
301,2664B,VALENCIA DE DON JUAN,LEON,788.000,42.296,-5.505,10.000,12.701,0.600,0.000,0.149,13.040,-0.339,-0.994
302,8439X,SEGORBE,CASTELLON,400.000,39.796,-0.485,10.000,16.531,5.100,0.000,0.196,18.153,-1.623,-0.985
303,B893,"MENORCA, AEROPUERTO",BALEARES,91.000,39.855,4.216,10.000,20.114,48.400,1.100,0.015,21.184,-1.071,-0.972
304,1631E,A POBRA DE TRIVES,OURENSE,840.000,42.339,-7.282,10.000,12.004,0.400,0.000,0.141,12.133,-0.128,-0.971
305,9377Y,EL PEDREGAL,GUADALAJARA,1185.000,40.779,-1.568,10.000,12.781,0.600,0.000,0.181,13.725,-0.944,-0.970
306,1221D,PAJARES-VALGRANDE,ASTURIAS,1480.000,42.979,-5.776,10.000,9.369,0.200,0.000,0.143,9.504,-0.135,-0.968
307,9263X,"ARANGUREN, ILUNDAIN",NAVARRA,572.000,42.776,-1.532,10.000,13.634,1.900,0.100,0.203,15.132,-1.499,-0.968
308,1082,BILBAO AEROPUERTO,BIZKAIA,42.000,43.298,-2.906,10.000,16.251,5.900,0.000,0.133,16.597,-0.345,-0.967
309,0413A,MAÇANET DE CABRENYS,GIRONA,355.000,42.387,2.756,10.000,16.680,7.900,0.100,0.168,17.897,-1.217,-0.960
310,0284X,CASTELL D'ARO,GIRONA,14.000,41.808,3.031,10.000,18.359,23.600,0.000,0.125,19.845,-1.486,-0.959
311,2030,SORIA,SORIA,1081.000,41.775,-2.483,10.000,12.932,0.100,0.000,0.151,13.209,-0.277,-0.956
312,9263D,"PAMPLONA, AEROPUERTO",NAVARRA,459.000,42.777,-1.650,10.000,14.535,1.100,0.000,0.185,15.579,-1.044,-0.953
313,1069Y,"ABADIÑO, URKIOLA",BIZKAIA,747.000,43.099,-2.644,10.000,13.029,0.400,0.000,0.172,13.760,-0.731,-0.951
314,1212E,ASTURIAS AEROPUERTO,ASTURIAS,127.000,43.567,-6.044,10.000,15.446,0.000,0.000,0.112,14.904,0.542,-0.945
315,5860E,"MOGUER, EL ARENOSILLO",HUELVA,41.000,37.098,-6.738,10.000,18.335,20.800,0.200,0.103,19.123,-0.788,-0.938
316,8270X,BICORP,VALENCIA,305.000,39.134,-0.790,10.000,18.477,23.700,0.000,0.074,18.873,-0.396,-0.925
317,9178X,CAMPEZO/KANPEZU,ARABA/ALAVA,570.000,42.671,-2.346,10.000,13.646,1.600,0.000,0.196,14.909,-1.263,-0.922
318,3175,TORREJÓN DE ARDOZ,MADRID,607.000,40.489,-3.444,10.000,16.514,12.900,0.000,0.056,15.728,0.786,-0.917
319,1283U,CABO BUSTO,ASTURIAS,60.000,43.569,-6.470,10.000,16.075,0.700,0.000,0.090,15.037,1.038,-0.896
320,5530E,GRANADA AEROPUERTO,GRANADA,560.000,37.190,-3.790,10.000,16.703,9.100,0.000,0.168,17.896,-1.193,-0.891
321,2946X,SAELICES EL CHICO,SALAMANCA,680.000,40.635,-6.600,10.000,13.696,1.100,0.000,0.162,14.159,-0.462,-0.890
322,B013X,"ESCORCA, LLUC",ILLES BALEARS,490.000,39.823,2.886,10.000,16.468,9.800,0.600,0.231,18.984,-2.516,-0.885
323,1327A,"VILLAYÓN, ONETA",ASTURIAS,410.000,43.466,-6.673,10.000,14.183,0.300,0.000,0.110,13.509,0.674,-0.882
324,1354C,FERROL,A CORUÑA,4.000,43.476,-8.262,9.000,16.090,2.111,0.000,0.069,14.680,1.409,-0.869
325,0114X,PRATS DE LLUÇANÈS,BARCELONA,700.000,42.007,2.027,10.000,15.204,1.900,0.000,0.195,16.373,-1.169,-0.865
326,1363X,AS PONTES,A CORUÑA,343.000,43.446,-7.861,10.000,12.853,0.000,0.000,0.171,13.376,-0.523,-0.859
327,C916Q,"EL PINAR, DEPÓSITO",STA. CRUZ DE TENERIFE,948.000,27.719,-17.978,10.000,16.529,21.800,3.900,0.091,17.002,-0.473,-0.851
328,3085Y,PASTRANA,GUADALAJARA,920.000,40.408,-2.953,7.000,16.090,8.143,0.000,0.045,14.601,1.489,-0.849
329,1406X,MAZARICOS,A CORUÑA,340.000,42.935,-8.994,10.000,13.702,0.200,0.000,0.126,13.296,0.406,-0.843
330,9585,LA MOLINA,GIRONA,1699.000,42.333,1.939,10.000,10.750,0.000,0.000,0.198,11.799,-1.049,-0.841
331,2593D,VILLALÓN DE CAMPOS,VALLADOLID,782.000,42.094,-5.041,10.000,12.979,0.800,0.000,0.163,13.364,-0.385,-0.836
332,1049N,ELGETA,GIPUZKOA,470.000,43.138,-2.496,10.000,14.196,0.800,0.000,0.183,14.991,-0.795,-0.834
333,1272B,"TINEO, SOUTU",ASTURIAS,280.000,43.290,-6.387,10.000,14.966,0.800,0.000,0.112,14.290,0.676,-0.833
334,2503B,"OLMEDO, DEPÓSITO DE AGUA",VALLADOLID,786.000,41.280,-4.692,10.000,14.074,3.000,0.000,0.133,13.991,0.083,-0.831
335,3531X,TORRECILLA DE LOS ANGELES,CACERES,459.000,40.255,-6.412,10.000,15.801,7.100,0.000,0.104,15.428,0.373,-0.829
336,9245X,CÁSEDA,NAVARRA,440.000,42.521,-1.366,10.000,15.739,4.200,0.000,0.142,15.928,-0.189,-0.827
337,8155Y,MOTILLA DEL PALANCAR,CUENCA,830.000,39.555,-1.915,10.000,15.962,4.800,0.000,0.130,15.914,0.048,-0.813
338,1495,VIGO AEROPUERTO,PONTEVEDRA,255.000,42.239,-8.624,10.000,14.831,2.300,0.000,0.112,14.243,0.589,-0.812
339,B644B,SINEU,ILLES BALEARS,120.000,39.643,3.002,10.000,19.502,37.500,1.100,0.076,20.747,-1.245,-0.808
340,1387E,A CORUÑA AEROPUERTO,A CORUÑA,98.000,43.307,-8.372,10.000,14.719,0.300,0.000,0.131,14.339,0.380,-0.798
341,1154H,"TORRELAVEGA, SIERRAPANDO",CANTABRIA,110.000,43.359,-4.027,10.000,15.932,1.800,0.000,0.140,15.851,0.081,-0.795
342,9866C,BARBASTRO,HUESCA,305.000,42.021,0.141,10.000,16.297,8.400,0.000,0.174,17.384,-1.087,-0.791
343,3021Y,ZAOREJAS,GUADALAJARA,1250.000,40.758,-2.200,10.000,13.850,2.100,0.000,0.113,13.224,0.627,-0.788
344,B925,SANT ANTONI DE PORTMANY,BALEARES,32.000,38.963,1.321,9.000,20.031,42.778,1.222,0.043,20.942,-0.911,-0.780
345,3140Y,MANDAYONA,GUADALAJARA,990.000,40.985,-2.760,10.000,14.422,2.600,0.000,0.122,14.003,0.420,-0.780
346,1701X,RIBADAVIA,OURENSE,112.000,42.300,-8.129,10.000,14.837,1.600,0.000,0.155,15.006,-0.170,-0.770
347,9122I,LABASTIDA,ARABA/ALAVA,612.000,42.604,-2.777,10.000,14.191,2.200,0.100,0.166,14.611,-0.420,-0.757
348,4051Y,ALCÁZAR DEL REY,CUENCA,875.000,40.061,-2.807,10.000,15.957,8.000,0.000,0.082,15.070,0.887,-0.751
349,9855E,"CAPELLA, LAGUARRES",HUESCA,600.000,42.201,0.466,10.000,15.360,3.400,0.000,0.179,16.110,-0.750,-0.745
350,1466A,SILLEDA,PONTEVEDRA,435.000,42.701,-8.258,10.000,13.248,1.000,0.000,0.154,13.303,-0.055,-0.744
351,1477V,VILAGARCÍA DE AROUSA,PONTEVEDRA,32.000,42.585,-8.775,10.000,15.963,1.400,0.000,0.100,14.936,1.028,-0.737
352,9894Y,SARIÑENA,HUESCA,300.000,41.799,-0.161,10.000,17.340,13.400,0.000,0.113,17.436,-0.096,-0.723
353,1207U,"GIJÓN, CAMPUS",ASTURIAS,26.000,43.523,-5.621,10.000,15.626,1.800,0.000,0.145,15.526,0.100,-0.722
354,0411X,CASTELLÓ D'EMPÚRIES,GIRONA,2.000,42.225,3.093,9.000,18.413,24.000,0.222,0.131,19.656,-1.243,-0.719
355,9321X,EJEA DE LOS CABALLEROS,ZARAGOZA,321.000,42.121,-1.140,8.000,16.686,10.750,0.125,0.123,16.781,-0.095,-0.711
356,C329B,"LA GOMERA, AEROPUERTO",STA. CRUZ DE TENERIFE,219.000,28.032,-17.211,10.000,19.985,39.900,0.900,0.028,20.249,-0.264,-0.698
357,1658,FOLGOSO DO COUREL,LUGO,612.000,42.589,-7.192,10.000,12.447,0.300,0.100,0.184,12.998,-0.551,-0.698
358,2400E,AUTILLA DEL PINO,PALENCIA,874.000,41.996,-4.603,10.000,12.144,1.300,0.000,0.205,13.188,-1.045,-0.695
359,1302F,DEGAÑA,ASTURIAS,1310.000,42.955,-6.473,10.000,9.989,0.300,0.000,0.159,10.000,-0.011,-0.680
360,3427Y,OROPESA,TOLEDO,345.000,39.993,-5.114,10.000,15.465,8.100,0.400,0.184,16.565,-1.100,-0.678
361,1111,SANTANDER,CANTABRIA,52.000,43.491,-3.801,7.000,17.011,3.857,0.000,0.102,16.102,0.909,-0.677
362,3100B,ARANJUEZ,MADRID,540.000,40.067,-3.546,10.000,16.893,17.100,0.100,0.068,16.249,0.645,-0.672
363,9495Y,LECIÑENA,ZARAGOZA,405.000,41.797,-0.617,10.000,16.476,13.900,0.300,0.128,16.814,-0.338,-0.657
364,2555B,FUENTESAUCO,ZAMORA,811.000,41.237,-5.481,10.000,13.669,2.100,0.000,0.152,13.620,0.049,-0.655
365,4489X,ALCONCHEL,BADAJOZ,170.000,38.485,-7.282,10.000,16.956,14.100,0.500,0.137,17.484,-0.528,-0.655
366,1060X,AMURRIO,ARABA/ALAVA,240.000,43.050,-3.006,10.000,15.093,2.700,0.000,0.190,15.858,-0.765,-0.650
367,1740,"SANTILLANA DEL MAR, ALTAMIRA",CANTABRIA,150.000,43.377,-4.124,10.000,15.593,0.900,0.000,0.161,15.630,-0.038,-0.643
368,1477U,VILAGARCIA DE AROUSA,PONTEVEDRA,36.000,42.582,-8.770,7.000,15.887,2.000,0.000,0.109,14.922,0.965,-0.642
369,C419X,ADEJE,SANTA CRUZ DE TENERIFE,130.000,28.081,-16.711,10.000,19.926,41.600,0.000,0.055,20.788,-0.862,-0.641
370,5702X,CARMONA,SEVILLA,50.000,37.566,-5.741,10.000,19.022,31.700,0.600,0.056,19.154,-0.132,-0.638
371,1400,FISTERRA,A CORUÑA,230.000,42.925,-9.291,10.000,15.013,1.500,0.200,0.092,13.671,1.343,-0.638
372,2728B,"QUINTANA DEL CASTILLO, VILLAMECA",LEON,995.000,42.648,-6.071,10.000,12.191,0.000,0.000,0.140,11.710,0.481,-0.637
373,9198X,CANFRANC,HUESCA,1197.000,42.749,-0.516,10.000,12.036,0.000,0.000,0.201,12.810,-0.774,-0.632
374,C101A,ROQUE DE LOS MUCHACHOS,SANTA CRUZ DE TENERIFE,2223.000,28.756,-17.895,7.000,13.983,3.429,0.000,0.000,10.842,3.142,-0.611
375,9808X,"AÍNSA-SOBRARBE, LA SERRETA",HUESCA,610.000,42.422,0.138,10.000,15.903,5.100,0.000,0.143,15.806,0.097,-0.603
376,9501X,VALMADRID,ZARAGOZA,535.000,41.443,-0.886,10.000,16.414,7.400,0.100,0.138,16.376,0.038,-0.601
377,9650X,ARTESA DE SEGRE,LLEIDA,400.000,41.881,1.109,10.000,16.512,9.000,0.000,0.178,17.417,-0.905,-0.601
378,2456B,AREVALO,AVILA,820.000,41.071,-4.730,10.000,13.612,2.400,0.000,0.175,13.962,-0.349,-0.599
379,0149X,MANRESA,BARCELONA,291.000,41.720,1.840,10.000,17.608,12.000,0.000,0.155,18.261,-0.653,-0.594
380,4541X,EL GRANADO,HUELVA,60.000,37.554,-7.520,10.000,17.859,14.700,0.100,0.145,18.465,-0.605,-0.571
381,2755X,BENAVENTE,ZAMORA,715.000,42.011,-5.667,10.000,14.262,1.000,0.000,0.128,13.478,0.784,-0.558
382,5361X,MONTORO,CORDOBA,155.000,38.013,-4.330,10.000,18.584,27.700,0.100,0.089,18.933,-0.349,-0.539
383,2978X,VERÍN,OURENSE,380.000,41.927,-7.422,10.000,12.288,0.000,0.000,0.272,14.340,-2.051,-0.522
384,C628B,"LA ALDEA DE SAN NICOLÁS, TASARTE",LAS PALMAS,318.000,27.909,-15.770,10.000,19.857,34.900,3.200,0.076,20.427,-0.570,-0.511
385,1249X,OVIEDO,ASTURIAS,334.000,43.353,-5.874,10.000,15.158,0.600,0.000,0.125,14.204,0.954,-0.509
386,9208E,ARAGÜÉS DEL PUERTO,HUESCA,1025.000,42.709,-0.673,10.000,14.237,5.700,0.000,0.120,13.525,0.712,-0.491
387,C611E,VEGA DE SAN MATEO,LAS PALMAS,1702.000,27.977,-15.584,10.000,15.049,13.200,0.100,0.099,14.446,0.603,-0.476
388,1719,A CAÑIZA,PONTEVEDRA,560.000,42.218,-8.281,10.000,13.399,1.400,0.000,0.155,13.058,0.341,-0.472
389,1730E,O ROSAL,PONTEVEDRA,55.000,41.944,-8.848,10.000,15.615,3.800,0.100,0.145,15.215,0.400,-0.454
390,2661,"LEÓN, VIRGEN DEL CAMINO",LEON,916.000,42.588,-5.651,10.000,12.496,0.800,0.000,0.163,12.245,0.251,-0.445
391,1109,SANTANDER AEROPUERTO,CANTABRIA,3.000,43.424,-3.826,7.000,16.995,7.143,0.000,0.122,16.348,0.647,-0.433
392,9171K,LOS ARCOS,NAVARRA,470.000,42.570,-2.184,10.000,15.109,5.300,0.100,0.178,15.466,-0.357,-0.433
393,4096Y,MUNERA,ALBACETE,918.000,39.017,-2.489,10.000,14.317,2.800,0.000,0.236,15.663,-1.346,-0.424
394,2311Y,VILLAMAYOR DE LOS MONTES,BURGOS,884.000,42.105,-3.768,10.000,13.156,2.100,0.200,0.184,13.382,-0.226,-0.415
395,0294B,LA BISBAL (D'EMPORDA 3),GIRONA,51.000,41.968,3.042,9.000,18.571,29.222,0.000,0.126,19.587,-1.017,-0.413
396,1351,ESTACA DE BARES,A CORUÑA,90.000,43.786,-7.685,10.000,16.209,0.200,0.000,0.089,14.323,1.886,-0.407
397,3245Y,TEMBLEQUE,TOLEDO,635.000,39.696,-3.506,10.000,16.216,12.800,0.000,0.130,16.086,0.130,-0.393
398,7203A,"LORCA, ZARCILLA DE RAMOS",MURCIA,646.000,37.845,-1.870,10.000,17.574,14.300,0.000,0.143,17.814,-0.239,-0.393
399,8409X,LLÍRIA,VALENCIA,198.000,39.664,-0.654,10.000,18.653,24.400,0.200,0.115,19.051,-0.398,-0.389
400,1484C,PONTEVEDRA,PONTEVEDRA,113.000,42.438,-8.616,10.000,15.130,1.200,0.000,0.160,14.735,0.395,-0.386
401,8300X,CARCAIXENT,VALENCIA,25.000,39.113,-0.446,10.000,19.745,44.800,1.000,0.046,20.228,-0.483,-0.380
402,9301X,MONTEAGUDO,NAVARRA,410.000,41.959,-1.691,10.000,16.148,4.400,0.000,0.175,16.295,-0.148,-0.380
403,0034X,VALLS,TARRAGONA,233.000,41.293,1.261,10.000,18.118,20.500,0.000,0.132,18.570,-0.452,-0.378
404,2106B,CORUÑA DEL CONDE,BURGOS,955.000,41.746,-3.382,10.000,13.771,4.900,0.000,0.151,13.444,0.328,-0.375
405,1496X,VIGO ,PONTEVEDRA,120.000,42.231,-8.724,10.000,15.929,3.800,0.500,0.116,14.797,1.133,-0.363
406,1331A,CASTROPOL,ASTURIAS,40.000,43.525,-7.031,10.000,15.497,0.500,0.000,0.157,14.946,0.551,-0.352
407,8520X,LA POBLA DE BENIFASSÀ-FREDES,CASTELLON,1165.000,40.694,0.165,10.000,14.328,3.800,0.000,0.182,14.503,-0.175,-0.339
408,1542,PUERTO DE LEITARIEGOS,ASTURIAS,1530.000,42.994,-6.414,10.000,9.062,0.100,0.000,0.187,9.042,0.019,-0.325
409,2891A,VILLARINO DE LOS AIRES,SALAMANCA,690.000,41.263,-6.462,10.000,14.637,3.600,0.000,0.133,13.768,0.869,-0.322
410,4093Y,OSA DE LA VEGA,CUENCA,763.000,39.656,-2.760,10.000,16.305,10.000,0.000,0.129,15.830,0.475,-0.320
411,C459Z,PUERTO DE LA CRUZ,SANTA CRUZ DE TENERIFE,25.000,28.418,-16.548,10.000,20.733,61.300,0.100,-0.014,21.090,-0.357,-0.311
412,7138B,JUMILLA,MURCIA,485.000,38.459,-1.335,10.000,17.418,13.800,0.000,0.185,18.319,-0.902,-0.299
413,8486X,MOSQUERUELA,TERUEL,1515.000,40.363,-0.454,10.000,13.279,1.100,0.000,0.171,12.966,0.312,-0.297
414,2471Y,SAN RAFAEL,SEGOVIA,1237.000,40.719,-4.212,10.000,12.637,2.600,0.000,0.179,12.566,0.071,-0.283
415,1044X,"ARAMAIO, ETXAGUEN",ARABA/ALAVA,617.000,43.058,-2.590,10.000,13.619,1.300,0.000,0.224,14.370,-0.751,-0.273
416,C669B,ARUCAS,LAS PALMAS,86.000,28.142,-15.507,10.000,20.287,52.500,0.000,0.058,21.383,-1.096,-0.265
417,5612B,LA RODA DE ANDALUCÍA,SEVILLA,410.000,37.194,-4.770,10.000,17.746,22.200,0.300,0.135,18.184,-0.438,-0.257
418,3422D,CANDELEDA,AVILA,350.000,40.139,-5.311,10.000,16.825,14.100,0.000,0.122,16.379,0.446,-0.250
419,9427X,LA ALMUNIA DE DOÑA GODINA,ZARAGOZA,370.000,41.481,-1.381,10.000,16.651,9.500,0.000,0.172,16.886,-0.235,-0.246
420,9211F,"BAILO, PUYALTO",HUESCA,722.000,42.514,-0.817,10.000,14.978,6.900,0.000,0.167,14.910,0.068,-0.240
421,7227X,ALHAMA DE MURCIA,MURCIA,157.000,37.862,-1.335,10.000,19.421,36.600,0.300,0.098,20.122,-0.700,-0.239
422,8018X,ELX/ELCHE,ALICANTE,110.000,38.288,-0.681,10.000,19.707,41.900,0.500,0.073,20.296,-0.589,-0.239
423,C639U,"SAN BARTOLOME TIRAJANA, EL MATORRAL",LAS PALMAS,41.000,27.812,-15.453,10.000,20.589,53.300,2.500,0.063,21.807,-1.217,-0.234
424,1549,PONFERRADA,LEON,532.000,42.564,-6.600,10.000,14.687,1.100,0.000,0.138,13.578,1.109,-0.232
425,4427X,ZAFRA,BADAJOZ,433.000,38.426,-6.437,10.000,16.468,13.400,0.000,0.158,16.691,-0.223,-0.231
426,C314Z,"VALLEHERMOSO, ALTO IGUALERO  ",STA. CRUZ DE TENERIFE,1474.000,28.107,-17.249,10.000,15.022,20.000,2.700,0.110,14.741,0.281,-0.231
427,9252X,OLITE/ERRIBERRI,NAVARRA,390.000,42.489,-1.656,10.000,15.876,4.200,0.000,0.190,16.059,-0.183,-0.225
428,3111D,SOMOSIERRA,MADRID,1454.000,41.136,-3.580,8.000,12.495,0.375,0.000,0.151,11.592,0.903,-0.225
429,1050J,ELGOIBAR,GIPUZKOA,119.000,43.209,-2.413,9.000,15.139,1.111,0.000,0.259,16.500,-1.361,-0.221
430,9001S,ALTO CAMPOO,CANTABRIA,1650.000,43.037,-4.374,10.000,9.381,0.000,0.000,0.190,9.244,0.137,-0.221
431,1012P,IRUN,GIPUZKOA,120.000,43.326,-1.797,10.000,17.099,8.800,0.100,0.144,16.648,0.451,-0.207
432,4244X,HERRERA DEL DUQUE,BADAJOZ,447.000,39.169,-5.062,10.000,18.484,29.400,0.800,0.004,16.664,1.820,-0.196
433,1183X,LLANES,ASTURIAS,10.000,43.420,-4.748,10.000,16.767,3.000,0.000,0.149,15.981,0.786,-0.195
434,2507Y,RUEDA,VALLADOLID,724.000,41.419,-4.964,10.000,14.361,2.300,0.000,0.177,14.072,0.289,-0.188
435,C430E,IZAÑA,SANTA CRUZ DE TENERIFE,2369.000,28.308,-16.500,10.000,13.233,0.600,0.000,0.089,11.005,2.229,-0.182
436,6040X,CORTES DE LA FRONTERA,MALAGA,315.000,36.544,-5.386,10.000,17.614,13.000,0.000,0.210,18.782,-1.168,-0.176
437,C249I,FUERTEVENTURA AEROPUERTO,LAS PALMAS,25.000,28.445,-13.863,10.000,21.127,67.700,1.300,0.002,22.060,-0.933,-0.175
438,9145X,LEZA,ARABA/ALAVA,575.000,42.567,-2.633,10.000,14.249,3.700,0.400,0.216,14.847,-0.598,-0.174
439,1176A,TRESVISO,CANTABRIA,940.000,43.256,-4.668,10.000,12.723,2.300,0.100,0.161,12.079,0.645,-0.174
440,9756X,BENABARRE,HUESCA,765.000,42.113,0.480,10.000,15.446,5.500,0.000,0.181,15.455,-0.009,-0.166
441,8072Y,BARX,VALENCIA,340.000,39.017,-0.305,10.000,18.565,26.700,0.100,0.125,18.974,-0.408,-0.163
442,C659H,"LAS PALMAS DE GRAN CANARIA, SAN CRISTOBAL",LAS PALMAS,55.000,28.090,-15.416,8.000,20.527,59.875,0.125,0.039,21.584,-1.057,-0.143
443,5835X,CARRIÓN DE LOS CÉSPEDES,SEVILLA,76.000,37.360,-6.334,10.000,17.131,14.000,0.100,0.241,18.954,-1.823,-0.141
444,4070Y,ABIA DE OBISPALIA,CUENCA,1020.000,40.019,-2.395,9.000,14.763,3.444,0.000,0.184,14.619,0.144,-0.137
445,B275E,"SON BONET, AEROPUERTO",BALEARES,47.000,39.606,2.707,6.000,21.669,59.667,4.000,-0.043,20.979,0.690,-0.119
446,3170Y,ALCALA DE HENARES,MADRID,605.000,40.528,-3.290,9.000,16.166,10.111,0.111,0.149,15.768,0.398,-0.115
447,9491X,ALMUDÉVAR,HUESCA,390.000,42.029,-0.586,10.000,16.419,8.800,0.100,0.189,16.744,-0.325,-0.114
448,C839X,LA GRACIOSA,LAS PALMAS,19.000,29.230,-13.510,10.000,20.496,55.700,0.000,0.065,21.718,-1.222,-0.107
449,9436X,FONFRÍA,TERUEL,1255.000,40.995,-1.087,10.000,13.624,2.800,0.000,0.188,13.461,0.164,-0.104
450,1159,SAN VICENTE DE LA BARQUERA,CANTABRIA,38.000,43.393,-4.392,10.000,16.482,4.100,0.000,0.168,16.008,0.475,-0.098
451,4492F,BARCARROTA,BADAJOZ,377.000,38.473,-6.923,10.000,15.493,8.100,0.200,0.237,16.725,-1.232,-0.096
452,0066X,VILAFRANCA DEL PENEDÈS,BARCELONA,177.000,41.330,1.677,10.000,18.497,23.500,0.000,0.144,18.943,-0.446,-0.095
453,1297E,CERVANTES,LUGO,1020.000,42.769,-7.018,10.000,11.844,2.700,0.000,0.166,11.177,0.667,-0.077
454,1473A,PADRÓN,A CORUÑA,100.000,42.738,-8.627,10.000,14.415,0.400,0.000,0.216,14.597,-0.182,-0.072
455,1518A,LUGO,LUGO,442.000,42.998,-7.553,10.000,13.774,0.100,0.000,0.188,13.343,0.430,-0.054
456,2182C,PEDRAZA,SEGOVIA,1107.000,41.134,-3.790,10.000,14.189,6.900,0.200,0.129,13.022,1.167,-0.043
457,4468X,PUEBLA DE OBANDO,BADAJOZ,392.000,39.177,-6.601,10.000,16.264,16.000,0.400,0.156,16.333,-0.069,-0.043
458,6199X,VÉLEZ-MÁLAGA,MALAGA,41.000,36.769,-4.094,5.000,22.305,64.800,5.000,-0.119,20.304,2.001,-0.039
459,1639X,CHANDREXA DE QUEIXA,OURENSE,990.000,42.260,-7.384,10.000,10.891,0.100,0.000,0.240,11.495,-0.604,-0.032
460,1475X,SANTIAGO DE COMPOSTELA,A CORUÑA,240.000,42.876,-8.556,10.000,14.797,0.800,0.000,0.167,13.929,0.868,-0.022
461,9299X,TARAZONA,ZARAGOZA,475.000,41.915,-1.723,10.000,15.977,6.600,0.000,0.191,16.029,-0.052,-0.019
462,C689E,MASPALOMAS,LAS PALMAS,6.000,27.736,-15.596,5.000,20.287,42.600,0.000,0.141,21.955,-1.667,-0.017
463,7080X,MORATALLA,MURCIA,955.000,38.268,-1.986,10.000,17.044,10.900,0.600,0.131,16.161,0.883,-0.012
464,8395X,CHELVA,VALENCIA,515.000,39.753,-0.994,10.000,17.444,13.200,0.000,0.169,17.494,-0.050,-0.004
465,2362C,"VELILLA DEL RÍO CARRIÓN, CAMPORREDONDO DE ALBA",PALENCIA,1575.000,42.894,-4.714,9.000,10.495,0.556,0.000,0.166,9.536,0.959,0.004
466,6267X,SALOBREÑA,GRANADA,20.000,36.748,-3.579,10.000,18.520,25.000,0.200,0.226,20.597,-2.077,0.010
467,1486E,ESCUELA NAVAL DE MARÍN,PONTEVEDRA,20.000,42.395,-8.707,5.000,16.746,2.800,0.000,0.126,15.133,1.613,0.010
468,1024E,"DONOSTIA / SAN SEBASTIÁN, IGELDO",GIPUZKOA,250.000,43.306,-2.041,10.000,16.489,4.800,0.200,0.175,16.007,0.482,0.025
469,2444,ÁVILA,AVILA,1130.000,40.659,-4.680,10.000,14.311,4.100,0.000,0.133,12.896,1.415,0.028
470,3126Y,"MADRID, EL GOLOSO",MADRID,740.000,40.561,-3.712,10.000,16.670,12.000,0.000,0.092,15.006,1.663,0.028
471,9145Y,CENICERO,LA RIOJA,429.000,42.483,-2.639,10.000,15.918,5.500,0.000,0.178,15.532,0.386,0.030
472,B656A,SANTA MARÍA DEL CAMÍ,BALEARES,121.000,39.652,2.800,10.000,19.219,33.600,0.800,0.167,20.662,-1.443,0.046
473,C239N,"TUINEJE,PUERTO GRAN TARAJAL",LAS PALMAS,1.000,28.209,-14.023,10.000,21.238,66.100,2.700,0.030,22.255,-1.017,0.056
474,1347T,BURELA,LUGO,80.000,43.651,-7.357,10.000,16.308,1.100,0.000,0.132,14.572,1.735,0.081
475,8472A,MONTANEJOS,CASTELLON,601.000,40.088,-0.547,10.000,17.240,8.800,0.000,0.181,17.073,0.167,0.085
476,5341C,FUENCALIENTE,CIUDAD REAL,710.000,38.429,-4.302,10.000,16.079,5.900,0.000,0.209,16.272,-0.192,0.089
477,1446X,MONTERROSO,LUGO,680.000,42.810,-7.768,10.000,13.108,1.100,0.000,0.182,12.351,0.757,0.108
478,4395X,VILLAFRANCA DE LOS BARROS,BADAJOZ,430.000,38.552,-6.307,10.000,15.951,11.400,0.200,0.217,16.672,-0.721,0.115
479,B103B,ANDRATX - SANT ELM,BALEARES,52.000,39.579,2.369,9.000,19.405,36.444,1.111,0.164,20.849,-1.445,0.139
480,4511C,JEREZ DE LOS CABALLEROS,BADAJOZ,381.000,38.299,-6.765,10.000,16.887,14.600,0.500,0.174,16.877,0.011,0.157
481,2430Y,MUÑOTELLO,AVILA,1178.000,40.543,-5.044,10.000,13.721,2.800,0.000,0.164,12.627,1.093,0.166
482,4589X,"ALOSNO, THARSIS",HUELVA,276.000,37.598,-7.119,10.000,17.444,17.900,1.200,0.173,17.646,-0.202,0.170
483,C429I,TENERIFE SUR AEROPUERTO,SANTA CRUZ DE TENERIFE,64.000,28.047,-16.561,10.000,20.656,56.000,1.100,0.051,21.151,-0.495,0.174
484,9513X,MUNIESA,TERUEL,800.000,41.031,-0.806,10.000,15.718,7.400,0.200,0.192,15.516,0.202,0.177
485,1111X,SANTANDER,CANTABRIA,51.000,43.491,-3.801,10.000,17.332,6.200,0.000,0.148,16.107,1.225,0.196
486,C029O,LANZAROTE AEROPUERTO,LAS PALMAS,14.000,28.952,-13.600,10.000,20.582,58.300,0.500,0.084,21.883,-1.300,0.199
487,5983X,MEDINA SIDONIA,CADIZ,70.000,36.406,-5.920,10.000,18.811,31.900,2.100,0.162,19.737,-0.925,0.216
488,9729X,MOLLERUSSA,LLEIDA,252.000,41.617,0.867,10.000,17.796,16.600,0.000,0.189,18.138,-0.342,0.225
489,1014,"HONDARRIBIA, MALKARROA",GIPUZKOA,4.000,43.357,-1.792,10.000,17.825,15.300,0.000,0.143,17.134,0.692,0.225
490,4478X,BADAJOZ,BADAJOZ,174.000,38.886,-7.009,10.000,17.153,13.800,0.300,0.190,17.313,-0.160,0.227
491,C612F,"TEJEDA, CRUZ DE TEJEDA",LAS PALMAS,1514.000,28.007,-15.599,10.000,15.614,19.900,1.000,0.144,15.237,0.377,0.247
492,6001,TARIFA,CADIZ,45.000,36.014,-5.597,10.000,19.808,40.600,0.400,0.108,20.212,-0.404,0.252
493,1052A,MUTRIKU,GIPUZKOA,150.000,43.317,-2.397,10.000,17.170,7.900,0.000,0.164,16.303,0.867,0.258
494,9975X,RASQUERA,TARRAGONA,112.000,41.005,0.614,9.000,19.526,36.667,0.444,0.079,19.040,0.486,0.259
495,4410X,MÉRIDA,BADAJOZ,228.000,38.916,-6.386,10.000,16.864,11.800,0.300,0.213,17.289,-0.425,0.260
496,1041A,ZUMAIA,GIPUZKOA,28.000,43.302,-2.251,10.000,17.331,10.200,0.000,0.177,16.896,0.436,0.263
497,6056X,SAN ROQUE  ,CADIZ,1.000,36.273,-5.284,10.000,19.579,36.700,0.300,0.141,20.354,-0.775,0.267
498,2918Y,EL MAÍLLO,SALAMANCA,1027.000,40.569,-6.224,10.000,13.063,3.300,0.100,0.212,12.833,0.231,0.267
499,9294E,"BARDENAS REALES, BASE AÉREA",NAVARRA,295.000,42.199,-1.475,10.000,17.310,15.800,0.200,0.151,16.722,0.588,0.283
500,8283X,ONTINYENT,VALENCIA,350.000,38.829,-0.608,10.000,18.851,31.600,0.000,0.128,18.938,-0.086,0.287
501,3229Y,TIELMES,MADRID,594.000,40.247,-3.312,10.000,16.988,18.000,0.100,0.123,15.986,1.002,0.287
502,7127X,BULLAS,MURCIA,690.000,38.049,-1.695,10.000,18.484,22.900,0.500,0.110,17.557,0.927,0.293
503,4090Y,SAN CLEMENTE,CUENCA,728.000,39.417,-2.421,10.000,16.828,11.500,0.000,0.169,16.259,0.570,0.302
504,0092X,BERGA,BARCELONA,682.000,42.101,1.858,10.000,16.728,9.000,0.000,0.187,16.329,0.399,0.307
505,9336D,CASTEJON DE VALDEJASA,ZARAGOZA,543.000,41.984,-0.996,10.000,16.025,10.900,0.300,0.197,15.958,0.067,0.316
506,1387,A CORUÑA,A CORUÑA,57.000,43.366,-8.421,10.000,16.442,1.200,0.000,0.139,14.462,1.981,0.319
507,9911X,BALLOBAR,HUESCA,178.000,41.619,0.188,10.000,18.156,23.900,0.000,0.156,18.208,-0.051,0.321
508,5514,GRANADA BASE AÉREA,GRANADA,687.000,37.137,-3.631,10.000,17.426,16.900,0.000,0.181,17.437,-0.011,0.338
509,6332Y,CARBONERAS,ALMERIA,222.000,36.942,-1.907,6.000,22.702,59.333,7.333,-0.093,20.212,2.490,0.349
510,2422,VALLADOLID,VALLADOLID,734.000,41.641,-4.754,10.000,15.075,4.400,0.000,0.172,13.965,1.109,0.353
511,2512Y,RIVILLA DE BARAJAS,AVILA,925.000,40.882,-5.019,10.000,14.185,5.500,0.000,0.190,13.520,0.666,0.357
512,0421X,ESPOLLA,GIRONA,100.000,42.390,3.006,10.000,19.069,32.600,1.200,0.127,19.094,-0.025,0.357
513,3434X,NAVALMORAL DE LA MATA,CACERES,269.000,39.946,-5.582,10.000,17.356,18.800,0.300,0.146,16.753,0.603,0.362
514,1690A,OURENSE,OURENSE,146.000,42.325,-7.860,10.000,15.699,4.200,0.000,0.191,14.942,0.757,0.365
515,9573X,ALCAÑIZ,TERUEL,334.000,41.058,-0.142,10.000,16.930,10.800,0.000,0.246,17.766,-0.836,0.373
516,0372C,PORQUERES,GIRONA,157.000,42.104,2.764,9.000,17.783,13.444,0.000,0.252,18.938,-1.155,0.377
517,9946X,HORTA DE SANT JOAN,TARRAGONA,495.000,40.953,0.312,10.000,17.606,15.900,0.100,0.173,17.300,0.306,0.386
518,7250C,ABANILLA,MURCIA,174.000,38.194,-1.034,10.000,19.158,33.000,0.300,0.165,19.947,-0.790,0.392
519,2870,SALAMANCA,SALAMANCA,775.000,40.958,-5.662,9.000,15.232,2.333,0.000,0.172,13.887,1.346,0.395
520,1014A,DONOSTIA / SAN SEBASTIÁN AEROPUERTO,GIPUZKOA,4.000,43.357,-1.792,10.000,18.110,19.200,0.000,0.129,17.134,0.976,0.397
521,4622X,VILLARRASA,HUELVA,145.000,37.451,-6.637,10.000,17.176,11.800,0.200,0.267,18.486,-1.309,0.403
522,2285B,VILLADIEGO,BURGOS,869.000,42.524,-4.001,8.000,12.777,1.000,0.000,0.258,13.096,-0.319,0.405
523,8175,ALBACETE BASE AÉREA,ALBACETE,702.000,38.954,-1.856,10.000,17.248,13.400,0.100,0.180,16.872,0.376,0.413
524,C919K,TACORON-LAPILLAS-TORTUGA,STA. CRUZ DE TENERIFE,98.000,27.665,-18.019,9.000,20.434,51.778,0.556,0.074,20.710,-0.276,0.414
525,9898,"HUESCA, AEROPUERTO",HUESCA,546.000,42.084,-0.326,10.000,16.850,16.400,0.200,0.153,16.127,0.722,0.421
526,5394X,"CÓRDOBA, EMBALSE DE GUADANUÑO",CORDOBA,525.000,38.021,-4.797,10.000,17.829,19.300,0.000,0.147,17.151,0.678,0.444
527,2614,ZAMORA,ZAMORA,656.000,41.516,-5.735,10.000,15.474,5.200,0.000,0.161,14.022,1.452,0.456
528,9908X,LANAJA,HUESCA,380.000,41.774,-0.333,10.000,17.454,18.500,0.100,0.166,17.042,0.412,0.489
529,B691,LA PUEBLA (SA CANOVA),BALEARES,40.000,39.748,3.015,9.000,18.624,19.000,0.556,0.302,21.032,-2.408,0.491
530,C019V,YAIZA PLAYA BLANCA,LAS PALMAS,6.000,28.859,-13.835,10.000,20.859,65.000,0.100,0.071,21.890,-1.031,0.501
531,9776D,ELS TORMS,LLEIDA,495.000,41.394,0.735,8.000,17.867,21.625,0.625,0.143,17.176,0.691,0.508
532,1210X,CABO PEÑAS,ASTURIAS,100.000,43.656,-5.849,9.000,16.849,1.111,0.000,0.163,15.037,1.812,0.521
533,7275C,YECLA,MURCIA,640.000,38.602,-1.160,10.000,16.889,9.600,0.000,0.257,17.621,-0.732,0.530
534,C619Y,LA ALDEA DE SAN NICOLÁS,LAS PALMAS,13.000,28.001,-15.808,10.000,20.899,65.400,0.400,0.059,21.678,-0.779,0.531
535,9195C,"ASTÚN, LA RACA",HUESCA,2276.000,42.793,-0.505,5.000,9.524,0.000,0.000,0.188,8.104,1.420,0.547
536,4260,PERALEDA DEL ZAUCEJO,BADAJOZ,542.000,38.480,-5.577,10.000,16.460,9.900,0.000,0.225,16.500,-0.039,0.557
537,9724X,OS DE BALAGUER,LLEIDA,520.000,41.873,0.756,10.000,16.329,11.000,0.200,0.241,16.771,-0.443,0.565
538,4642E,"HUELVA, RONDA ESTE",HUELVA,18.000,37.278,-6.912,10.000,19.001,31.100,0.200,0.149,19.045,-0.044,0.565
539,B780X,PORT DE POLLENÇA,BALEARES,2.000,39.909,3.100,10.000,20.406,50.000,2.700,0.115,21.126,-0.721,0.574
540,5941X,EL BOSQUE,CADIZ,295.000,36.729,-5.512,10.000,17.888,22.900,1.000,0.218,18.705,-0.817,0.589
541,5906X,CHIPIONA,CADIZ,10.000,36.750,-6.401,10.000,19.383,32.400,0.500,0.156,19.602,-0.220,0.596
542,6375X,FUENTE DE PIEDRA,MALAGA,420.000,37.132,-4.742,10.000,18.070,24.700,0.300,0.179,18.190,-0.120,0.605
543,4497X,VILLANUEVA DEL FRESNO,BADAJOZ,247.000,38.372,-7.158,10.000,17.099,16.700,0.600,0.211,17.267,-0.168,0.609
544,1521X,BECERREÁ,LUGO,1080.000,42.864,-7.185,10.000,11.849,2.700,0.000,0.202,10.795,1.054,0.614
545,4138Y,VILLANUEVA DE LOS INFANTES,CIUDAD REAL,900.000,38.738,-3.004,10.000,17.398,17.000,0.200,0.121,15.728,1.670,0.620
546,0370E,GIRONA,GIRONA,76.000,41.972,2.819,10.000,19.073,34.000,0.100,0.158,19.394,-0.321,0.632
547,4486X,OLIVENZA,BADAJOZ,275.000,38.697,-7.084,10.000,17.104,17.100,1.000,0.196,16.966,0.137,0.633
548,5911A,GRAZALEMA,CADIZ,913.000,36.761,-5.374,10.000,16.751,15.000,1.400,0.177,16.054,0.696,0.635
549,4452,BADAJOZ AEROPUERTO,BADAJOZ,186.000,38.883,-6.814,10.000,17.585,17.100,0.200,0.191,17.334,0.251,0.641
550,5412X,PRIEGO DE CÓRDOBA,CORDOBA,550.000,37.485,-4.208,10.000,18.123,24.400,0.200,0.154,17.599,0.524,0.661
551,3504X,HERVÁS,CACERES,724.000,40.265,-5.861,10.000,16.137,13.300,0.300,0.140,14.474,1.663,0.683
552,4193Y,EL ROBLEDO,CIUDAD REAL,587.000,39.217,-4.283,10.000,17.338,16.100,0.000,0.163,16.313,1.025,0.710
553,5406X,ALCALÁ LA REAL,JAEN,908.000,37.498,-3.908,10.000,17.342,17.500,0.400,0.151,16.147,1.195,0.725
554,C649I,GRAN CANARIA AEROPUERTO,LAS PALMAS,24.000,27.918,-15.395,10.000,21.084,65.500,1.600,0.073,21.835,-0.751,0.727
555,B334X,LLUCMAJOR,BALEARES,140.000,39.496,2.892,10.000,20.216,49.500,1.500,0.119,20.713,-0.497,0.731
556,9563X,CASTELLFORT,CASTELLON,1220.000,40.499,-0.187,10.000,15.372,10.000,0.100,0.182,14.259,1.113,0.732
557,C639M,"MASPALOMAS, C. INSULAR TURISMO",LAS PALMAS,45.000,27.758,-15.576,10.000,21.240,72.000,1.500,0.040,21.779,-0.539,0.737
558,C649R,"TELDE, MELENARA",LAS PALMAS,9.000,27.987,-15.378,10.000,21.156,69.900,0.600,0.057,21.863,-0.707,0.746
559,5995B,VEJER DE LA FRONTERA,CADIZ,186.000,36.246,-5.965,10.000,19.712,37.400,1.200,0.120,19.319,0.394,0.749
560,C625O,"SAN BARTOLOME TIRAJANA, LOMO PEDRO ALFONSO",LAS PALMAS,806.000,27.857,-15.645,10.000,19.762,36.400,16.600,0.076,18.388,1.374,0.750
561,B760X,POLLENÇA,ILLES BALEARS,45.000,39.877,3.024,10.000,19.978,45.600,2.200,0.156,20.932,-0.955,0.751
562,9510X,QUINTO,ZARAGOZA,205.000,41.429,-0.504,10.000,18.560,27.200,0.100,0.148,17.957,0.603,0.771
563,6106X,ANTEQUERA,MALAGA,408.000,37.029,-4.748,9.000,18.999,36.333,3.000,0.111,18.305,0.694,0.772
564,C629X,"MOGÁN, PUERTO",LAS PALMAS,10.000,27.816,-15.764,10.000,20.875,61.600,0.300,0.101,21.825,-0.950,0.782
565,4549Y,AYAMONTE,HUELVA,3.000,37.195,-7.395,10.000,19.297,32.800,0.300,0.143,18.985,0.311,0.784
566,5390Y,VILLANUEVA DE CÓRDOBA,CORDOBA,750.000,38.333,-4.609,10.000,17.954,24.500,0.600,0.097,16.046,1.908,0.808
567,5769X,CALA,HUELVA,618.000,37.974,-6.322,10.000,17.168,15.900,0.200,0.175,16.217,0.951,0.813
568,1083L,CASTRO URDIALES,CANTABRIA,45.000,43.395,-3.234,10.000,17.258,7.000,0.000,0.213,16.402,0.856,0.827
569,1208H,"GIJÓN, PUERTO",ASTURIAS,5.000,43.560,-5.701,10.000,17.593,8.700,0.000,0.150,15.564,2.029,0.827
570,4067,MADRIDEJOS,TOLEDO,690.000,39.492,-3.528,10.000,16.999,12.800,0.000,0.185,15.969,1.030,0.846
571,2969U,A GUDIÑA,OURENSE,910.000,42.027,-7.183,10.000,13.289,3.400,0.000,0.211,12.064,1.225,0.861
572,7247X,EL PINÓS/PINOSO,ALICANTE,577.000,38.400,-1.038,10.000,16.305,6.000,0.000,0.347,18.067,-1.761,0.870
573,C659M,"LAS PALMAS DE GRAN CANARIA, PL. DE LA FERIA",LAS PALMAS,15.000,28.113,-15.421,10.000,21.517,73.300,0.100,0.031,21.741,-0.224,0.872
574,4210Y,ABENÓJAR,CIUDAD REAL,718.000,38.898,-4.292,10.000,17.540,21.600,0.100,0.128,15.943,1.597,0.875
575,0120X,MOIÀ,BARCELONA,742.000,41.813,2.095,10.000,16.793,11.700,0.000,0.220,16.338,0.455,0.881
576,2140A,ALDEANUEVA DE SERREZUELA,SEGOVIA,1135.000,41.464,-3.786,10.000,14.856,10.800,0.300,0.143,12.692,2.164,0.918
577,9115X,VALDEZCARAY,LA RIOJA,1630.000,42.255,-2.968,10.000,11.203,2.900,0.000,0.235,10.344,0.860,0.923
578,B051A,"SÓLLER, PUERTO",BALEARES,5.000,39.796,2.691,7.000,22.598,66.429,9.429,-0.026,21.035,1.563,0.943
579,8325X,POLINYÀ DE XÚQUER,VALENCIA,11.000,39.184,-0.371,10.000,20.403,51.700,0.900,0.097,20.271,0.132,0.943
580,C614H,TEJEDA,LAS PALMAS,1060.000,27.995,-15.616,10.000,19.570,39.800,19.100,0.031,17.209,2.361,0.945
581,9562X,MORELLA,CASTELLON,990.000,40.622,-0.102,10.000,16.209,12.000,0.000,0.199,15.210,0.999,0.959
582,5060X,VÉLEZ BLANCO - TOPARES,ALMERIA,1190.000,37.861,-2.228,10.000,16.257,6.700,0.000,0.221,15.311,0.946,0.963
583,C139E,LA PALMA AEROPUERTO,SANTA CRUZ DE TENERIFE,33.000,28.633,-17.755,10.000,20.955,65.900,0.100,0.033,20.475,0.480,0.995
584,6205X,TORROX,MALAGA,3.000,36.726,-3.957,7.000,20.134,42.571,1.143,0.161,20.546,-0.412,1.002
585,B957,EIVISSA,BALEARES,3.000,38.922,1.441,10.000,20.645,55.100,3.100,0.122,21.138,-0.492,1.029
586,7072Y,YESTE,ALBACETE,960.000,38.295,-2.294,10.000,17.218,11.400,0.400,0.196,16.009,1.209,1.030
587,C939T,"FRONTERA, SABINOSA",STA. CRUZ DE TENERIFE,20.000,27.756,-18.108,10.000,21.227,72.800,0.200,0.022,20.958,0.269,1.033
588,5624X,AGUILAR DE LA FRONTERA,CORDOBA,309.000,37.482,-4.686,10.000,18.486,30.500,0.600,0.187,18.471,0.015,1.044
589,9111,BELORADO,BURGOS,820.000,42.421,-3.170,9.000,12.321,0.333,0.000,0.362,13.679,-1.358,1.048
590,9550C,"ANDORRA, HORCALLANA",TERUEL,762.000,40.974,-0.408,10.000,17.029,16.900,0.400,0.180,15.863,1.166,1.049
591,8293X,XÀTIVA,VALENCIA,88.000,39.002,-0.523,10.000,20.510,53.000,1.100,0.082,19.997,0.513,1.053
592,8050X,JÁVEA/ XÀBIA,ALICANTE,15.000,38.784,0.167,10.000,20.339,48.500,2.400,0.142,20.705,-0.366,1.057
593,0158O,MONTSERRAT,BARCELONA,738.000,41.594,1.839,9.000,18.168,24.111,1.778,0.126,16.400,1.768,1.065
594,6340X,GARRUCHA,ALMERIA,28.000,37.169,-1.829,10.000,22.036,70.500,7.700,-0.006,20.939,1.097,1.085
595,B800X,"LA MOLA, MAÓ",ILLES BALEARS,78.000,39.876,4.324,10.000,21.915,65.200,5.300,0.035,21.267,0.648,1.092
596,9569A,CALANDA,TERUEL,466.000,40.947,-0.238,10.000,18.361,25.900,0.700,0.153,17.228,1.133,1.096
597,0194D,"CORBERA, PUIG D'AGULLES",BARCELONA,647.000,41.408,1.885,9.000,18.066,22.444,1.000,0.166,16.930,1.136,1.102
598,5733X,ALMADÉN DE LA PLATA,SEVILLA,450.000,37.791,-6.075,10.000,18.354,28.200,1.200,0.143,17.153,1.202,1.111
599,5996B,BARBATE,CADIZ,4.000,36.185,-5.909,10.000,20.230,47.700,3.100,0.128,20.167,0.062,1.114
600,4608X,EL CAMPILLO,HUELVA,415.000,37.677,-6.630,10.000,18.516,29.500,2.100,0.132,17.173,1.343,1.118
601,6367B,HUÉRCAL-OVERA,ALMERIA,300.000,37.391,-1.944,9.000,19.838,47.111,0.111,0.121,19.576,0.263,1.120
602,5726X,GUADALCANAL,SEVILLA,720.000,38.099,-5.819,10.000,17.794,26.100,1.000,0.117,15.879,1.914,1.127
603,B410B,SANTANYÍ,BALEARES,45.000,39.340,3.146,10.000,20.959,58.900,2.100,0.110,21.317,-0.358,1.130
604,9718X,TORDERA - GRANYANELLA,LLEIDA,463.000,41.681,1.223,10.000,17.943,23.100,0.200,0.190,17.312,0.630,1.132
605,C635B,"SAN BARTOLOME TIRAJANA, LAS TIRAJANAS",LAS PALMAS,960.000,27.920,-15.574,10.000,19.385,39.000,14.900,0.083,17.706,1.679,1.136
606,3536X,HOYOS,CACERES,560.000,40.175,-6.724,10.000,17.974,28.200,2.100,0.055,14.925,3.049,1.138
607,9302Y,TUDELA,NAVARRA,297.000,42.056,-1.609,10.000,17.899,19.800,0.200,0.178,16.754,1.144,1.139
608,6302A,ABLA,ALMERIA,869.000,37.141,-2.780,9.000,18.923,31.444,1.000,0.097,16.957,1.966,1.154
609,3099Y,OCAÑA,TOLEDO,733.000,39.935,-3.496,10.000,17.319,16.700,0.000,0.158,15.513,1.806,1.155
610,B954,"IBIZA, AEROPUERTO",ILLES BALEARS,6.000,38.876,1.384,10.000,21.239,62.500,3.600,0.077,21.133,0.106,1.165
611,4263X,VALSEQUILLO,CORDOBA,575.000,38.409,-5.351,9.000,16.674,15.222,0.111,0.243,16.484,0.190,1.173
612,3182Y,ARGANDA DEL REY,MADRID,533.000,40.312,-3.498,10.000,17.491,21.400,0.100,0.165,16.142,1.349,1.181
613,3330Y,ROZAS DE PUERTO REAL,MADRID,890.000,40.313,-4.487,10.000,16.102,10.200,0.000,0.181,14.228,1.874,1.186
614,7066Y,"YESTE, EMBALSE FUENSANTA",ALBACETE,680.000,38.393,-2.219,10.000,17.908,16.000,0.200,0.216,17.190,0.718,1.192
615,8376,JABALOYAS,TERUEL,1430.000,40.236,-1.412,10.000,14.712,6.100,0.100,0.207,13.063,1.649,1.192
616,1057B,MATXITXAKO,BIZKAIA,93.000,43.454,-2.753,9.000,17.612,10.889,0.000,0.208,16.333,1.279,1.195
617,3129,MADRID AEROPUERTO,MADRID,609.000,40.467,-3.556,10.000,17.665,20.600,0.100,0.140,15.692,1.972,1.206
618,4560Y,ALAJAR,HUELVA,572.000,37.869,-6.675,10.000,18.249,28.800,2.600,0.114,16.353,1.895,1.207
619,B825B,ES MERCADAL,ILLES BALEARS,80.000,39.991,4.086,10.000,20.632,56.600,1.300,0.130,21.099,-0.466,1.211
620,3512X,MONTEHERMOSO,CACERES,351.000,40.081,-6.339,10.000,17.511,20.600,0.600,0.165,16.034,1.477,1.213
621,6293X,ROQUETAS DE MAR,ALMERIA,3.000,36.687,-2.702,9.000,20.545,49.667,2.444,0.156,21.032,-0.488,1.215
622,8446Y,SAGUNT/SAGUNTO,VALENCIA,24.000,39.701,-0.259,10.000,19.987,45.400,2.100,0.146,19.928,0.058,1.226
623,7237E,MOLINA DE SEGURA,MURCIA,170.000,38.139,-1.159,10.000,19.879,42.500,0.600,0.163,19.954,-0.075,1.226
624,5298X,ANDÚJAR,JAEN,202.000,38.023,-4.063,9.000,18.597,28.333,0.333,0.221,18.821,-0.224,1.230
625,0016A,REUS AEROPUERTO,TARRAGONA,71.000,41.145,1.164,10.000,19.973,46.300,0.900,0.115,19.332,0.641,1.233
626,0252D,ARENYS DE MAR,BARCELONA,74.000,41.587,2.540,9.000,19.770,42.667,0.222,0.148,19.544,0.226,1.233
627,3576X,VALENCIA DE ALCÁNTARA,CACERES,444.000,39.415,-7.231,10.000,16.790,14.800,0.200,0.208,15.724,1.065,1.242
628,1583X,O BARCO DE VALDEORRAS,OURENSE,315.000,42.416,-6.993,10.000,15.945,4.700,0.000,0.225,14.469,1.476,1.256
629,8096,CUENCA,CUENCA,949.000,40.067,-2.132,10.000,16.855,12.900,0.000,0.178,14.993,1.862,1.263
630,2465,SEGOVIA,SEGOVIA,1008.000,40.945,-4.126,10.000,15.335,10.300,0.900,0.187,13.448,1.888,1.279
631,4007Y,OSSA DE MONTIEL,ALBACETE,905.000,38.966,-2.745,10.000,16.846,13.400,0.000,0.210,15.657,1.188,1.279
632,7121A,CALASPARRA,MURCIA,350.000,38.234,-1.702,10.000,19.536,39.300,0.200,0.145,18.913,0.623,1.281
633,C129V,FUENCALIENTE,STA. CRUZ DE TENERIFE,19.000,28.455,-17.841,10.000,21.195,71.400,0.200,0.032,20.617,0.578,1.285
634,7172X,MULA,MURCIA,255.000,38.041,-1.449,9.000,19.495,39.444,0.333,0.178,19.540,-0.046,1.300
635,3194Y,POZUELO DE ALARCÓN,MADRID,665.000,40.448,-3.813,10.000,16.781,13.900,0.200,0.200,15.366,1.414,1.314
636,B860X,CIUTADELLA,ILLES BALEARS,20.000,39.993,3.854,10.000,20.923,57.100,3.000,0.132,21.272,-0.349,1.327
637,4575X,VALVERDE DEL CAMINO,HUELVA,280.000,37.575,-6.768,10.000,18.290,21.500,1.100,0.218,17.773,0.517,1.331
638,4584X,EL CERRO DE ANDÉVALO,HUELVA,270.000,37.732,-6.942,10.000,18.655,29.200,2.300,0.167,17.653,1.003,1.343
639,8058X,OLIVA,VALENCIA,1.000,38.904,-0.065,6.000,20.454,39.833,2.500,0.185,20.604,-0.150,1.343
640,8203O,ZARRA,VALENCIA,856.000,39.083,-1.101,9.000,18.659,25.444,1.556,0.120,16.400,2.260,1.345
641,5470,FUENTE PALMERA,CORDOBA,120.000,37.753,-5.101,10.000,19.793,42.900,0.400,0.127,18.967,0.826,1.347
642,9947X,LA POBLA DE MASSALUCA,TARRAGONA,370.000,41.177,0.353,10.000,18.882,32.200,0.500,0.149,17.716,1.167,1.349
643,5950X,SAN JOSÉ DEL VALLE,CADIZ,105.000,36.664,-5.783,10.000,20.018,41.000,4.800,0.148,19.472,0.546,1.349
644,0260X,FOGARS DE MONTCLÚS,BARCELONA,936.000,41.760,2.431,10.000,16.618,14.600,0.200,0.223,15.654,0.964,1.366
645,7103Y,TOBARRA,ALBACETE,615.000,38.588,-1.689,10.000,18.536,24.800,0.300,0.186,17.543,0.993,1.375
646,5107D,DÓLAR,GRANADA,1197.000,37.180,-2.986,10.000,16.700,12.000,0.000,0.219,15.433,1.267,1.375
647,9771C,LLEIDA,LLEIDA,186.000,41.626,0.598,10.000,18.641,30.600,0.000,0.198,18.320,0.322,1.381
648,4091Y,VILLARROBLEDO,ALBACETE,718.000,39.262,-2.593,10.000,17.359,12.700,0.000,0.230,16.337,1.022,1.401
649,3266A,PUERTO ALTO DEL LEÓN,MADRID,1530.000,40.706,-4.141,10.000,12.972,2.600,0.000,0.236,11.328,1.644,1.404
650,2491C,"LA COVATILLA, ESTACIÓN DE ESQUÍ",SALAMANCA,1960.000,40.355,-5.690,9.000,10.919,0.333,0.000,0.238,9.116,1.804,1.415
651,1037Y,ZUMARRAGA,GIPUZKOA,431.000,43.080,-2.317,10.000,14.023,1.200,0.100,0.383,15.263,-1.241,1.417
652,C449F,ANAGA ,STA. CRUZ DE TENERIFE,19.000,28.508,-16.196,10.000,21.572,73.700,2.600,0.043,21.188,0.383,1.417
653,4501X,FUENTE DE CANTOS,BADAJOZ,602.000,38.209,-6.311,10.000,17.567,27.000,1.300,0.161,16.141,1.426,1.430
654,C629Q,"MOGÁN, PUERTO RICO",LAS PALMAS,10.000,27.780,-15.711,10.000,21.568,80.200,0.600,0.056,21.867,-0.299,1.454
655,3516X,PIORNAL,CACERES,1260.000,40.121,-5.832,10.000,15.263,8.200,0.000,0.154,12.250,3.013,1.458
656,6058I,ESTEPONA,MALAGA,19.000,36.417,-5.155,10.000,20.382,46.600,1.300,0.156,20.232,0.149,1.463
657,0073X,SITGES,BARCELONA,58.000,41.244,1.853,10.000,20.023,48.900,0.200,0.133,19.578,0.444,1.464
658,5891X,LAS CABEZAS DE SAN JUAN,SEVILLA,105.000,36.953,-5.847,10.000,19.127,34.400,0.700,0.215,19.265,-0.138,1.485
659,0042Y,TARRAGONA,TARRAGONA,55.000,41.124,1.249,10.000,20.612,55.700,1.400,0.076,19.446,1.166,1.493
660,9772X,LA POBLA DE CÉRVOLES,LLEIDA,673.000,41.366,0.914,10.000,17.662,22.700,0.600,0.195,16.487,1.175,1.498
661,4075Y,VILLARES DEL SAZ,CUENCA,870.000,39.840,-2.503,10.000,17.259,14.600,0.000,0.189,15.343,1.916,1.512
662,8178D,ALBACETE,ALBACETE,674.000,39.006,-1.862,10.000,18.367,25.200,0.500,0.177,16.959,1.408,1.527
663,C619X,AGAETE,LAS PALMAS,5.000,28.101,-15.713,10.000,21.506,73.100,0.800,0.083,21.685,-0.178,1.544
664,2150H,"LA PINILLA, ESTACIÓN DE ESQUÍ",SEGOVIA,1798.000,41.192,-3.475,9.000,12.326,1.444,0.000,0.224,10.102,2.224,1.553
665,C929I,HIERRO AEROPUERTO,SANTA CRUZ DE TENERIFE,32.000,27.819,-17.889,10.000,21.519,79.800,0.000,0.024,20.947,0.573,1.561
666,9574B,"CASPE, PLANA DEL PILÓN",ZARAGOZA,215.000,41.242,-0.069,9.000,19.372,37.111,0.111,0.149,18.192,1.180,1.577
667,3547X,VALVERDE DEL FRESNO,CACERES,450.000,40.207,-6.896,10.000,17.889,25.700,1.500,0.122,15.319,2.570,1.579
668,5910,"ROTA, BASE NAVAL",CADIZ,21.000,36.639,-6.332,10.000,19.786,40.400,1.100,0.188,19.650,0.136,1.584
669,9677,PORT AINÉ,LLEIDA,2410.000,42.410,1.215,6.000,8.438,0.000,0.000,0.339,8.397,0.041,1.595
670,6201X,ALGARROBO,MALAGA,35.000,36.756,-4.044,10.000,20.078,46.800,0.500,0.187,20.356,-0.278,1.598
671,7026X,TORRE-PACHECO,MURCIA,50.000,37.739,-0.968,10.000,20.540,51.100,2.600,0.172,20.799,-0.259,1.614
672,9546B,HIJAR,TERUEL,305.000,41.172,-0.442,10.000,18.537,27.100,0.300,0.205,17.709,0.828,1.620
673,7096B,HELLÍN,ALBACETE,605.000,38.542,-1.703,10.000,18.775,27.400,0.300,0.189,17.611,1.164,1.629
674,3168D,GUADALAJARA,GUADALAJARA,727.000,40.630,-3.150,10.000,17.754,21.600,0.200,0.143,15.225,2.528,1.632
675,9924X,FRAGA,HUESCA,170.000,41.525,0.356,10.000,19.319,37.400,0.100,0.163,18.364,0.954,1.633
676,5429X,"CÓRDOBA, PRÁGDENA",CORDOBA,275.000,37.810,-4.462,10.000,19.827,45.200,1.100,0.119,18.493,1.334,1.659
677,5656,FUENTES DE ANDALUCÍA,SEVILLA,165.000,37.497,-5.433,10.000,20.033,42.700,2.200,0.136,18.812,1.222,1.690
678,5641X,ÉCIJA,SEVILLA,130.000,37.516,-5.085,10.000,19.255,36.300,1.000,0.210,19.080,0.176,1.691
679,5796,MORÓN DE LA FRONTERA,SEVILLA,87.000,37.164,-5.611,10.000,19.068,36.700,0.700,0.228,19.296,-0.228,1.692
680,5210X,VILLANUEVA DEL ARZOBISPO,JAEN,680.000,38.175,-2.998,9.000,19.159,38.222,0.667,0.108,17.042,2.117,1.694
681,3540X,ZARZA LA MAYOR,CACERES,336.000,39.871,-6.860,10.000,17.869,25.000,2.200,0.170,16.040,1.829,1.694
682,B434X,PORTOCOLOM  ,ILLES BALEARS,17.000,39.414,3.272,10.000,21.511,64.800,4.700,0.114,21.438,0.073,1.717
683,7031,SAN JAVIER AEROPUERTO,MURCIA,4.000,37.789,-0.803,10.000,21.579,63.200,7.200,0.098,21.027,0.552,1.726
684,7244X,ORIHUELA,ALICANTE,26.000,38.068,-0.981,10.000,20.831,57.300,2.000,0.139,20.689,0.142,1.736
685,4116I,ALMAGRO / FAMET,CIUDAD REAL,626.000,38.951,-3.742,10.000,17.763,22.100,0.000,0.214,16.511,1.252,1.765
686,4220X,PUEBLA DE DON RODRIGO,CIUDAD REAL,533.000,39.084,-4.622,9.000,16.906,12.778,0.111,0.289,16.507,0.399,1.768
687,5790Y,"SEVILLA, TABLADA",SEVILLA,9.000,37.364,-6.006,10.000,19.910,41.800,1.400,0.179,19.363,0.547,1.780
688,8059C,ALCOI/ALCOY,ALICANTE,530.000,38.711,-0.460,10.000,18.965,30.300,0.800,0.214,18.286,0.679,1.785
689,C229J,PÁJARA,LAS PALMAS,15.000,28.049,-14.358,10.000,21.678,73.200,1.600,0.119,22.172,-0.494,1.813
690,C449C,STA.CRUZ DE TENERIFE,SANTA CRUZ DE TENERIFE,36.000,28.463,-16.255,10.000,21.798,76.700,3.000,0.050,21.121,0.677,1.816
691,9561X,CASTELLOTE,TERUEL,755.000,40.798,-0.315,10.000,17.638,21.900,0.800,0.203,16.039,1.598,1.824
692,2462,PUERTO DE NAVACERRADA,MADRID,1892.000,40.793,-4.011,10.000,12.203,1.000,0.000,0.236,9.750,2.453,1.826
693,4245X,GUADALUPE,CACERES,660.000,39.455,-5.333,10.000,17.344,21.800,0.600,0.190,15.459,1.885,1.828
694,3565X,BROZAS,CACERES,425.000,39.618,-6.745,10.000,17.291,22.600,1.400,0.210,15.857,1.434,1.841
695,6268Y,"MOTRIL, PUERTO",GRANADA,3.000,36.724,-3.529,7.000,21.564,61.000,3.000,0.101,20.705,0.859,1.855
696,8036Y,BENIDORM,ALICANTE,36.000,38.544,-0.138,9.000,21.223,58.222,2.889,0.127,20.654,0.569,1.882
697,C129Z,TAZACORTE,SANTA CRUZ DE TENERIFE,62.000,28.596,-17.915,9.000,20.478,57.222,0.111,0.151,20.314,0.163,1.893
698,6057X,MANILVA,MALAGA,140.000,36.378,-5.260,10.000,20.849,52.700,1.200,0.120,19.693,1.156,1.905
699,5783,SEVILLA AEROPUERTO,SEVILLA,34.000,37.417,-5.879,10.000,20.095,44.800,1.500,0.166,19.267,0.828,1.923
700,9901X,HUESCA,HUESCA,463.000,42.139,-0.395,10.000,18.119,28.500,0.200,0.182,16.427,1.691,1.924
701,4499X,MONESTERIO,BADAJOZ,771.000,38.081,-6.272,10.000,17.063,21.200,0.600,0.216,15.503,1.560,1.940
702,9961X,CABACÉS,TARRAGONA,363.000,41.249,0.735,10.000,19.144,36.900,1.800,0.173,17.841,1.303,1.945
703,5346X,CARDEÑA,CORDOBA,720.000,38.187,-4.272,10.000,18.102,26.400,0.700,0.191,16.393,1.709,1.952
704,5582A,LOJA,GRANADA,760.000,37.161,-4.153,9.000,19.674,33.889,2.111,0.113,16.913,2.761,1.955
705,3562X,ALISEDA,CACERES,321.000,39.427,-6.736,10.000,17.995,24.200,1.100,0.208,16.432,1.563,1.969
706,3365A,TALAVERA DE LA REINA,TOLEDO,372.000,39.959,-4.864,10.000,17.741,21.300,0.900,0.238,16.562,1.179,1.980
707,5473X,AZUAGA,BADAJOZ,581.000,38.268,-5.686,10.000,17.739,28.200,1.000,0.207,16.425,1.314,1.981
708,4411C,ALCUESCAR,CACERES,467.000,39.197,-6.231,10.000,17.639,25.300,1.500,0.209,16.130,1.509,1.996
709,5972X,SAN FERNANDO,CADIZ,28.000,36.466,-6.206,10.000,21.155,57.900,5.000,0.098,19.776,1.379,1.998
710,3268C,ALPEDRETE,MADRID,924.000,40.660,-4.018,10.000,16.896,17.200,0.000,0.173,14.033,2.863,2.005
711,4103X,TOMELLOSO,CIUDAD REAL,662.000,39.169,-3.007,10.000,17.708,18.200,0.500,0.250,16.486,1.222,2.021
712,3526X,CORIA,CACERES,313.000,40.004,-6.558,10.000,18.773,32.700,1.400,0.132,16.167,2.606,2.038
713,6076X,"MARBELLA, PUERTO",MALAGA,2.000,36.484,-4.953,10.000,20.604,51.200,1.100,0.180,20.338,0.267,2.046
714,5788X,"TOMARES, ZAUDÍN",SEVILLA,84.000,37.362,-6.060,8.000,19.294,35.000,0.875,0.240,19.019,0.275,2.076
715,4436Y,ALMENDRALEJO,BADAJOZ,371.000,38.689,-6.361,10.000,18.029,26.000,0.400,0.228,16.821,1.208,2.082
716,6050X,GAUCÍN,MALAGA,594.000,36.519,-5.319,10.000,18.499,28.700,0.600,0.234,17.612,0.887,2.093
717,0429X,FIGUERES,GIRONA,45.000,42.259,2.960,10.000,20.476,49.400,2.700,0.156,19.398,1.077,2.160
718,0158X,MONISTROL DE MONTSERRAT,BARCELONA,738.000,41.594,1.839,10.000,18.294,25.700,1.400,0.202,16.400,1.894,2.167
719,4386B,LLERENA,BADAJOZ,655.000,38.232,-6.017,10.000,18.135,31.900,2.100,0.168,16.005,2.130,2.169
720,7158X,ARCHENA,MURCIA,150.000,38.128,-1.306,10.000,20.752,54.100,3.000,0.156,19.994,0.758,2.181
721,0201D,"BARCELONA, PORT OLÍMPIC",BARCELONA,26.000,41.391,2.200,9.000,21.878,65.667,5.333,0.050,19.752,2.126,2.207
722,B301,"LLUCMAJOR, CAP BLANC",BALEARES,113.000,39.380,2.785,10.000,20.907,59.300,1.900,0.175,20.864,0.042,2.211
723,5000C,CEUTA,CEUTA,87.000,35.889,-5.347,9.000,20.864,59.444,0.889,0.145,20.202,0.663,2.222
724,7228,"ALCANTARILLA, BASE AÉREA",MURCIA,75.000,37.958,-1.229,10.000,20.710,55.500,2.300,0.179,20.456,0.254,2.225
725,3305Y,NAVAHERMOSA,TOLEDO,750.000,39.631,-4.477,10.000,18.347,28.600,1.500,0.143,15.272,3.076,2.275
726,3337U,CEBREROS,AVILA,850.000,40.468,-4.456,10.000,17.100,20.300,0.100,0.188,14.315,2.785,2.295
727,B603X,ARTÀ-COLÒNIA DE SANT PERE,ILLES BALEARS,99.000,39.723,3.279,10.000,21.358,60.400,3.900,0.157,20.889,0.469,2.297
728,7031X,SAN JAVIER AEROPUERTO,MURCIA,4.000,37.778,-0.806,10.000,21.721,64.600,8.500,0.131,21.033,0.688,2.298
729,4339X,CAÑAMERO,CACERES,590.000,39.314,-5.369,10.000,17.589,25.800,1.700,0.220,15.839,1.750,2.309
730,B248,"SIERRA DE ALFABIA, BUNYOLA",ILLES BALEARS,1030.000,39.735,2.713,9.000,17.999,26.889,1.667,0.238,16.633,1.367,2.350
731,4267X,HINOJOSA DEL DUQUE,CORDOBA,551.000,38.498,-5.121,10.000,17.703,23.900,0.200,0.262,16.616,1.087,2.352
732,C329Z,SAN SEBASTIÁN DE LA GOMERA,STA. CRUZ DE TENERIFE,15.000,28.090,-17.111,10.000,21.976,80.800,2.300,0.070,21.134,0.842,2.354
733,3514B,TORNAVACAS,CACERES,991.000,40.259,-5.678,10.000,16.935,20.700,0.500,0.156,13.386,3.549,2.377
734,4358X,DON BENITO,BADAJOZ,274.000,38.956,-5.881,10.000,18.742,31.300,0.700,0.220,17.250,1.492,2.404
735,7209,LORCA,MURCIA,312.000,37.656,-1.687,10.000,19.900,43.200,0.400,0.229,19.450,0.450,2.412
736,3338,ROBLEDO DE CHAVELA,MADRID,770.000,40.429,-4.249,9.000,17.302,19.778,0.222,0.211,14.763,2.539,2.413
737,6127X,ÁLORA,MALAGA,172.000,36.855,-4.697,9.000,20.909,56.889,3.667,0.132,19.459,1.450,2.422
738,7012D,CARTAGENA,MURCIA,56.000,37.604,-1.023,10.000,20.925,57.100,3.200,0.198,20.837,0.087,2.426
739,9434P,"ZARAGOZA, VALDESPARTERA",ZARAGOZA,258.000,41.621,-0.935,10.000,19.215,35.200,0.600,0.198,17.447,1.768,2.462
740,7261X,ROJALES,ALICANTE,31.000,38.088,-0.715,10.000,21.371,65.300,2.800,0.146,20.753,0.618,2.466
741,4340,NAVALVILLAR DE PELA,BADAJOZ,313.000,39.103,-5.461,10.000,18.939,32.500,0.900,0.209,17.141,1.798,2.502
742,8177A,CHINCHILLA,ALBACETE,880.000,38.938,-1.659,7.000,16.091,7.000,0.143,0.397,16.183,-0.092,2.558
743,3423I,MADRIGAL DE LA VERA,CACERES,464.000,40.154,-5.373,10.000,18.470,31.500,1.300,0.179,15.852,2.618,2.581
744,5598X,BENAMEJÍ,CORDOBA,465.000,37.231,-4.548,10.000,19.675,44.000,1.300,0.181,18.004,1.671,2.595
745,B986,FORMENTERA,BALEARES,24.000,38.694,1.464,10.000,21.691,65.100,6.500,0.164,21.200,0.492,2.612
746,3503,GUIJO DE GRANADILLA,CACERES,393.000,40.189,-6.168,10.000,18.543,31.900,1.100,0.176,15.846,2.698,2.614
747,7023X,FUENTE ÁLAMO DE MURCIA,MURCIA,140.000,37.726,-1.167,10.000,21.058,60.400,2.700,0.172,20.343,0.715,2.630
748,0385X,L'ESTARTIT,GIRONA,1.000,42.054,3.201,10.000,20.840,54.000,1.800,0.179,19.808,1.032,2.632
749,9981A,ESTACIÓN DE TORTOSA (ROQUETES),TARRAGONA,50.000,40.820,0.493,10.000,20.763,57.100,1.800,0.152,19.382,1.381,2.636
750,5515D,VÍZNAR,GRANADA,1258.000,37.237,-3.551,10.000,18.570,32.100,2.800,0.131,14.925,3.645,2.636
751,6032X,RONDA INSTITUTO,MALAGA,760.000,36.750,-5.169,10.000,19.015,34.800,2.800,0.192,16.800,2.214,2.648
752,3386A,NAVALVILLAR DE IBOR,CACERES,923.000,39.592,-5.392,10.000,17.624,25.800,0.500,0.167,14.210,3.415,2.656
753,6364X,ALBOX,ALMERIA,508.000,37.407,-2.151,10.000,20.113,45.800,1.700,0.188,18.587,1.526,2.672
754,8503Y,TORREBLANCA,CASTELLON,35.000,40.211,0.184,10.000,21.267,62.400,2.100,0.128,19.720,1.547,2.676
755,0281Y,BLANES,GIRONA,45.000,41.677,2.805,10.000,21.126,60.900,2.700,0.139,19.710,1.416,2.677
756,5304Y,PUERTOLLANO,CIUDAD REAL,665.000,38.669,-4.059,10.000,18.954,35.900,1.400,0.175,16.404,2.550,2.694
757,9434,"ZARAGOZA, AEROPUERTO",ZARAGOZA,249.000,41.661,-1.004,10.000,19.313,37.500,0.400,0.203,17.436,1.877,2.699
758,7019X,CARTAGENA/SALINAS CABO PALOS,MURCIA,3.000,37.636,-0.716,5.000,22.970,73.200,21.000,0.078,21.161,1.810,2.702
759,6083X,MARBELLA,MALAGA,2.000,36.483,-4.740,8.000,21.649,58.625,8.125,0.159,20.416,1.232,2.710
760,8019,ALICANTE-ELCHE AEROPUERTO,ALICANTE,43.000,38.283,-0.571,10.000,21.382,64.500,3.700,0.162,20.630,0.752,2.716
761,3469A,CÁCERES,CACERES,394.000,39.471,-6.339,10.000,18.701,32.400,1.400,0.195,16.233,2.468,2.735
762,6000A,MELILLA,MELILLA,52.000,35.276,-2.956,10.000,22.429,73.200,8.800,0.130,21.620,0.809,2.740
763,5919X,OLVERA,CADIZ,530.000,36.932,-5.259,10.000,19.254,39.500,4.000,0.212,17.650,1.604,2.741
764,0200E,"BARCELONA, FABRA",BARCELONA,408.000,41.418,2.124,10.000,20.099,48.000,3.200,0.161,18.049,2.051,2.749
765,0076,BARCELONA AEROPUERTO,BARCELONA,4.000,41.293,2.070,10.000,21.853,68.700,5.000,0.095,19.862,1.991,2.817
766,5515X,GRANADA-CARTUJA,GRANADA,775.000,37.190,-3.596,10.000,19.032,35.500,0.700,0.214,17.035,1.998,2.818
767,4095Y,BELMONTE,CUENCA,745.000,39.555,-2.706,10.000,18.575,26.700,0.200,0.221,15.992,2.582,2.877
768,9293X,"ALFARO, LA PLANA",LA RIOJA,371.000,42.176,-1.744,6.000,17.215,14.833,0.333,0.346,16.307,0.908,2.879
769,5612X,LORA DE ESTEPA,SEVILLA,450.000,37.270,-4.827,10.000,19.975,44.300,5.900,0.187,17.941,2.034,2.899
770,3436D,GARGANTA LA OLLA,CACERES,690.000,40.111,-5.785,10.000,18.619,34.100,1.500,0.135,14.747,3.872,2.907
771,3455X,JARAICEJO,CACERES,559.000,39.670,-5.808,10.000,18.545,35.300,2.800,0.179,15.586,2.958,2.960
772,8416X,"VALENCIA, UPV",VALENCIA,6.000,39.479,-0.337,9.000,21.539,63.667,2.778,0.154,20.118,1.421,2.986
773,6100B,ANTEQUERA AYUNTAMIENTO (AUTOMÁTICA THIES),MALAGA,515.000,37.024,-4.562,9.000,20.051,45.111,2.778,0.187,17.913,2.138,3.000
774,6156X,"MÁLAGA, CENTRO METEOROLÓGICO",MALAGA,54.000,36.718,-4.482,10.000,21.813,69.200,6.000,0.123,20.137,1.676,3.004
775,C623I,"SAN BARTOLOME TIRAJANA, CUEVAS DEL PINAR",LAS PALMAS,1220.000,27.927,-15.600,10.000,19.889,43.500,18.400,0.136,16.564,3.325,3.009
776,3125Y,SAN SEBASTIÁN DE LOS REYES,MADRID,672.000,40.550,-3.617,8.000,18.315,25.375,0.125,0.219,15.344,2.971,3.030
777,6307X,LÁUJAR DE ANDARAX,ALMERIA,1510.000,37.033,-2.913,10.000,17.394,20.200,1.400,0.227,14.195,3.199,3.034
778,3343Y,VALDEMORILLO,MADRID,884.000,40.497,-4.061,10.000,17.940,25.300,0.300,0.187,14.294,3.646,3.036
779,6155A,MÁLAGA AEROPUERTO,MALAGA,7.000,36.666,-4.482,10.000,21.724,69.100,5.900,0.146,20.374,1.351,3.088
780,9839V,"CERLER, COGULLA",HUESCA,2374.000,42.555,0.543,7.000,8.976,0.000,0.000,0.424,8.215,0.762,3.099
781,4300Y,ALMADÉN,CIUDAD REAL,535.000,38.775,-4.845,10.000,20.063,47.600,4.900,0.122,16.612,3.452,3.104
782,3475X,CAÑAVERAL,CACERES,373.000,39.791,-6.376,10.000,19.454,39.100,5.800,0.158,16.108,3.345,3.109
783,3260B,TOLEDO,TOLEDO,513.000,39.885,-4.045,10.000,19.461,42.900,0.700,0.157,16.298,3.163,3.155
784,4347X,ZORITA,CACERES,413.000,39.283,-5.710,10.000,18.937,35.300,4.700,0.220,16.502,2.436,3.156
785,6143X,COÍN,MALAGA,230.000,36.658,-4.761,10.000,20.868,58.200,2.400,0.187,19.309,1.559,3.244
786,5164B,BAEZA,JAEN,771.000,37.997,-3.462,10.000,19.761,41.300,2.700,0.171,16.590,3.172,3.263
787,4148,VISO DEL MARQUÉS,CIUDAD REAL,804.000,38.518,-3.567,10.000,17.919,23.900,0.600,0.299,16.077,1.842,3.271
788,8013X,NOVELDA,ALICANTE,233.000,38.386,-0.758,10.000,20.953,58.800,3.000,0.201,19.672,1.282,3.278
789,4147X,VALDEPEÑAS,CIUDAD REAL,700.000,38.751,-3.391,10.000,19.087,36.600,0.900,0.219,16.446,2.641,3.332
790,1059X,PUNTA GALEA,BIZKAIA,81.000,43.375,-3.022,7.000,17.295,8.714,0.000,0.404,16.336,0.959,3.370
791,3362Y,CASTILLO DE BAYUELA,TOLEDO,560.000,40.108,-4.681,9.000,19.359,42.667,4.111,0.152,15.719,3.640,3.370
792,3448X,SERRADILLA,CACERES,406.000,39.821,-6.127,10.000,19.019,36.000,3.000,0.210,16.038,2.981,3.393
793,7211B,PUERTO LUMBRERAS,MURCIA,445.000,37.568,-1.797,10.000,20.898,60.100,2.800,0.171,18.888,2.010,3.395
794,3196,"MADRID, CUATRO VIENTOS",MADRID,690.000,40.376,-3.786,10.000,19.212,39.300,1.400,0.154,15.314,3.898,3.404
795,7178I,MURCIA,MURCIA,62.000,38.002,-1.171,10.000,21.842,68.800,5.900,0.173,20.505,1.337,3.407
796,5165X,TORRES,JAEN,910.000,37.781,-3.564,10.000,18.623,33.200,1.200,0.246,16.086,2.537,3.448
797,1167G,"MIRADOR DEL CABLE, PARQUE NACIONAL PICOS DE EUROPA",CANTABRIA,1910.000,43.155,-4.803,5.000,9.443,0.200,0.000,0.417,7.883,1.559,3.507
798,6069X,BENAHAVÍS,MALAGA,392.000,36.544,-5.025,10.000,20.354,51.800,2.700,0.221,18.581,1.773,3.511
799,0244X,VILASSAR DE DALT,BARCELONA,56.000,41.505,2.363,10.000,21.322,62.500,2.000,0.186,19.609,1.713,3.518
800,6213X,NERJA,MALAGA,169.000,36.763,-3.845,10.000,21.349,62.400,1.800,0.197,19.843,1.506,3.519
801,8500A,CASTELLÓ - ALMASSORA,CASTELLON,43.000,39.957,-0.072,10.000,21.629,67.400,4.700,0.161,19.752,1.877,3.526
802,7002Y,ÁGUILAS,MURCIA,32.000,37.417,-1.587,10.000,22.603,74.800,11.500,0.143,20.853,1.750,3.553
803,9814I,"TORLA-ORDESA, EL CEBOLLAR",HUESCA,1905.000,42.656,-0.124,7.000,11.358,0.000,0.000,0.429,9.941,1.417,3.573
804,5973,CÁDIZ,CADIZ,2.000,36.500,-6.258,10.000,21.815,70.700,5.600,0.150,19.848,1.966,3.585
805,3254Y,MORA,TOLEDO,717.000,39.687,-3.781,10.000,18.900,36.300,0.700,0.210,15.635,3.264,3.586
806,5192,VILLARRODRIGO,JAEN,862.000,38.489,-2.638,8.000,19.675,36.250,2.750,0.200,16.185,3.490,3.597
807,5181D,ARROYO DEL OJANCO,JAEN,580.000,38.315,-2.890,8.000,19.899,41.625,1.250,0.234,17.427,2.472,3.642
808,8025,ALACANT/ALICANTE,ALICANTE,81.000,38.373,-0.494,10.000,21.599,67.200,4.200,0.208,20.437,1.162,3.665
809,8057C,PEGO,ALICANTE,60.000,38.847,-0.118,10.000,22.181,71.200,6.500,0.162,20.365,1.816,3.669
810,7012C,CARTAGENA,MURCIA,17.000,37.601,-0.988,10.000,22.823,72.700,13.800,0.158,21.022,1.801,3.676
811,4121,CIUDAD REAL,CIUDAD REAL,626.000,38.989,-3.920,10.000,19.562,42.300,1.400,0.206,16.421,3.140,3.722
812,8414A,VALENCIA AEROPUERTO,VALENCIA,56.000,39.485,-0.475,10.000,21.072,61.900,4.600,0.229,19.847,1.225,3.726
813,5246,SANTA ELENA,JAEN,770.000,38.344,-3.535,10.000,19.453,29.000,1.500,0.260,16.346,3.106,3.782
814,3200,GETAFE,MADRID,620.000,40.299,-3.722,10.000,19.829,45.700,2.400,0.153,15.689,4.140,3.831
815,6272X,CASTELL DE FERRO,GRANADA,235.000,36.734,-3.380,9.000,21.662,66.222,3.444,0.188,19.746,1.916,3.834
816,3191E,COLMENAR VIEJO,MADRID,1004.000,40.696,-3.765,10.000,17.913,29.000,0.500,0.214,13.756,4.157,3.855
817,B569X,CAPDEPERA,BALEARES,57.000,39.717,3.478,10.000,23.287,74.600,18.900,0.151,21.148,2.139,3.880
818,6281X,VÁLOR,GRANADA,1020.000,37.005,-3.071,10.000,19.668,41.000,4.300,0.212,16.281,3.387,3.889
819,7007Y,MAZARRÓN,MURCIA,66.000,37.588,-1.231,9.000,22.110,69.556,7.333,0.208,20.728,1.381,3.903
820,5279X,LINARES,JAEN,515.000,38.151,-3.629,10.000,20.793,52.300,6.900,0.180,17.541,3.252,3.925
821,3094B,TARANCÓN,CUENCA,819.000,40.012,-3.021,9.000,18.867,35.778,1.000,0.224,15.266,3.601,3.940
822,B228,"PALMA, PUERTO",BALEARES,3.000,39.554,2.625,10.000,22.986,76.500,17.800,0.165,21.172,1.814,3.944
823,9445L,"FORMIGAL, SARRIOS",HUESCA,1800.000,42.763,-0.393,6.000,11.671,0.333,0.000,0.461,10.231,1.440,3.997
824,4064Y,ALCAZAR DE SAN JUAN,CIUDAD REAL,640.000,39.391,-3.216,10.000,19.436,42.300,0.700,0.234,16.365,3.071,4.031
825,5427X,DOÑA MENCÍA,CORDOBA,650.000,37.556,-4.354,10.000,19.920,43.000,4.200,0.242,17.066,2.854,4.036
826,8058Y,MIRAMAR,VALENCIA,12.000,38.950,-0.138,10.000,22.541,74.000,10.400,0.170,20.501,2.041,4.038
827,B087X,BANYALBUFAR,ILLES BALEARS,60.000,39.689,2.513,10.000,22.313,71.300,10.600,0.208,20.798,1.515,4.065
828,3298X,SAN PABLO DE LOS MONTES,TOLEDO,917.000,39.547,-4.351,6.000,18.271,29.000,1.500,0.258,14.647,3.624,4.073
829,3519X,PLASENCIA,CACERES,415.000,40.043,-6.086,9.000,19.898,44.667,6.667,0.183,15.873,4.025,4.091
830,6175X,RINCÓN DE LA VICTORIA,MALAGA,7.000,36.715,-4.286,10.000,22.156,69.700,7.200,0.207,20.415,1.742,4.127
831,3195,"MADRID, RETIRO",MADRID,667.000,40.411,-3.678,10.000,19.798,45.900,3.200,0.166,15.431,4.367,4.140
832,6084X,FUENGIROLA,MALAGA,8.000,36.539,-4.618,6.000,21.673,62.333,4.333,0.260,20.400,1.273,4.172
833,0016B,REUS (CENTRE LECTURA),TARRAGONA,118.000,41.154,1.109,9.000,21.863,67.778,7.667,0.176,19.102,2.761,4.268
834,8416,VALÈNCIA,VALENCIA,13.000,39.481,-0.366,10.000,22.303,70.900,8.800,0.192,20.076,2.227,4.288
835,6045X,ALPANDEIRE,MALAGA,676.000,36.633,-5.203,10.000,19.776,44.700,2.900,0.273,17.227,2.549,4.316
836,8416Y,"VALÈNCIA, VIVEROS",VALENCIA,13.000,39.481,-0.366,9.000,22.151,72.778,7.444,0.198,20.076,2.075,4.345
837,7218Y,TOTANA,MURCIA,281.000,37.759,-1.513,8.000,21.229,62.125,2.750,0.262,19.583,1.645,4.410
838,0201X,"BARCELONA, DRASSANES",BARCELONA,11.000,41.375,2.174,8.000,22.434,68.750,9.250,0.192,19.817,2.616,4.422
839,6325O,ALMERÍA AEROPUERTO,ALMERIA,21.000,36.846,-2.357,10.000,22.409,71.700,13.500,0.240,20.980,1.429,4.434
840,6172X,MÁLAGA,MALAGA,25.000,36.717,-4.420,9.000,22.469,78.667,10.222,0.178,20.287,2.182,4.435
841,6291B,EL EJIDO,ALMERIA,98.000,36.775,-2.813,10.000,22.102,69.600,8.600,0.241,20.523,1.579,4.442
842,6088X,TORREMOLINOS,MALAGA,85.000,36.621,-4.515,10.000,21.897,69.400,5.500,0.231,20.052,1.845,4.467
843,9451F,"PANTICOSA, PETROSOS",HUESCA,1850.000,42.704,-0.275,7.000,12.081,0.857,0.000,0.471,10.094,1.987,4.482
844,5998X,OSUNA,SEVILLA,255.000,37.243,-5.112,10.000,21.906,61.200,15.100,0.195,18.700,3.206,4.483
845,5270B,JAÉN,JAEN,580.000,37.777,-3.809,10.000,20.978,56.000,8.700,0.201,17.430,3.548,4.530
846,4236Y,PUERTO REY,CACERES,689.000,39.451,-5.026,10.000,18.241,29.100,1.600,0.339,15.449,2.792,4.587
847,4325Y,CASTUERA,BADAJOZ,459.000,38.742,-5.529,6.000,20.247,46.333,8.667,0.241,16.711,3.536,4.594
848,5281X,BAILÉN,JAEN,345.000,38.093,-3.782,10.000,21.041,55.600,5.200,0.249,18.259,2.781,4.646
849,7020C,MURCIA AEROPUERTO,MURCIA,205.000,37.807,-1.128,8.000,20.757,56.875,1.250,0.345,20.024,0.733,4.664
850,6277B,ADRA,ALMERIA,8.000,36.747,-3.021,7.000,21.492,52.000,6.714,0.370,20.855,0.637,4.696
851,1178R,"SOTRES, PARQUE NACIONAL PICOS DE EUROPA",ASTURIAS,1236.000,43.238,-4.737,5.000,10.873,1.000,0.200,0.581,10.781,0.093,4.707
852,6329X,CABO DE GATA,ALMERIA,42.000,36.722,-2.193,10.000,23.479,74.400,24.200,0.243,21.028,2.451,5.220
853,5038Y,CAZORLA,JAEN,799.000,37.916,-3.004,10.000,20.597,52.500,6.300,0.256,16.688,3.909,5.282
854,3463Y,TRUJILLO,CACERES,523.000,39.464,-5.874,7.000,19.207,42.143,4.000,0.343,15.849,3.358,5.573
855,B398A,"CABRERA, PARQUE NACIONAL DE CABRERA",BALEARES,165.000,39.136,2.937,6.000,22.167,53.500,5.000,0.436,20.849,1.318,6.007
856,1167J,"CORISCAO, PARQUE NACIONAL PICOS DE EUROPA",CANTABRIA,1722.000,43.089,-4.774,5.000,9.870,0.400,0.000,0.697,8.752,1.118,6.771
857,0433D,CABO DE CREUS,GIRONA,75.000,42.319,3.316,7.000,22.275,67.000,10.000,0.479,19.361,2.915,8.127
