rank,indicativo,nombre,provincia,altitud_m,lat,lon,n_anios,tmax_media_verano,tmax_normal_verano,tmax_anomalia,tmax_tendencia,tmax_esperada,residual,score_refugio
1,C659H,"LAS PALMAS DE GRAN CANARIA, SAN CRISTOBAL",LAS PALMAS,55.000,28.090,-15.416,10.000,24.504,,,-0.194,30.174,-5.670,-5.616
2,0255B,SANTA SUSANNA,BARCELONA,40.000,41.651,2.697,5.000,27.902,,,-0.215,32.779,-4.878,-5.571
3,5516D,SIERRA NEVADA 'RADIOTELESCOPIO',GRANADA,2856.000,37.063,-3.387,6.000,17.445,,,-0.046,26.463,-9.018,-5.230
4,1021Y,ARTICUTZA (AUTOMATICA),NAVARRA,305.000,43.212,-1.798,10.000,23.286,,,-0.124,29.488,-6.202,-5.124
5,9988B,CAP DE VAQUÈIRA,LLEIDA,2467.000,42.692,0.974,8.000,15.298,,,0.072,26.813,-11.515,-4.884
6,C468X,SAN JUAN DE LA RAMBLA,SANTA CRUZ DE TENERIFE,667.000,28.373,-16.626,7.000,21.823,,,-0.063,28.298,-6.475,-4.651
7,C928I,VALVERDE,STA. CRUZ DE TENERIFE,670.000,27.811,-17.919,7.000,21.734,,,-0.009,27.932,-6.198,-4.082
8,C939T,"FRONTERA, SABINOSA",STA. CRUZ DE TENERIFE,20.000,27.756,-18.108,10.000,25.911,,,-0.087,29.129,-3.218,-3.929
9,1393,CABO VILÁN,A CORUÑA,50.000,43.161,-9.211,10.000,20.324,,,0.032,26.542,-6.218,-3.710
10,1351,ESTACA DE BARES,A CORUÑA,90.000,43.786,-7.685,10.000,20.859,,,0.027,26.906,-6.047,-3.702
11,B248,"SIERRA DE ALFABIA, BUNYOLA",ILLES BALEARS,1030.000,39.735,2.713,10.000,25.783,,,0.026,31.697,-5.914,-3.673
12,C139E,LA PALMA AEROPUERTO,SANTA CRUZ DE TENERIFE,33.000,28.633,-17.755,10.000,25.400,,,-0.040,28.888,-3.489,-3.573
13,C629X,"MOGÁN, PUERTO",LAS PALMAS,10.000,27.816,-15.764,10.000,27.629,,,-0.064,30.218,-2.589,-3.538
14,3044X,CAÑIZARES,CUENCA,928.000,40.530,-2.150,5.000,31.890,,,-0.223,29.278,2.611,-3.481
15,B893,"MENORCA, AEROPUERTO",BALEARES,91.000,39.855,4.216,10.000,29.698,,,0.005,34.169,-4.472,-3.455
16,1203D,COLUNGA,ASTURIAS,30.000,43.492,-5.247,10.000,22.114,,,0.064,28.288,-6.174,-3.409
17,6268Y,"MOTRIL, PUERTO",GRANADA,3.000,36.724,-3.529,10.000,28.667,,,-0.018,32.081,-3.414,-3.356
18,6332Y,CARBONERAS,ALMERIA,222.000,36.942,-1.907,6.000,29.867,,,-0.046,32.319,-2.452,-3.336
19,1387D,A CORUÑA BENS,A CORUÑA,132.000,43.363,-8.442,10.000,22.167,,,0.020,26.654,-4.487,-3.316
20,C229J,PÁJARA,LAS PALMAS,15.000,28.049,-14.358,10.000,28.545,,,-0.048,30.764,-2.219,-3.279
21,C048W,TINAJO,LAS PALMAS,275.000,29.043,-13.681,10.000,23.648,,,0.089,30.144,-6.496,-3.272
22,C629Q,"MOGÁN, PUERTO RICO",LAS PALMAS,10.000,27.780,-15.711,10.000,25.025,,,0.051,30.258,-5.233,-3.253
23,C459Z,PUERTO DE LA CRUZ,SANTA CRUZ DE TENERIFE,25.000,28.418,-16.548,10.000,26.332,,,-0.010,29.561,-3.229,-3.229
24,C457I,LA VICTORIA DE ACENTEJO,SANTA CRUZ DE TENERIFE,567.000,28.434,-16.454,10.000,22.744,,,0.075,28.546,-5.802,-3.196
25,C665T,VALLESECO,LAS PALMAS,900.000,28.066,-15.566,10.000,25.338,,,-0.005,28.475,-3.137,-3.153
26,C458A,TACORONTE,SANTA CRUZ DE TENERIFE,310.000,28.496,-16.420,10.000,24.542,,,0.044,29.034,-4.492,-3.105
27,C447A,TENERIFE NORTE AEROPUERTO,SANTA CRUZ DE TENERIFE,632.000,28.477,-16.329,10.000,24.739,,,0.020,28.459,-3.721,-3.093
28,3194U,"MADRID, CIUDAD UNIVERSITARIA",MADRID,664.000,40.452,-3.724,9.000,33.256,,,-0.229,29.089,4.166,-3.084
29,C659M,"LAS PALMAS DE GRAN CANARIA, PL. DE LA FERIA",LAS PALMAS,15.000,28.113,-15.421,10.000,25.392,,,0.059,30.239,-4.847,-3.070
30,1477U,VILAGARCIA DE AROUSA,PONTEVEDRA,36.000,42.582,-8.770,7.000,25.888,,,-0.053,27.026,-1.138,-3.013
31,1283U,CABO BUSTO,ASTURIAS,60.000,43.569,-6.470,10.000,21.511,,,0.108,27.626,-6.114,-2.987
32,B051A,"SÓLLER, PUERTO",BALEARES,5.000,39.796,2.691,7.000,29.475,,,0.053,33.650,-4.175,-2.924
33,1212E,ASTURIAS AEROPUERTO,ASTURIAS,127.000,43.567,-6.044,10.000,21.968,,,0.104,27.695,-5.727,-2.914
34,1249I,OVIEDO,ASTURIAS,336.000,43.353,-5.874,6.000,22.702,,,0.077,27.462,-4.760,-2.878
35,B434X,PORTOCOLOM  ,ILLES BALEARS,17.000,39.414,3.272,10.000,29.368,,,0.075,34.063,-4.695,-2.874
36,6205X,TORROX,MALAGA,3.000,36.726,-3.957,10.000,28.555,,,0.038,31.880,-3.325,-2.821
37,1024E,"DONOSTIA / SAN SEBASTIÁN, IGELDO",GIPUZKOA,250.000,43.306,-2.041,10.000,22.601,,,0.153,29.440,-6.839,-2.792
38,C249I,FUERTEVENTURA AEROPUERTO,LAS PALMAS,25.000,28.445,-13.863,10.000,27.358,,,0.053,30.804,-3.446,-2.718
39,C419L,LOMO DEL BALO,SANTA CRUZ DE TENERIFE,403.000,28.207,-16.792,9.000,26.972,,,0.005,28.805,-1.833,-2.684
40,C038N,HARÍA,LAS PALMAS,277.000,29.144,-13.489,10.000,25.187,,,0.112,30.186,-5.000,-2.625
41,6001,TARIFA,CADIZ,45.000,36.014,-5.597,10.000,25.746,,,0.133,31.341,-5.596,-2.615
42,C839X,LA GRACIOSA,LAS PALMAS,19.000,29.230,-13.510,10.000,26.345,,,0.093,30.640,-4.294,-2.595
43,1111X,SANTANDER,CANTABRIA,51.000,43.491,-3.801,10.000,22.329,,,0.167,28.924,-6.595,-2.592
44,1111,SANTANDER,CANTABRIA,52.000,43.491,-3.801,7.000,22.188,,,0.172,28.922,-6.734,-2.581
45,C919K,TACORON-LAPILLAS-TORTUGA,STA. CRUZ DE TENERIFE,98.000,27.665,-18.019,9.000,27.159,,,0.022,29.059,-1.900,-2.555
46,6199X,VÉLEZ-MÁLAGA,MALAGA,41.000,36.769,-4.094,5.000,32.552,,,-0.064,31.724,0.828,-2.547
47,1052A,MUTRIKU,GIPUZKOA,150.000,43.317,-2.397,10.000,23.464,,,0.154,29.463,-5.999,-2.535
48,0171X,IGUALADA,BARCELONA,313.000,41.579,1.618,10.000,31.365,,,-0.022,31.777,-0.411,-2.524
49,C239N,"TUINEJE,PUERTO GRAN TARAJAL",LAS PALMAS,1.000,28.209,-14.023,10.000,28.839,,,0.032,30.878,-2.040,-2.498
50,0341X,TONA,BARCELONA,607.000,41.847,2.223,8.000,28.854,,,0.053,31.372,-2.519,-2.444
51,1455I,RODEIRO-VILAMAIOR,PONTEVEDRA,645.000,42.711,-7.954,10.000,23.914,,,0.045,26.169,-2.255,-2.441
52,C148F,SAN ANDRÉS Y SAUCES,STA. CRUZ DE TENERIFE,362.000,28.805,-17.782,10.000,24.634,,,0.088,28.163,-3.528,-2.421
53,1347T,BURELA,LUGO,80.000,43.651,-7.357,10.000,21.781,,,0.147,27.137,-5.356,-2.416
54,C328W,HERMIGUA,STA. CRUZ DE TENERIFE,252.000,28.164,-17.194,10.000,24.455,,,0.121,28.929,-4.474,-2.391
55,C656V,TEROR,LAS PALMAS,683.000,28.075,-15.547,10.000,24.981,,,0.104,28.900,-3.919,-2.389
56,C619Y,LA ALDEA DE SAN NICOLÁS,LAS PALMAS,13.000,28.001,-15.808,10.000,27.678,,,0.058,30.111,-2.433,-2.378
57,C689E,MASPALOMAS,LAS PALMAS,6.000,27.736,-15.596,10.000,26.031,,,0.119,30.339,-4.308,-2.363
58,2491C,"LA COVATILLA, ESTACIÓN DE ESQUÍ",SALAMANCA,1960.000,40.355,-5.690,9.000,20.039,,,0.163,25.698,-5.658,-2.359
59,C929I,HIERRO AEROPUERTO,SANTA CRUZ DE TENERIFE,32.000,27.819,-17.889,10.000,25.443,,,0.105,29.181,-3.738,-2.331
60,C019V,YAIZA PLAYA BLANCA,LAS PALMAS,6.000,28.859,-13.835,10.000,26.560,,,0.118,30.674,-4.114,-2.316
61,8416X,"VALENCIA, UPV",VALENCIA,6.000,39.479,-0.337,9.000,28.493,,,0.113,32.370,-3.878,-2.295
62,C619X,AGAETE,LAS PALMAS,5.000,28.101,-15.713,10.000,26.231,,,0.116,30.128,-3.897,-2.273
63,5860E,"MOGUER, EL ARENOSILLO",HUELVA,41.000,37.098,-6.738,10.000,27.913,,,0.070,30.346,-2.433,-2.266
64,9195C,"ASTÚN, LA RACA",HUESCA,2276.000,42.793,-0.505,5.000,16.807,,,0.301,26.448,-9.641,-2.255
65,1210X,CABO PEÑAS,ASTURIAS,100.000,43.656,-5.849,10.000,21.482,,,0.195,27.801,-6.319,-2.251
66,C925F,"SAN ANDRÉS, VALVERDE",STA. CRUZ DE TENERIFE,1070.000,27.769,-17.960,9.000,23.595,,,0.111,27.155,-3.561,-2.225
67,1341B,"TARAMUNDI, OURIA",ASTURIAS,340.000,43.416,-7.061,10.000,21.027,,,0.184,26.873,-5.845,-2.214
68,B278,"PALMA DE MALLORCA, AEROPUERTO",BALEARES,5.000,39.561,2.737,10.000,31.573,,,0.073,33.773,-2.200,-2.175
69,1109,SANTANDER AEROPUERTO,CANTABRIA,3.000,43.424,-3.826,10.000,23.994,,,0.164,29.035,-5.041,-2.164
70,0076,BARCELONA AEROPUERTO,BARCELONA,1.000,41.292,2.061,10.000,28.987,,,0.124,32.714,-3.727,-2.154
71,B954,"IBIZA, AEROPUERTO",ILLES BALEARS,6.000,38.876,1.384,10.000,29.751,,,0.125,33.436,-3.685,-2.127
72,B373X,"CAMPOS, SALINES LLEVANT",BALEARES,3.000,39.351,3.012,10.000,30.600,,,0.118,33.997,-3.397,-2.113
73,C101A,ROQUE DE LOS MUCHACHOS,SANTA CRUZ DE TENERIFE,2223.000,28.756,-17.895,7.000,22.223,,,0.085,24.519,-2.296,-2.089
74,3391,SOTILLO DE LA ADRADA,AVILA,630.000,40.289,-4.591,10.000,34.623,,,-0.170,28.821,5.801,-2.074
75,1331A,CASTROPOL,ASTURIAS,40.000,43.525,-7.031,10.000,23.259,,,0.148,27.421,-4.162,-2.057
76,C317B,AGULO,STA. CRUZ DE TENERIFE,765.000,28.179,-17.213,10.000,23.227,,,0.166,27.918,-4.691,-2.045
77,1183X,LLANES,ASTURIAS,10.000,43.420,-4.748,10.000,22.524,,,0.211,28.592,-6.068,-2.036
78,9660,SANT MAURICI (LLAC),LLEIDA,1907.000,42.581,1.008,10.000,21.001,,,0.240,27.963,-6.962,-2.033
79,C658X,"LAS PALMAS DE GRAN CANARIA, TAFIRA",LAS PALMAS,269.000,28.078,-15.453,10.000,24.199,,,0.196,29.747,-5.547,-2.026
80,C649R,"TELDE, MELENARA",LAS PALMAS,9.000,27.987,-15.378,10.000,26.308,,,0.150,30.326,-4.018,-1.997
81,C658L,LAS PALMAS DE G.C. (TAFIRA CMT),LAS PALMAS,269.000,28.075,-15.451,10.000,24.501,,,0.190,29.749,-5.248,-1.991
82,C438N,CANDELARIA,SANTA CRUZ DE TENERIFE,463.000,28.359,-16.402,10.000,26.498,,,0.098,28.805,-2.307,-1.975
83,1014A,DONOSTIA / SAN SEBASTIÁN AEROPUERTO,GIPUZKOA,4.000,43.357,-1.792,10.000,25.705,,,0.163,30.012,-4.306,-1.966
84,C258K,LA OLIVA,LAS PALMAS,217.000,28.613,-13.932,10.000,26.439,,,0.151,30.326,-3.887,-1.955
85,1400,FISTERRA,A CORUÑA,230.000,42.925,-9.291,10.000,20.901,,,0.198,26.257,-5.356,-1.952
86,B301,"LLUCMAJOR, RADAR",BALEARES,113.000,39.380,2.785,10.000,30.879,,,0.117,33.665,-2.786,-1.943
87,1057B,MATXITXAKO,BIZKAIA,93.000,43.454,-2.753,10.000,22.767,,,0.239,29.348,-6.581,-1.931
88,B158X,"CALVIÀ, ES CAPDELLÀ",BALEARES,50.000,39.551,2.466,10.000,31.675,,,0.092,33.564,-1.889,-1.914
89,C446G,"SAN CRISTÓBAL DE LA LAGUNA,LLANO DE LOS LOROS",SANTA CRUZ DE TENERIFE,868.000,28.526,-16.280,10.000,23.797,,,0.165,28.003,-4.206,-1.913
90,C428T,ARICO,SANTA CRUZ DE TENERIFE,418.000,28.181,-16.483,10.000,26.328,,,0.115,28.932,-2.604,-1.910
91,C329B,"LA GOMERA, AEROPUERTO",STA. CRUZ DE TENERIFE,219.000,28.032,-17.211,10.000,26.912,,,0.102,29.043,-2.130,-1.887
92,C669B,ARUCAS,LAS PALMAS,86.000,28.142,-15.507,10.000,25.088,,,0.193,30.049,-4.961,-1.882
93,C439J,GÜÍMAR,SANTA CRUZ DE TENERIFE,115.000,28.318,-16.382,10.000,27.491,,,0.099,29.507,-2.016,-1.881
94,5996B,BARBATE,CADIZ,4.000,36.185,-5.909,10.000,28.973,,,0.106,31.201,-2.228,-1.881
95,C248E,ANTIGUA,LAS PALMAS,252.000,28.417,-14.019,10.000,27.209,,,0.134,30.302,-3.093,-1.878
96,B986,FORMENTERA,BALEARES,24.000,38.694,1.464,10.000,31.158,,,0.112,33.518,-2.360,-1.863
97,7031X,SAN JAVIER AEROPUERTO,MURCIA,4.000,37.778,-0.806,10.000,30.517,,,0.113,32.894,-2.377,-1.859
98,5973,CÁDIZ,CADIZ,2.000,36.500,-6.258,10.000,27.714,,,0.142,30.906,-3.192,-1.832
99,C129V,FUENCALIENTE,STA. CRUZ DE TENERIFE,19.000,28.455,-17.841,10.000,26.527,,,0.118,28.953,-2.426,-1.829
100,C316I,ARURE,STA. CRUZ DE TENERIFE,916.000,28.128,-17.315,9.000,26.051,,,0.092,27.599,-1.548,-1.812
101,1363X,AS PONTES,A CORUÑA,343.000,43.446,-7.861,10.000,24.190,,,0.117,26.480,-2.290,-1.799
102,0244X,VILASSAR DE DALT,BARCELONA,56.000,41.505,2.363,10.000,29.737,,,0.137,32.655,-2.918,-1.795
103,1154H,"TORRELAVEGA, SIERRAPANDO",CANTABRIA,110.000,43.359,-4.027,10.000,23.662,,,0.208,28.761,-5.099,-1.783
104,C029O,LANZAROTE AEROPUERTO,LAS PALMAS,14.000,28.952,-13.600,10.000,29.368,,,0.090,30.728,-1.360,-1.775
105,C406G,"LA OROTAVA, CAÑADAS TEIDE",SANTA CRUZ DE TENERIFE,2150.000,28.224,-16.626,10.000,25.796,,,0.038,25.485,0.311,-1.770
106,B569X,CAPDEPERA,BALEARES,57.000,39.717,3.478,10.000,29.690,,,0.184,33.951,-4.261,-1.763
107,C329Z,SAN SEBASTIÁN DE LA GOMERA,STA. CRUZ DE TENERIFE,15.000,28.090,-17.111,10.000,27.447,,,0.112,29.460,-2.013,-1.762
108,1208H,"GIJÓN, PUERTO",ASTURIAS,5.000,43.560,-5.701,10.000,22.865,,,0.218,28.096,-5.230,-1.734
109,1014,"HONDARRIBIA, MALKARROA",GIPUZKOA,4.000,43.357,-1.792,10.000,25.389,,,0.199,30.012,-4.622,-1.728
110,C430E,IZAÑA,SANTA CRUZ DE TENERIFE,2369.000,28.308,-16.500,10.000,22.128,,,0.146,25.082,-2.955,-1.727
111,C649I,GRAN CANARIA AEROPUERTO,LAS PALMAS,24.000,27.918,-15.395,10.000,27.496,,,0.143,30.319,-2.823,-1.719
112,1109X,SANTANDER AEROPUERTO,CANTABRIA,3.000,43.429,-3.831,10.000,24.561,,,0.196,29.030,-4.469,-1.706
113,0281Y,BLANES,GIRONA,45.000,41.677,2.805,10.000,29.770,,,0.152,32.809,-3.038,-1.695
114,0385X,L'ESTARTIT,GIRONA,1.000,42.054,3.201,10.000,27.697,,,0.223,32.916,-5.219,-1.681
115,B860X,CIUTADELLA,BALEARES,20.000,39.993,3.854,10.000,30.900,,,0.159,34.078,-3.178,-1.674
116,1740,"SANTILLANA DEL MAR, ALTAMIRA",CANTABRIA,150.000,43.377,-4.124,10.000,22.866,,,0.242,28.630,-5.764,-1.670
117,9677,PORT AINÉ,LLEIDA,2410.000,42.410,1.215,7.000,15.709,,,0.422,27.158,-11.449,-1.669
118,C018J,TÍAS,LAS PALMAS,376.000,28.970,-13.690,10.000,25.743,,,0.194,29.976,-4.232,-1.658
119,1012P,IRUN,GIPUZKOA,120.000,43.326,-1.797,10.000,24.750,,,0.220,29.798,-5.048,-1.655
120,9115X,VALDEZCARAY,LA RIOJA,1630.000,42.255,-2.968,10.000,20.342,,,0.268,26.785,-6.443,-1.622
121,6083X,MARBELLA,MALAGA,2.000,36.483,-4.740,10.000,27.166,,,0.207,31.622,-4.455,-1.609
122,C117A,PUNTAGORDA,STA. CRUZ DE TENERIFE,684.000,28.761,-17.986,10.000,25.252,,,0.136,27.462,-2.210,-1.606
123,B362X,"CAMPOS, CAN SION",BALEARES,40.000,39.406,3.064,10.000,32.045,,,0.127,33.925,-1.880,-1.591
124,9632X,TUIXENT,LLEIDA,1196.000,42.230,1.569,10.000,26.614,,,0.168,29.758,-3.143,-1.579
125,0034X,VALLS,TARRAGONA,233.000,41.293,1.261,10.000,31.424,,,0.083,31.889,-0.466,-1.578
126,C429I,TENERIFE SUR AEROPUERTO,SANTA CRUZ DE TENERIFE,64.000,28.047,-16.561,10.000,28.557,,,0.104,29.640,-1.083,-1.568
127,9689X,TORRE DE CABDELLA,LLEIDA,1273.000,42.466,0.991,10.000,25.365,,,0.193,29.236,-3.870,-1.566
128,B691Y,SA POBLA,BALEARES,32.000,39.749,3.017,10.000,32.387,,,0.114,33.770,-1.382,-1.564
129,C449C,STA.CRUZ DE TENERIFE,SANTA CRUZ DE TENERIFE,36.000,28.463,-16.255,10.000,28.807,,,0.097,29.657,-0.850,-1.563
130,1221D,PAJARES-VALGRANDE,ASTURIAS,1480.000,42.979,-5.776,10.000,18.396,,,0.296,25.450,-7.054,-1.550
131,1387,A CORUÑA,A CORUÑA,57.000,43.366,-8.421,10.000,22.644,,,0.204,26.808,-4.164,-1.548
132,6076X,"MARBELLA, PUERTO",MALAGA,2.000,36.484,-4.953,10.000,26.764,,,0.223,31.522,-4.758,-1.545
133,1176A,TRESVISO,CANTABRIA,940.000,43.256,-4.668,10.000,20.695,,,0.270,26.895,-6.201,-1.538
134,C668V,AGAETE - SUERTE ALTA,LAS PALMAS,352.000,28.094,-15.675,9.000,26.221,,,0.176,29.475,-3.254,-1.537
135,1167G,"MIRADOR DEL CABLE, PARQUE NACIONAL PICOS DE EUROPA",CANTABRIA,1910.000,43.155,-4.803,7.000,17.347,,,0.316,24.994,-7.646,-1.533
136,C449F,ANAGA,SANTA CRUZ DE TENERIFE,19.000,28.508,-16.196,10.000,28.034,,,0.127,29.698,-1.664,-1.530
137,2870,SALAMANCA,SALAMANCA,775.000,40.958,-5.662,10.000,30.568,,,-0.015,27.749,2.819,-1.527
138,9585,LA MOLINA,GIRONA,1699.000,42.333,1.939,10.000,22.515,,,0.279,28.910,-6.396,-1.512
139,9228T,RONCESVALLES/ORREAGA,NAVARRA,947.000,43.008,-1.326,10.000,22.455,,,0.271,28.551,-6.096,-1.495
140,B691,LA PUEBLA (SA CANOVA),BALEARES,40.000,39.748,3.015,9.000,33.244,,,0.094,33.754,-0.510,-1.494
141,1056K,FORUA,BIZKAIA,45.000,43.343,-2.671,10.000,25.544,,,0.205,29.528,-3.984,-1.485
142,1033X,ARESO,NAVARRA,520.000,43.085,-1.951,10.000,24.490,,,0.224,29.054,-4.564,-1.482
143,0411X,CASTELLÓ D'EMPÚRIES,GIRONA,2.000,42.225,3.093,10.000,29.915,,,0.171,32.789,-2.875,-1.476
144,1096X,"BARCENA DE CICERO, TRETO",CANTABRIA,10.000,43.397,-3.470,10.000,23.699,,,0.254,29.199,-5.500,-1.476
145,C639U,"SAN BARTOLOME TIRAJANA, EL MATORRAL",LAS PALMAS,41.000,27.812,-15.453,10.000,29.079,,,0.119,30.304,-1.226,-1.470
146,0260X,FOGARS DE MONTCLÚS,BARCELONA,936.000,41.760,2.431,10.000,26.664,,,0.214,30.869,-4.205,-1.468
147,1390X,"CARBALLO, DEPURADORA",A CORUÑA,98.000,43.204,-8.711,10.000,23.312,,,0.188,26.664,-3.352,-1.457
148,C612F,"TEJEDA, CRUZ DE TEJEDA",LAS PALMAS,1514.000,28.007,-15.599,10.000,24.668,,,0.166,27.293,-2.625,-1.447
149,C419X,ADEJE,SANTA CRUZ DE TENERIFE,130.000,28.081,-16.711,10.000,27.901,,,0.132,29.428,-1.526,-1.441
150,B496X,SON SERVERA,BALEARES,25.000,39.630,3.384,10.000,29.842,,,0.216,34.006,-4.164,-1.437
151,1542,PUERTO DE LEITARIEGOS,ASTURIAS,1530.000,42.994,-6.414,10.000,20.112,,,0.241,25.048,-4.936,-1.434
152,C117Z,TIJARAFE,STA. CRUZ DE TENERIFE,733.000,28.675,-17.937,10.000,25.555,,,0.144,27.427,-1.872,-1.428
153,7019X,CARTAGENA/SALINAS CABO PALOS,MURCIA,2.000,37.636,-0.716,5.000,29.919,,,0.183,33.002,-3.082,-1.428
154,1124E,VILLACARRIEDO,CANTABRIA,196.000,43.246,-3.849,10.000,23.913,,,0.238,28.726,-4.813,-1.427
155,0201X,"BARCELONA, DRASSANES",BARCELONA,11.000,41.375,2.174,10.000,29.314,,,0.194,32.711,-3.397,-1.419
156,B780X,PORT DE POLLENÇA,BALEARES,2.000,39.909,3.100,10.000,31.173,,,0.170,33.797,-2.625,-1.417
157,B228,"PALMA, PUERTO",BALEARES,3.000,39.554,2.625,10.000,30.598,,,0.186,33.728,-3.130,-1.411
158,5906X,CHIPIONA,CADIZ,10.000,36.750,-6.401,10.000,28.816,,,0.149,30.715,-1.899,-1.394
159,5000C,CEUTA,CEUTA,87.000,35.889,-5.347,9.000,28.215,,,0.191,31.431,-3.216,-1.394
160,8050X,JÁVEA/ XÀBIA,ALICANTE,15.000,38.784,0.167,10.000,31.463,,,0.135,32.890,-1.427,-1.386
161,0421E,ESPOLLA 'LES ALBERES',GIRONA,100.000,42.390,3.006,9.000,30.848,,,0.142,32.487,-1.639,-1.378
162,8520X,LA POBLA DE BENIFASSÀ-FREDES,CASTELLON,1165.000,40.694,0.165,10.000,24.475,,,0.261,29.829,-5.354,-1.375
163,9990X,"NAUT ARAN, ARTIES",LLEIDA,1161.000,42.700,0.877,10.000,27.056,,,0.163,29.298,-2.242,-1.366
164,B870C,"CIUTADELLA, CALA GALDANA",BALEARES,43.000,39.945,3.957,10.000,30.613,,,0.203,34.103,-3.489,-1.360
165,0201D,"BARCELONA, PORT OLÍMPIC",BARCELONA,26.000,41.391,2.200,10.000,27.750,,,0.250,32.687,-4.938,-1.353
166,6329X,CABO DE GATA,ALMERIA,42.000,36.722,-2.193,10.000,28.599,,,0.223,32.630,-4.031,-1.339
167,C917E,"EL PINAR, LA DEHESA",STA. CRUZ DE TENERIFE,713.000,27.725,-18.115,10.000,26.796,,,0.127,27.795,-0.999,-1.333
168,0341,TONA (ESCOLA),BARCELONA,607.000,41.847,2.223,10.000,28.813,,,0.177,31.372,-2.560,-1.329
169,0042Y,TARRAGONA,TARRAGONA,55.000,41.124,1.249,10.000,29.433,,,0.188,32.303,-2.870,-1.322
170,6000A,MELILLA,MELILLA,52.000,35.276,-2.956,10.000,29.111,,,0.216,32.882,-3.771,-1.322
171,B825B,ES MERCADAL,BALEARES,80.000,39.991,4.086,10.000,30.178,,,0.220,34.072,-3.893,-1.322
172,6175X,RINCÓN DE LA VICTORIA,MALAGA,7.000,36.715,-4.286,10.000,31.770,,,0.095,31.723,0.046,-1.320
173,1354C,FERROL,A CORUÑA,4.000,43.476,-8.262,9.000,23.732,,,0.199,26.937,-3.205,-1.318
174,1342X,RIBADEO,LUGO,43.000,43.541,-7.083,10.000,22.298,,,0.261,27.385,-5.087,-1.296
175,6293X,ROQUETAS DE MAR,ALMERIA,3.000,36.687,-2.702,10.000,28.345,,,0.234,32.484,-4.138,-1.268
176,B236C,"PALMA, UNIVERSITAT",BALEARES,95.000,39.642,2.644,10.000,32.836,,,0.125,33.520,-0.684,-1.265
177,5192,VILLARRODRIGO,JAEN,862.000,38.489,-2.638,9.000,33.242,,,0.002,30.064,3.178,-1.261
178,C916Q,"EL PINAR, DEPÓSITO",STA. CRUZ DE TENERIFE,948.000,27.719,-17.978,10.000,26.591,,,0.130,27.405,-0.814,-1.249
179,0284X,CASTELL D'ARO,GIRONA,14.000,41.808,3.031,10.000,28.622,,,0.242,32.918,-4.296,-1.240
180,B760X,POLLENÇA,BALEARES,45.000,39.877,3.024,10.000,32.067,,,0.157,33.693,-1.626,-1.239
181,C639M,"MASPALOMAS, C. INSULAR TURISMO",LAS PALMAS,45.000,27.758,-15.576,10.000,28.681,,,0.156,30.263,-1.582,-1.238
182,B605X,"MURO, S'ALBUFERA",BALEARES,2.000,39.797,3.105,10.000,30.484,,,0.214,33.848,-3.365,-1.225
183,3130C,SIGÜENZA,GUADALAJARA,1005.000,41.086,-2.618,10.000,29.509,,,0.081,28.669,0.840,-1.224
184,9001S,ALTO CAMPOO,CANTABRIA,1650.000,43.037,-4.374,10.000,19.024,,,0.321,25.750,-6.726,-1.221
185,0073X,SITGES,BARCELONA,58.000,41.244,1.853,10.000,28.839,,,0.225,32.527,-3.687,-1.221
186,8416Y,"VALÈNCIA, VIVEROS",VALENCIA,13.000,39.481,-0.366,9.000,29.916,,,0.187,32.343,-2.427,-1.205
187,1021X,"ERRENTERIA, AÑARBE",GIPUZKOA,165.000,43.214,-1.879,10.000,25.868,,,0.233,29.721,-3.853,-1.197
188,B656A,SANTA MARÍA DEL CAMÍ,BALEARES,121.000,39.652,2.800,10.000,32.692,,,0.140,33.538,-0.846,-1.174
189,1069Y,"ABADIÑO, URKIOLA",BIZKAIA,747.000,43.099,-2.644,10.000,22.480,,,0.298,28.284,-5.803,-1.168
190,1010X,BERA,NAVARRA,54.000,43.279,-1.676,10.000,26.186,,,0.236,30.003,-3.817,-1.153
191,1207U,"GIJÓN, CAMPUS",ASTURIAS,26.000,43.523,-5.621,10.000,23.670,,,0.257,28.108,-4.439,-1.145
192,2882D,PEÑAUSENDE,ZAMORA,1003.000,41.239,-5.897,10.000,28.667,,,0.066,27.074,1.593,-1.138
193,0252D,ARENYS DE MAR,BARCELONA,74.000,41.587,2.540,10.000,30.173,,,0.198,32.668,-2.495,-1.117
194,1082,BILBAO AEROPUERTO,BIZKAIA,42.000,43.298,-2.906,10.000,26.178,,,0.223,29.443,-3.265,-1.114
195,1083L,CASTRO URDIALES,CANTABRIA,45.000,43.395,-3.234,10.000,23.627,,,0.299,29.242,-5.615,-1.107
196,9784P,BIELSA,HUESCA,992.000,42.630,0.225,10.000,28.676,,,0.142,29.352,-0.676,-1.107
197,0158X,MONISTROL DE MONTSERRAT,BARCELONA,738.000,41.594,1.839,10.000,26.643,,,0.261,31.049,-4.406,-1.100
198,9563X,CASTELLFORT,CASTELLON,1220.000,40.499,-0.187,10.000,25.289,,,0.261,29.642,-4.353,-1.087
199,0312X,SANT PAU DE SEGÚRIES,GIRONA,851.000,42.258,2.364,10.000,26.923,,,0.246,30.787,-3.864,-1.083
200,9590D,CAP DE REC,LLEIDA,1940.000,42.430,1.667,9.000,20.337,,,0.376,28.273,-7.936,-1.069
201,7012C,CARTAGENA,MURCIA,17.000,37.601,-0.988,10.000,29.895,,,0.219,32.860,-2.965,-1.065
202,9027X,SARGENTES DE LA LORA,BURGOS,1017.000,42.747,-3.884,6.000,25.342,,,0.188,27.333,-1.991,-1.064
203,B410B,SANTANYÍ,BALEARES,45.000,39.340,3.146,10.000,29.866,,,0.257,33.982,-4.116,-1.056
204,1089U,RAMALES DE LA VICTORIA,CANTABRIA,80.000,43.256,-3.471,10.000,26.352,,,0.214,29.124,-2.772,-1.056
205,8500A,CASTELLÓ - ALMASSORA,CASTELLON,43.000,39.957,-0.072,10.000,30.807,,,0.171,32.215,-1.408,-1.051
206,6056X,SAN ROQUE,CADIZ,1.000,36.273,-5.284,10.000,29.049,,,0.203,31.461,-2.412,-1.046
207,C648N,"TELDE, CENTRO FORESTAL DORAMAS",LAS PALMAS,344.000,27.988,-15.458,10.000,27.558,,,0.193,29.638,-2.080,-1.045
208,9839V,"CERLER, COGULLA",HUESCA,2374.000,42.555,0.543,7.000,16.380,,,0.462,26.851,-10.472,-1.023
209,6272X,CASTELL DE FERRO,GRANADA,235.000,36.734,-3.380,10.000,29.923,,,0.187,31.696,-1.773,-1.007
210,1038X,AZPEITIA,GIPUZKOA,180.000,43.172,-2.267,10.000,25.639,,,0.255,29.528,-3.890,-1.006
211,9562X,MORELLA,CASTELLON,990.000,40.622,-0.102,10.000,27.377,,,0.217,30.075,-2.698,-1.002
212,6156X,"MÁLAGA, CENTRO METEOROLÓGICO",MALAGA,54.000,36.718,-4.482,10.000,31.684,,,0.128,31.540,0.144,-0.996
213,1074C,AMOREBIETA-ETXANO,BIZKAIA,100.000,43.203,-2.706,10.000,25.628,,,0.254,29.465,-3.838,-0.996
214,2235U,CERVERA DE PISUERGA,PALENCIA,1140.000,42.871,-4.520,10.000,26.677,,,0.135,26.744,-0.067,-0.990
215,7031,SAN JAVIER AEROPUERTO,MURCIA,4.000,37.789,-0.803,10.000,29.643,,,0.236,32.890,-3.247,-0.989
216,0363X,SANT HILARI,GIRONA,810.000,41.881,2.513,10.000,27.642,,,0.243,31.100,-3.457,-0.988
217,1719,A CAÑIZA,PONTEVEDRA,560.000,42.218,-8.281,10.000,25.115,,,0.174,26.396,-1.281,-0.987
218,C319W,"VALLEHERMOSO, DAMA",STA. CRUZ DE TENERIFE,190.000,28.054,-17.306,10.000,28.499,,,0.151,29.045,-0.546,-0.987
219,0413A,MAÇANET DE CABRENYS,GIRONA,355.000,42.387,2.756,10.000,30.227,,,0.186,31.876,-1.649,-0.986
220,5972X,SAN FERNANDO,CADIZ,28.000,36.466,-6.206,10.000,28.723,,,0.203,30.894,-2.171,-0.984
221,1041A,ZUMAIA,GIPUZKOA,28.000,43.302,-2.251,10.000,25.396,,,0.273,29.774,-4.378,-0.979
222,1518A,LUGO,LUGO,442.000,42.998,-7.553,10.000,26.255,,,0.146,26.626,-0.371,-0.978
223,B087X,BANYALBUFAR,ILLES BALEARS,60.000,39.689,2.513,10.000,29.204,,,0.271,33.506,-4.302,-0.975
224,1152C,SAN FELICES DE BUELNA,CANTABRIA,105.000,43.272,-4.049,10.000,24.995,,,0.256,28.798,-3.803,-0.971
225,C648C,AGÜIMES,LAS PALMAS,306.000,27.902,-15.454,10.000,30.187,,,0.122,29.751,0.436,-0.966
226,0120X,MOIÀ,BARCELONA,742.000,41.813,2.095,10.000,28.086,,,0.231,31.065,-2.980,-0.955
227,1044X,"ARAMAIO, ETXAGUEN",ARABA/ALAVA,617.000,43.058,-2.590,10.000,23.779,,,0.289,28.579,-4.800,-0.955
228,0294B,LA BISBAL (D'EMPORDA 3),GIRONA,51.000,41.968,3.042,10.000,31.146,,,0.189,32.782,-1.636,-0.951
229,6172X,MÁLAGA,MALAGA,25.000,36.717,-4.420,9.000,29.211,,,0.215,31.625,-2.415,-0.938
230,B603X,ARTÀ-COLÒNIA DE SANT PERE,BALEARES,99.000,39.723,3.279,10.000,31.229,,,0.221,33.773,-2.545,-0.929
231,0320I,PLANOLES,GIRONA,1151.000,42.317,2.103,10.000,26.364,,,0.258,30.057,-3.692,-0.919
232,8036Y,BENIDORM,ALICANTE,36.000,38.544,-0.138,9.000,31.490,,,0.183,32.812,-1.321,-0.917
233,1327A,"VILLAYÓN, ONETA",ASTURIAS,410.000,43.466,-6.673,10.000,21.478,,,0.315,26.896,-5.419,-0.904
234,0321,CAMPDEVANOL,GIRONA,731.000,42.223,2.167,9.000,29.468,,,0.190,30.943,-1.474,-0.900
235,5910,"ROTA, BASE NAVAL",CADIZ,21.000,36.639,-6.332,10.000,30.266,,,0.160,30.773,-0.507,-0.892
236,0092X,BERGA,BARCELONA,682.000,42.101,1.858,10.000,29.561,,,0.189,30.946,-1.385,-0.879
237,1428,SANTIAGO DE COMPOSTELA AEROPUERTO,A CORUÑA,370.000,42.888,-8.411,10.000,24.501,,,0.206,26.413,-1.912,-0.875
238,8416,VALÈNCIA,VALENCIA,13.000,39.481,-0.366,10.000,30.101,,,0.218,32.343,-2.242,-0.863
239,1249X,OVIEDO,ASTURIAS,334.000,43.353,-5.874,10.000,23.432,,,0.275,27.466,-4.034,-0.862
240,B341X,PORRERES,BALEARES,149.000,39.506,3.006,5.000,33.865,,,0.144,33.643,0.222,-0.828
241,3266A,PUERTO ALTO DEL LEÓN,MADRID,1530.000,40.706,-4.141,10.000,25.367,,,0.207,27.103,-1.736,-0.822
242,2150H,"LA PINILLA, ESTACIÓN DE ESQUÍ",SEGOVIA,1798.000,41.192,-3.475,9.000,22.945,,,0.272,26.683,-3.738,-0.809
243,4554X,CARTAYA,HUELVA,15.000,37.218,-7.084,10.000,29.800,,,0.166,30.183,-0.382,-0.803
244,9198X,CANFRANC - ESTACION,HUESCA,1197.000,42.749,-0.516,10.000,25.776,,,0.243,28.556,-2.780,-0.790
245,8486X,MOSQUERUELA,TERUEL,1515.000,40.363,-0.454,10.000,25.268,,,0.275,29.004,-3.736,-0.781
246,8058X,OLIVA,VALENCIA,1.000,38.904,-0.065,7.000,29.326,,,0.266,32.757,-3.431,-0.768
247,1199X,"PILOÑA, BARGAÉU",ASTURIAS,280.000,43.378,-5.397,10.000,23.961,,,0.279,27.783,-3.823,-0.766
248,8439X,SEGORBE,CASTELLON,400.000,39.796,-0.485,10.000,30.284,,,0.194,31.399,-1.116,-0.762
249,6213X,NERJA,MALAGA,169.000,36.763,-3.845,10.000,29.445,,,0.226,31.594,-2.150,-0.761
250,1730E,O ROSAL,PONTEVEDRA,55.000,41.944,-8.848,10.000,26.882,,,0.170,27.230,-0.348,-0.756
251,7002Y,ÁGUILAS,MURCIA,32.000,37.417,-1.587,10.000,30.564,,,0.225,32.631,-2.067,-0.752
252,1399,VIMIANZO,A CORUÑA,287.000,43.057,-9.047,10.000,22.727,,,0.270,26.203,-3.476,-0.749
253,7012D,"CARTAGENA, TENTEGORRA",MURCIA,56.000,37.604,-1.023,10.000,30.540,,,0.230,32.767,-2.227,-0.748
254,1064L,"OROZKO, IBARRA",BIZKAIA,270.000,43.096,-2.860,10.000,26.512,,,0.242,29.110,-2.597,-0.745
255,8058Y,MIRAMAR,VALENCIA,12.000,38.950,-0.138,10.000,31.016,,,0.214,32.682,-1.665,-0.738
256,0429X,FIGUERES,GIRONA,45.000,42.259,2.960,10.000,31.144,,,0.209,32.629,-1.485,-0.731
257,1049N,ELGETA,GIPUZKOA,470.000,43.138,-2.496,10.000,24.245,,,0.309,28.873,-4.628,-0.725
258,B925,SANT ANTONI DE PORTMANY,BALEARES,32.000,38.963,1.321,9.000,32.224,,,0.197,33.319,-1.095,-0.721
259,1410X,SOBRADO,A CORUÑA,500.000,43.038,-8.022,10.000,24.584,,,0.217,26.277,-1.693,-0.713
260,6307X,LÁUJAR DE ANDARAX,ALMERIA,1510.000,37.033,-2.913,10.000,28.401,,,0.192,29.310,-0.909,-0.712
261,5995B,VEJER DE LA FRONTERA,CADIZ,183.000,36.245,-5.965,10.000,29.756,,,0.198,30.801,-1.046,-0.704
262,7127X,BULLAS,MURCIA,690.000,38.049,-1.695,10.000,32.323,,,0.123,31.029,1.293,-0.703
263,9060X,LALASTRA,ARABA/ALAVA,910.000,42.875,-3.232,10.000,25.323,,,0.243,27.790,-2.467,-0.698
264,0370E,GIRONA,GIRONA,76.000,41.972,2.819,10.000,32.449,,,0.171,32.627,-0.178,-0.697
265,0222X,CALDES DE MONTBUI,BARCELONA,175.000,41.613,2.168,10.000,31.325,,,0.196,32.287,-0.962,-0.694
266,0016A,REUS AEROPUERTO,TARRAGONA,71.000,41.145,1.164,10.000,30.972,,,0.205,32.223,-1.250,-0.692
267,9012E,SANTA GADEA DE ALFOZ,BURGOS,915.000,42.951,-3.957,10.000,23.043,,,0.305,27.408,-4.365,-0.688
268,3298X,SAN PABLO DE LOS MONTES,TOLEDO,917.000,39.547,-4.351,9.000,31.128,,,0.090,28.698,2.430,-0.678
269,B614E,MANACOR,BALEARES,100.000,39.557,3.218,10.000,31.517,,,0.241,33.815,-2.299,-0.676
270,1159,SAN VICENTE DE LA BARQUERA,CANTABRIA,38.000,43.393,-4.392,10.000,22.925,,,0.352,28.715,-5.790,-0.670
271,8019,ALICANTE-ELCHE AEROPUERTO,ALICANTE,43.000,38.283,-0.571,10.000,31.272,,,0.214,32.709,-1.437,-0.667
272,9744B,VALL DE BOÍ,LLEIDA,1089.000,42.503,0.799,10.000,27.873,,,0.220,29.487,-1.614,-0.666
273,8446Y,SAGUNT/SAGUNTO,VALENCIA,24.000,39.701,-0.259,10.000,31.244,,,0.202,32.276,-1.032,-0.659
274,0360X,LES PLANES D'HOSTOLES,GIRONA,337.000,42.053,2.551,10.000,30.583,,,0.213,31.961,-1.377,-0.657
275,9657X,ESTERRI D'ÀNEU,LLEIDA,952.000,42.625,1.126,10.000,28.667,,,0.207,29.853,-1.186,-0.655
276,8489X,VILLAFRANCA DEL CID/VILAFRANCA,CASTELLON,1130.000,40.433,-0.256,10.000,27.113,,,0.257,29.813,-2.700,-0.642
277,6325O,ALMERÍA AEROPUERTO,ALMERIA,21.000,36.846,-2.357,10.000,30.941,,,0.223,32.541,-1.599,-0.633
278,6302A,ABLA,ALMERIA,869.000,37.141,-2.780,9.000,32.059,,,0.126,30.569,1.490,-0.620
279,1496X,VIGO,PONTEVEDRA,120.000,42.231,-8.724,10.000,25.270,,,0.230,27.037,-1.767,-0.615
280,1048X,ARETXABALETA,GIPUZKOA,308.000,43.025,-2.466,10.000,25.803,,,0.284,29.251,-3.448,-0.613
281,1025X,"BEASAIN, ARRIARAN",GIPUZKOA,255.000,43.055,-2.232,10.000,26.527,,,0.268,29.450,-2.924,-0.609
282,0394X,LA VALL DE BIANYA,GIRONA,350.000,42.211,2.472,10.000,31.029,,,0.201,31.830,-0.801,-0.605
283,4089A,ALBERCA DE ZANCARA,CUENCA,858.000,39.517,-2.496,10.000,33.583,,,0.052,29.692,3.891,-0.600
284,8325X,POLINYÀ DE XÚQUER,VALENCIA,11.000,39.184,-0.371,10.000,30.428,,,0.243,32.473,-2.046,-0.577
285,9994X,BOSSÒST,LLEIDA,722.000,42.776,0.690,10.000,25.858,,,0.311,30.030,-4.172,-0.576
286,0016B,REUS (CENTRE LECTURA),TARRAGONA,118.000,41.154,1.109,10.000,30.483,,,0.231,32.102,-1.619,-0.569
287,B684A,"ESCORCA, SON TORRELLA",ILLES BALEARS,842.000,39.793,2.788,10.000,28.070,,,0.307,32.072,-4.001,-0.565
288,7026X,TORRE-PACHECO,MURCIA,50.000,37.739,-0.968,10.000,32.209,,,0.197,32.746,-0.537,-0.559
289,1475X,SANTIAGO DE COMPOSTELA,A CORUÑA,240.000,42.876,-8.556,10.000,25.352,,,0.221,26.603,-1.250,-0.553
290,C129Z,TAZACORTE,SANTA CRUZ DE TENERIFE,62.000,28.596,-17.915,9.000,28.498,,,0.191,28.773,-0.275,-0.545
291,B957,EIVISSA,BALEARES,3.000,38.922,1.441,10.000,30.851,,,0.265,33.449,-2.598,-0.544
292,5911A,GRAZALEMA,CADIZ,913.000,36.761,-5.374,10.000,29.480,,,0.181,29.437,0.043,-0.541
293,9995Y,VALCARLOS/LUZAIDE,NAVARRA,334.000,43.091,-1.301,10.000,25.023,,,0.332,29.716,-4.694,-0.534
294,B800X,"LA MOLA, MAÓ",ILLES BALEARS,78.000,39.876,4.324,10.000,29.250,,,0.342,34.236,-4.986,-0.533
295,9838B,BENASQUE,HUESCA,1120.000,42.599,0.521,10.000,27.988,,,0.224,29.255,-1.267,-0.525
296,3040Y,BETETA,CUENCA,1214.000,40.572,-2.076,10.000,28.431,,,0.194,28.739,-0.308,-0.524
297,1050J,ELGOIBAR,GIPUZKOA,119.000,43.209,-2.413,10.000,24.534,,,0.346,29.562,-5.028,-0.503
298,2462,PUERTO DE NAVACERRADA,MADRID,1892.000,40.793,-4.011,10.000,23.081,,,0.295,26.424,-3.343,-0.478
299,1495,VIGO AEROPUERTO,PONTEVEDRA,255.000,42.239,-8.624,10.000,25.718,,,0.226,26.818,-1.100,-0.458
300,0061X,PONTONS,BARCELONA,632.000,41.417,1.519,10.000,28.760,,,0.269,31.182,-2.422,-0.451
301,6367B,HUÉRCAL-OVERA,ALMERIA,300.000,37.391,-1.944,9.000,32.109,,,0.188,31.956,0.153,-0.448
302,B275E,"SON BONET, AEROPUERTO",BALEARES,47.000,39.606,2.707,6.000,32.282,,,0.237,33.658,-1.376,-0.445
303,1406X,MAZARICOS,A CORUÑA,340.000,42.935,-8.994,10.000,23.218,,,0.288,26.178,-2.961,-0.438
304,9698U,TALARN,LLEIDA,807.000,42.205,0.865,10.000,30.752,,,0.176,30.195,0.557,-0.435
305,2117D,ARANDA DE DUERO,BURGOS,790.000,41.666,-3.743,10.000,30.819,,,0.114,28.309,2.510,-0.435
306,9257X,"ESTERIBAR, EMBALSE DE EUGI",NAVARRA,615.000,42.971,-1.517,10.000,26.072,,,0.291,29.122,-3.051,-0.431
307,2630X,PUERTO DE SAN ISIDRO,LEON,1510.000,43.062,-5.377,10.000,19.427,,,0.389,25.542,-6.115,-0.429
308,6201X,ALGARROBO,MALAGA,35.000,36.756,-4.044,10.000,29.773,,,0.259,31.765,-1.992,-0.416
309,1387E,A CORUÑA AEROPUERTO,A CORUÑA,98.000,43.307,-8.372,10.000,23.712,,,0.295,26.777,-3.065,-0.400
310,C635B,"SAN BARTOLOME TIRAJANA, LAS TIRAJANAS",LAS PALMAS,960.000,27.920,-15.574,10.000,31.226,,,0.109,28.418,2.809,-0.396
311,8503Y,TORREBLANCA,CASTELLON,35.000,40.211,0.184,10.000,29.704,,,0.280,32.240,-2.536,-0.381
312,1037X,LEGAZPI,GIPUZKOA,460.000,43.052,-2.337,10.000,24.966,,,0.328,29.005,-4.038,-0.379
313,9321X,EJEA DE LOS CABALLEROS,ZARAGOZA,321.000,42.121,-1.140,8.000,32.024,,,0.145,30.238,1.786,-0.368
314,1477V,VILAGARCÍA DE AROUSA,PONTEVEDRA,32.000,42.585,-8.775,10.000,26.072,,,0.232,27.031,-0.958,-0.367
315,1078C,BALMASEDA,BIZKAIA,210.000,43.181,-3.210,10.000,26.371,,,0.286,29.026,-2.656,-0.367
316,8309X,UTIEL,VALENCIA,758.000,39.576,-1.245,10.000,32.441,,,0.139,30.445,1.995,-0.359
317,7067Y,NERPIO,ALBACETE,1485.000,38.088,-2.413,10.000,28.411,,,0.227,29.134,-0.723,-0.339
318,6340X,GARRUCHA,ALMERIA,28.000,37.169,-1.829,10.000,28.955,,,0.323,32.634,-3.679,-0.325
319,0158O,MONTSERRAT,BARCELONA,738.000,41.594,1.839,10.000,26.414,,,0.354,31.049,-4.635,-0.321
320,5060X,VÉLEZ BLANCO - TOPARES,ALMERIA,1190.000,37.861,-2.228,10.000,30.239,,,0.196,29.892,0.348,-0.318
321,6069X,BENAHAVÍS,MALAGA,392.000,36.544,-5.025,10.000,30.632,,,0.210,30.706,-0.073,-0.306
322,1025A,SEGURA,GIPUZKOA,255.000,43.016,-2.257,10.000,27.227,,,0.279,29.456,-2.228,-0.304
323,B526X,ARTÀ,BALEARES,110.000,39.689,3.351,10.000,31.158,,,0.293,33.801,-2.643,-0.297
324,6155A,MÁLAGA AEROPUERTO,MALAGA,7.000,36.666,-4.482,10.000,31.520,,,0.215,31.653,-0.133,-0.280
325,1486E,ESCUELA NAVAL DE MARÍN,PONTEVEDRA,20.000,42.395,-8.707,5.000,24.559,,,0.294,27.168,-2.609,-0.278
326,0349,SANT JULIÀ  DE VILATORTA,BARCELONA,578.000,41.926,2.317,9.000,30.339,,,0.246,31.439,-1.100,-0.277
327,9451F,"PANTICOSA, PETROSOS",HUESCA,1850.000,42.704,-0.275,7.000,20.035,,,0.446,27.421,-7.386,-0.275
328,1178Y,"POSADA DE VALDEÓN, SOTO",LEON,953.000,43.145,-4.932,10.000,22.761,,,0.340,26.795,-4.034,-0.274
329,7119B,CARAVACA DE LA CRUZ,MURCIA,643.000,38.103,-1.877,10.000,33.770,,,0.124,31.012,2.758,-0.274
330,8025,ALACANT/ALICANTE,ALICANTE,81.000,38.373,-0.494,10.000,31.197,,,0.257,32.632,-1.434,-0.271
331,C623I,"SAN BARTOLOME TIRAJANA, CUEVAS DEL PINAR",LAS PALMAS,1220.000,27.927,-15.600,10.000,28.325,,,0.199,27.898,0.427,-0.268
332,4095Y,BELMONTE,CUENCA,745.000,39.555,-2.706,10.000,33.274,,,0.102,29.797,3.477,-0.267
333,C625O,"SAN BARTOLOME TIRAJANA, LOMO PEDRO ALFONSO",LAS PALMAS,806.000,27.857,-15.645,10.000,29.637,,,0.184,28.711,0.926,-0.259
334,7007Y,MAZARRÓN,MURCIA,66.000,37.588,-1.231,9.000,32.265,,,0.227,32.658,-0.392,-0.250
335,4549Y,AYAMONTE,HUELVA,3.000,37.195,-7.395,10.000,30.775,,,0.192,30.071,0.705,-0.247
336,1135C,"LOS TOJOS, BÁRCENA MAYOR",CANTABRIA,460.000,43.147,-4.214,10.000,24.204,,,0.339,28.086,-3.883,-0.240
337,1060X,AMURRIO,ARABA/ALAVA,240.000,43.050,-3.006,10.000,26.565,,,0.297,29.120,-2.555,-0.237
338,0421X,ESPOLLA,GIRONA,100.000,42.390,3.006,10.000,31.134,,,0.259,32.487,-1.353,-0.234
339,1179B,CABRALES,ASTURIAS,458.000,43.311,-4.853,10.000,24.242,,,0.327,27.721,-3.479,-0.234
340,9975X,RASQUERA,TARRAGONA,112.000,41.005,0.614,9.000,31.821,,,0.221,31.947,-0.126,-0.229
341,8013X,NOVELDA,ALICANTE,233.000,38.386,-0.758,10.000,33.055,,,0.192,32.208,0.846,-0.211
342,B644B,SINEU,ILLES BALEARS,120.000,39.643,3.002,10.000,32.095,,,0.268,33.638,-1.543,-0.205
343,4070Y,ABIA DE OBISPALIA,CUENCA,1020.000,40.019,-2.395,10.000,31.358,,,0.151,29.207,2.151,-0.199
344,9726E,LLORAC,TARRAGONA,657.000,41.557,1.309,10.000,29.444,,,0.269,30.974,-1.531,-0.198
345,C611E,VEGA DE SAN MATEO,LAS PALMAS,1702.000,27.977,-15.584,10.000,26.045,,,0.249,26.949,-0.904,-0.198
346,2362C,"VELILLA DEL RÍO CARRIÓN, CAMPORREDONDO DE ALBA",PALENCIA,1575.000,42.894,-4.714,10.000,23.741,,,0.285,25.799,-2.058,-0.197
347,1083B,SOPUERTA,BIZKAIA,177.000,43.280,-3.169,10.000,25.927,,,0.320,29.066,-3.139,-0.194
348,9001D,REINOSA,CANTABRIA,870.000,42.992,-4.161,10.000,24.150,,,0.324,27.383,-3.233,-0.185
349,6106X,ANTEQUERA,MALAGA,408.000,37.029,-4.748,10.000,33.193,,,0.139,30.593,2.600,-0.179
350,9436X,FONFRÍA,TERUEL,1255.000,40.995,-1.087,10.000,27.226,,,0.277,28.938,-1.712,-0.177
351,8458X,CEDRILLAS,TERUEL,1380.000,40.431,-0.849,10.000,26.822,,,0.295,29.052,-2.230,-0.161
352,1223P,"LENA, RONZÓN",ASTURIAS,370.000,43.133,-5.823,10.000,24.403,,,0.324,27.516,-3.113,-0.150
353,5412X,PRIEGO DE CÓRDOBA,CORDOBA,550.000,37.485,-4.208,10.000,34.566,,,0.094,30.372,4.194,-0.133
354,8414A,VALENCIA AEROPUERTO,VALENCIA,56.000,39.485,-0.475,10.000,31.636,,,0.245,32.207,-0.571,-0.132
355,0114X,PRATS DE LLUÇANÈS,BARCELONA,700.000,42.007,2.027,10.000,30.533,,,0.243,31.031,-0.498,-0.130
356,6277B,ADRA,ALMERIA,8.000,36.747,-3.021,9.000,28.150,,,0.359,32.299,-4.148,-0.129
357,9019B,"VALDERREDIBLE, POLIENTES",CANTABRIA,720.000,42.806,-3.934,10.000,27.728,,,0.232,27.861,-0.132,-0.126
358,1026X,ORDIZIA,GIPUZKOA,290.000,43.058,-2.184,10.000,25.916,,,0.339,29.403,-3.488,-0.121
359,5950X,SAN JOSÉ DEL VALLE,CADIZ,105.000,36.664,-5.783,10.000,33.374,,,0.149,30.856,2.518,-0.112
360,2930Y,NAVASFRÍAS,SALAMANCA,880.000,40.297,-6.813,10.000,28.421,,,0.195,27.294,1.127,-0.097
361,2828Y,BARCO DE AVILA,AVILA,1012.000,40.355,-5.519,10.000,28.522,,,0.202,27.617,0.905,-0.096
362,6057X,MANILVA,MALAGA,140.000,36.378,-5.260,10.000,30.124,,,0.264,31.157,-1.033,-0.094
363,1297E,CERVANTES,LUGO,1020.000,42.769,-7.018,10.000,24.204,,,0.285,25.854,-1.651,-0.082
364,1489A,A LAMA,PONTEVEDRA,395.000,42.407,-8.451,10.000,25.437,,,0.268,26.554,-1.117,-0.081
365,8376,JABALOYAS,TERUEL,1430.000,40.236,-1.412,10.000,26.474,,,0.306,28.776,-2.303,-0.079
366,1186P,"AMIEVA, PANIZALES",ASTURIAS,370.000,43.267,-5.119,10.000,24.565,,,0.335,27.786,-3.221,-0.077
367,C314Z,"VALLEHERMOSO, ALTO IGUALERO  ",STA. CRUZ DE TENERIFE,1474.000,28.107,-17.249,10.000,24.287,,,0.308,26.557,-2.269,-0.049
368,0149X,MANRESA,BARCELONA,291.000,41.720,1.840,10.000,32.379,,,0.220,31.862,0.517,-0.045
369,0367,GIRONA AEROPUERTO,GIRONA,143.000,41.911,2.763,10.000,32.192,,,0.248,32.497,-0.306,-0.035
370,3319D,PUERTO DEL PICO,AVILA,1285.000,40.340,-5.013,10.000,26.972,,,0.250,27.331,-0.358,-0.032
371,8057C,PEGO,ALICANTE,60.000,38.847,-0.118,10.000,33.016,,,0.227,32.643,0.373,-0.021
372,9946X,HORTA DE SANT JOAN,TARRAGONA,495.000,40.953,0.312,10.000,30.893,,,0.247,31.085,-0.192,-0.008
373,8472A,MONTANEJOS,CASTELLON,601.000,40.088,-0.547,10.000,30.125,,,0.264,30.854,-0.729,-0.007
374,2664B,VALENCIA DE DON JUAN,LEON,788.000,42.296,-5.505,10.000,28.397,,,0.204,27.216,1.181,0.000
375,9453X,"BIESCAS, EMBALSE DE BÚBAL",HUESCA,1100.000,42.699,-0.319,10.000,26.222,,,0.326,28.858,-2.637,0.008
376,9201K,JACA,HUESCA,823.000,42.579,-0.547,6.000,29.379,,,0.242,29.342,0.037,0.012
377,9091O,FORONDA-TXOKIZA,ARABA/ALAVA,513.000,42.882,-2.735,10.000,27.234,,,0.294,28.790,-1.556,0.023
378,6088X,TORREMOLINOS,MALAGA,85.000,36.621,-4.515,10.000,30.292,,,0.283,31.506,-1.214,0.024
379,5983X,MEDINA SIDONIA,CADIZ,70.000,36.406,-5.920,10.000,31.709,,,0.221,30.972,0.737,0.025
380,3013,MOLINA DE ARAGÓN,GUADALAJARA,1062.000,40.842,-1.879,10.000,29.780,,,0.220,29.010,0.771,0.027
381,4091Y,VILLARROBLEDO,ALBACETE,718.000,39.262,-2.593,10.000,35.220,,,0.081,30.029,5.190,0.035
382,3021Y,ZAOREJAS,GUADALAJARA,1250.000,40.758,-2.200,10.000,28.700,,,0.240,28.531,0.169,0.038
383,1561I,VEGA DE ESPINAREDA  ,LEON,770.000,42.766,-6.674,10.000,28.310,,,0.191,26.501,1.809,0.058
384,9590,MARTINET,LLEIDA,1038.000,42.362,1.693,10.000,30.004,,,0.250,30.065,-0.061,0.061
385,1279X,"SALAS, CAMUÑO",ASTURIAS,240.000,43.425,-6.231,10.000,24.471,,,0.344,27.451,-2.979,0.074
386,9381I,CALAMOCHA,TERUEL,884.000,40.926,-1.293,10.000,31.063,,,0.203,29.592,1.471,0.076
387,5858X,ALMONTE,HUELVA,5.000,36.989,-6.443,10.000,32.070,,,0.204,30.601,1.469,0.079
388,1226X,"ALLER, FELECHOSA",ASTURIAS,750.000,43.095,-5.477,10.000,24.259,,,0.336,26.956,-2.697,0.082
389,8293X,XÀTIVA,VALENCIA,88.000,39.002,-0.523,10.000,34.660,,,0.177,32.332,2.328,0.088
390,6291B,EL EJIDO,ALMERIA,98.000,36.775,-2.813,10.000,32.376,,,0.247,32.209,0.167,0.096
391,1658,FOLGOSO DO COUREL,LUGO,612.000,42.589,-7.192,10.000,25.838,,,0.278,26.643,-0.804,0.099
392,2059B,LA RIBA DE ESCALOTE,SORIA,1042.000,41.350,-2.783,10.000,28.914,,,0.237,28.405,0.509,0.102
393,7211B,PUERTO LUMBRERAS,MURCIA,445.000,37.568,-1.797,10.000,33.683,,,0.190,31.666,2.017,0.114
394,4051Y,ALCÁZAR DEL REY,CUENCA,875.000,40.061,-2.807,10.000,32.451,,,0.154,29.278,3.173,0.118
395,0002I,VANDELLÒS,TARRAGONA,32.000,40.958,0.871,5.000,29.676,,,0.336,32.243,-2.566,0.119
396,6258X,LANJARÓN,GRANADA,708.000,36.923,-3.493,10.000,29.801,,,0.282,30.643,-0.843,0.119
397,8059C,ALCOI/ALCOY,ALICANTE,530.000,38.711,-0.460,10.000,32.541,,,0.227,31.630,0.912,0.134
398,B662X,BINISSALEM,BALEARES,105.000,39.678,2.874,10.000,33.141,,,0.271,33.592,-0.452,0.135
399,9294E,"BARDENAS REALES, BASE AÉREA",NAVARRA,295.000,42.199,-1.475,10.000,32.109,,,0.193,30.098,2.012,0.136
400,7195X,"CARAVACA DE LA CRUZ, LOS ROYOS",MURCIA,985.000,37.926,-2.058,10.000,31.023,,,0.236,30.341,0.682,0.142
401,6058I,ESTEPONA,MALAGA,19.000,36.417,-5.155,10.000,30.820,,,0.276,31.424,-0.603,0.142
402,9073X,"AGURAIN/SALVATIERRA, OPAKUA",ARABA/ALAVA,660.000,42.830,-2.360,10.000,26.330,,,0.334,28.702,-2.372,0.152
403,7023X,FUENTE ÁLAMO DE MURCIA,MURCIA,140.000,37.726,-1.167,10.000,32.854,,,0.247,32.483,0.370,0.160
404,4642E,"HUELVA, RONDA ESTE",HUELVA,18.000,37.278,-6.912,10.000,32.407,,,0.190,30.231,2.176,0.160
405,9756X,BENABARRE,HUESCA,765.000,42.113,0.480,10.000,29.563,,,0.278,30.136,-0.574,0.165
406,7080X,MORATALLA,MURCIA,955.000,38.268,-1.986,10.000,30.744,,,0.245,30.284,0.460,0.166
407,3514B,TORNAVACAS,CACERES,991.000,40.259,-5.678,10.000,29.185,,,0.211,27.625,1.560,0.170
408,8084Y,PANTANO DE LA TOBA (AUTOMATICA),CUENCA,1154.000,40.223,-1.926,10.000,30.454,,,0.217,29.078,1.376,0.170
409,1521X,BECERREÁ,LUGO,1080.000,42.864,-7.185,10.000,21.736,,,0.384,25.618,-3.882,0.174
410,2742R,BUSTILLO DEL PÁRAMO,LEON,850.000,42.466,-5.780,10.000,27.772,,,0.233,26.894,0.878,0.175
411,5165X,TORRES,JAEN,910.000,37.781,-3.564,10.000,33.294,,,0.152,29.846,3.448,0.184
412,4386B,LLERENA,BADAJOZ,655.000,38.232,-6.017,10.000,33.799,,,0.110,28.999,4.800,0.190
413,1234P,"MIERES, BAIÑA",ASTURIAS,170.000,43.275,-5.819,10.000,25.181,,,0.347,27.844,-2.663,0.191
414,7172X,MULA,MURCIA,255.000,38.041,-1.449,9.000,33.874,,,0.203,31.992,1.882,0.193
415,9814X,TORLA - ORDESA,HUESCA,1076.000,42.638,-0.112,10.000,31.267,,,0.192,29.028,2.238,0.199
416,0106X,BALSARENY,BARCELONA,361.000,41.866,1.873,10.000,32.277,,,0.246,31.678,0.599,0.208
417,9208E,ARAGÜÉS DEL PUERTO,HUESCA,1025.000,42.709,-0.673,10.000,28.114,,,0.288,28.835,-0.720,0.214
418,2847X,PEDROSILLO DE LOS AIRES   ,SALAMANCA,865.000,40.676,-5.643,10.000,29.680,,,0.203,27.705,1.974,0.224
419,2766E,"SANABRIA, ROBLEDA-CERVANTES",ZAMORA,933.000,42.083,-6.640,10.000,27.184,,,0.245,26.497,0.686,0.230
420,6267X,SALOBREÑA,GRANADA,20.000,36.748,-3.579,10.000,28.894,,,0.367,32.014,-3.120,0.242
421,1466A,SILLEDA,PONTEVEDRA,435.000,42.701,-8.258,10.000,26.788,,,0.258,26.439,0.348,0.250
422,3104Y,RASCAFRÍA,MADRID,1159.000,40.890,-3.888,10.000,29.003,,,0.233,27.862,1.141,0.255
423,1167B,"CAMALEÑO, FUENTE DE",CANTABRIA,1100.000,43.144,-4.813,10.000,23.602,,,0.365,26.566,-2.964,0.263
424,7209,LORCA,MURCIA,312.000,37.656,-1.687,10.000,34.310,,,0.196,31.937,2.373,0.267
425,9287A,SAN PEDRO MANRIQUE,SORIA,1096.000,42.026,-2.231,10.000,26.557,,,0.326,28.265,-1.708,0.270
426,5298X,ANDÚJAR,JAEN,202.000,38.023,-4.063,10.000,37.532,,,0.061,30.881,6.651,0.281
427,5246,SANTA ELENA,JAEN,770.000,38.344,-3.535,10.000,35.557,,,0.092,29.886,5.671,0.282
428,2471Y,SAN RAFAEL,SEGOVIA,1237.000,40.719,-4.212,10.000,27.864,,,0.266,27.633,0.231,0.285
429,9031C,BRIVIESCA,BURGOS,730.000,42.559,-3.309,10.000,27.885,,,0.284,28.240,-0.356,0.287
430,7250C,ABANILLA,MURCIA,174.000,38.194,-1.034,10.000,33.552,,,0.233,32.277,1.276,0.290
431,6364X,ALBOX,ALMERIA,508.000,37.407,-2.151,10.000,34.644,,,0.174,31.448,3.196,0.307
432,9772X,LA POBLA DE CÉRVOLES,LLEIDA,673.000,41.366,0.914,10.000,30.271,,,0.294,30.841,-0.570,0.310
433,B346X,PORRERES,ILLES BALEARS,120.000,39.522,3.019,6.000,32.278,,,0.321,33.699,-1.421,0.315
434,9274X,IRURTZUN,NAVARRA,432.000,42.919,-1.835,10.000,27.986,,,0.320,29.351,-1.365,0.316
435,9091R,VITORIA-GASTEIZ AEROPUERTO,ARABA/ALAVA,513.000,42.872,-2.733,10.000,27.445,,,0.319,28.795,-1.349,0.317
436,2969U,A GUDIÑA,OURENSE,910.000,42.027,-7.183,10.000,27.294,,,0.245,26.312,0.982,0.317
437,0149D,MANRESA (LA CULLA),BARCELONA,291.000,41.720,1.840,10.000,32.323,,,0.263,31.862,0.461,0.327
438,3209Y,BRIHUEGA,GUADALAJARA,835.000,40.765,-2.874,10.000,30.712,,,0.224,29.018,1.694,0.334
439,2914C,BOADILLA FUENTE SAN ESTEBAN,SALAMANCA,785.000,40.786,-6.203,10.000,29.760,,,0.208,27.551,2.208,0.335
440,5107D,DÓLAR,GRANADA,1197.000,37.180,-2.986,10.000,31.028,,,0.241,29.819,1.208,0.340
441,9619,LA SEU D'URGELL,LLEIDA,677.000,42.355,1.463,7.000,29.825,,,0.306,30.661,-0.836,0.347
442,3330Y,ROZAS DE PUERTO REAL,MADRID,890.000,40.313,-4.487,10.000,30.428,,,0.214,28.354,2.073,0.350
443,3362Y,CASTILLO DE BAYUELA,TOLEDO,560.000,40.108,-4.681,10.000,33.766,,,0.129,28.993,4.773,0.359
444,C628B,"LA ALDEA DE SAN NICOLÁS, TASARTE",LAS PALMAS,318.000,27.909,-15.770,10.000,31.398,,,0.223,29.577,1.821,0.359
445,2302N,MONTERRUBIO DE LA DEMANDA,BURGOS,1197.000,42.146,-3.110,10.000,25.975,,,0.333,27.606,-1.631,0.362
446,2626Y,CUBILLAS DE RUEDA,LEON,916.000,42.620,-5.193,10.000,27.539,,,0.264,26.973,0.567,0.364
447,1078I,GÜEÑES,BIZKAIA,208.000,43.203,-3.105,9.000,25.583,,,0.393,29.069,-3.486,0.370
448,B334X,LLUCMAJOR,BALEARES,140.000,39.496,2.892,10.000,33.099,,,0.299,33.612,-0.513,0.371
449,7072Y,YESTE,ALBACETE,960.000,38.295,-2.294,10.000,32.113,,,0.219,30.119,1.994,0.371
450,1631E,A POBRA DE TRIVES,OURENSE,840.000,42.339,-7.282,10.000,26.566,,,0.273,26.266,0.300,0.374
451,4622X,VILLARRASA,HUELVA,145.000,37.451,-6.637,10.000,34.598,,,0.138,30.038,4.560,0.376
452,9947X,LA POBLA DE MASSALUCA,TARRAGONA,370.000,41.177,0.353,10.000,31.909,,,0.262,31.250,0.659,0.376
453,7178I,MURCIA,MURCIA,62.000,38.002,-1.171,10.000,34.843,,,0.209,32.514,2.330,0.380
454,2568D,"SANTERVÁS DE LA VEGA, VILLAPÚN",PALENCIA,985.000,42.524,-4.851,10.000,27.032,,,0.284,27.040,-0.008,0.382
455,3111D,SOMOSIERRA,MADRID,1454.000,41.136,-3.580,10.000,26.330,,,0.315,27.326,-0.996,0.382
456,7261X,ROJALES,ALICANTE,31.000,38.088,-0.715,10.000,31.374,,,0.328,32.749,-1.376,0.389
457,7244X,ORIHUELA,ALICANTE,26.000,38.068,-0.981,10.000,33.530,,,0.256,32.643,0.886,0.391
458,8337X,TURÍS,VALENCIA,186.000,39.392,-0.625,10.000,32.716,,,0.259,31.925,0.791,0.392
459,3126Y,"MADRID, EL GOLOSO",MADRID,740.000,40.561,-3.712,10.000,31.021,,,0.217,28.900,2.121,0.393
460,2430Y,MUÑOTELLO,AVILA,1178.000,40.543,-5.044,10.000,28.435,,,0.255,27.435,1.000,0.413
461,8005X,FONTANARS DELS ALFORINS,VALENCIA,622.000,38.780,-0.796,10.000,32.277,,,0.255,31.264,1.013,0.414
462,9145X,LEZA,ARABA/ALAVA,575.000,42.567,-2.633,10.000,28.309,,,0.305,28.854,-0.545,0.423
463,9188,ENCISO,LA RIOJA,855.000,42.149,-2.273,10.000,27.524,,,0.325,28.659,-1.135,0.427
464,1174I,"CILLORIGO DE LIÉBANA, TAMA",CANTABRIA,250.000,43.183,-4.602,10.000,26.280,,,0.353,28.297,-2.018,0.427
465,2916A,VITIGUDINO,SALAMANCA,769.000,41.011,-6.438,10.000,31.566,,,0.156,27.375,4.191,0.432
466,2096B,LICERAS,SORIA,1150.000,41.374,-3.251,10.000,29.212,,,0.250,27.967,1.245,0.436
467,6050X,GAUCÍN,MALAGA,594.000,36.519,-5.319,10.000,30.317,,,0.286,30.187,0.130,0.445
468,1549,PONFERRADA,LEON,532.000,42.564,-6.600,10.000,29.869,,,0.202,27.085,2.784,0.447
469,9178X,CAMPEZO/KANPEZU,ARABA/ALAVA,570.000,42.671,-2.346,10.000,28.730,,,0.298,28.952,-0.223,0.448
470,2005Y,"VINUESA, QUINTANAREJO",SORIA,1197.000,41.968,-2.783,10.000,27.327,,,0.307,27.837,-0.510,0.448
471,2140A,ALDEANUEVA DE SERREZUELA,SEGOVIA,1135.000,41.464,-3.786,10.000,27.873,,,0.287,27.707,0.166,0.461
472,3576X,VALENCIA DE ALCÁNTARA,CACERES,444.000,39.415,-7.231,10.000,32.582,,,0.157,28.328,4.254,0.463
473,7096B,HELLÍN,ALBACETE,605.000,38.542,-1.703,10.000,32.890,,,0.232,30.977,1.913,0.465
474,5941X,EL BOSQUE,CADIZ,295.000,36.729,-5.512,10.000,33.465,,,0.201,30.585,2.880,0.468
475,1505,LUGO AEROPUERTO,LUGO,442.000,43.111,-7.458,10.000,25.295,,,0.336,26.622,-1.327,0.473
476,5960,JEREZ DE LA FRONTERA AEROPUERTO,CADIZ,27.000,36.751,-6.056,10.000,34.179,,,0.188,30.842,3.336,0.476
477,3519X,PLASENCIA,CACERES,415.000,40.043,-6.086,10.000,34.662,,,0.103,28.646,6.016,0.482
478,2701D,"BARRIOS DE LUNA, MIÑERA",LEON,1120.000,42.886,-5.871,10.000,26.600,,,0.280,26.145,0.455,0.484
479,1476R,"ROIS, CASAS DO PORTO",A CORUÑA,210.000,42.750,-8.715,10.000,25.400,,,0.335,26.641,-1.242,0.491
480,2775X,VILLARDECIERVOS,ZAMORA,850.000,41.941,-6.280,10.000,29.378,,,0.219,26.888,2.491,0.516
481,1435C,NOIA,A CORUÑA,128.000,42.800,-8.876,10.000,25.157,,,0.348,26.703,-1.546,0.518
482,6100B,ANTEQUERA AYUNTAMIENTO (AUTOMÁTICA THIES),MALAGA,515.000,37.024,-4.562,9.000,35.049,,,0.153,30.474,4.575,0.518
483,2401X,PALENCIA,PALENCIA,736.000,42.009,-4.561,10.000,30.374,,,0.220,27.883,2.491,0.521
484,2945A,EL BODÓN BASE AÉREA,SALAMANCA,805.000,40.485,-6.577,10.000,29.328,,,0.240,27.468,1.860,0.525
485,6032X,RONDA INSTITUTO,MALAGA,760.000,36.750,-5.169,10.000,32.170,,,0.225,29.835,2.335,0.526
486,3386A,NAVALVILLAR DE IBOR,CACERES,923.000,39.592,-5.392,10.000,30.207,,,0.235,28.181,2.027,0.528
487,9228J,OROZ-BETELU/OROTZ-BETELU,NAVARRA,635.000,42.896,-1.300,10.000,27.620,,,0.351,29.217,-1.597,0.530
488,4499X,MONESTERIO,BADAJOZ,771.000,38.081,-6.272,10.000,31.298,,,0.218,28.720,2.578,0.531
489,9207,"VALLE DE HECHO, HECHO",HUESCA,860.000,42.741,-0.751,10.000,28.492,,,0.320,29.105,-0.613,0.532
490,4589X,"ALOSNO, THARSIS",HUELVA,276.000,37.598,-7.119,10.000,33.207,,,0.184,29.495,3.713,0.548
491,9513X,MUNIESA,TERUEL,800.000,41.031,-0.806,10.000,29.873,,,0.304,29.937,-0.064,0.549
492,4075Y,VILLARES DEL SAZ,CUENCA,870.000,39.840,-2.503,10.000,32.475,,,0.208,29.525,2.950,0.549
493,1521I,O PÁRAMO,LUGO,403.000,42.845,-7.499,10.000,26.954,,,0.298,26.793,0.161,0.556
494,3504X,HERVÁS,CACERES,724.000,40.265,-5.861,10.000,30.388,,,0.229,28.055,2.333,0.559
495,2624C,RIAÑO,LEON,1090.000,42.958,-5.008,10.000,26.052,,,0.320,26.575,-0.523,0.559
496,9445L,"FORMIGAL, SARRIOS",HUESCA,1800.000,42.763,-0.393,6.000,20.468,,,0.525,27.438,-6.970,0.561
497,2804F,VILLADEPERA,ZAMORA,790.000,41.534,-6.142,10.000,29.563,,,0.230,27.245,2.318,0.561
498,1639X,CHANDREXA DE QUEIXA,OURENSE,990.000,42.260,-7.384,10.000,24.841,,,0.339,25.962,-1.121,0.566
499,9262,PAMPLONA,NAVARRA,450.000,42.818,-1.638,10.000,28.949,,,0.320,29.452,-0.503,0.569
500,2044B,LUBIA,SORIA,1100.000,41.601,-2.507,10.000,29.246,,,0.275,28.313,0.933,0.576
501,8409X,LLÍRIA,VALENCIA,198.000,39.664,-0.654,10.000,33.036,,,0.265,31.770,1.266,0.582
502,2400E,AUTILLA DEL PINO,PALENCIA,874.000,41.996,-4.603,10.000,29.149,,,0.256,27.601,1.548,0.582
503,2172Y,SARDÓN DE DUERO,VALLADOLID,725.000,41.612,-4.406,10.000,32.086,,,0.181,28.149,3.937,0.583
504,1446X,MONTERROSO,LUGO,680.000,42.810,-7.768,10.000,25.098,,,0.339,26.145,-1.048,0.587
505,9961X,CABACÉS,TARRAGONA,363.000,41.249,0.735,10.000,32.301,,,0.278,31.410,0.891,0.589
506,2331,BURGOS AEROPUERTO,BURGOS,891.000,42.357,-3.620,10.000,28.164,,,0.297,27.870,0.294,0.590
507,2285B,VILLADIEGO,BURGOS,869.000,42.524,-4.001,9.000,28.812,,,0.270,27.663,1.149,0.591
508,2084Y,UCERO,SORIA,960.000,41.722,-3.047,10.000,28.814,,,0.290,28.280,0.534,0.591
509,8178D,ALBACETE,ALBACETE,674.000,39.006,-1.862,10.000,33.758,,,0.206,30.567,3.191,0.597
510,8283X,ONTINYENT,VALENCIA,350.000,38.829,-0.608,10.000,33.885,,,0.244,31.859,2.026,0.609
511,9238X,NAVASCUÉS/NABASKOZE,NAVARRA,612.000,42.718,-1.117,10.000,30.487,,,0.275,29.425,1.062,0.615
512,2661,"LEÓN, VIRGEN DEL CAMINO",LEON,916.000,42.588,-5.651,10.000,27.791,,,0.277,26.773,1.018,0.620
513,8008Y,VILLENA,ALICANTE,486.000,38.577,-0.866,10.000,32.971,,,0.266,31.584,1.387,0.626
514,9561X,CASTELLOTE,TERUEL,755.000,40.798,-0.315,10.000,30.683,,,0.301,30.355,0.329,0.633
515,0194D,"CORBERA, PUIG D'AGULLES",BARCELONA,647.000,41.408,1.885,10.000,31.147,,,0.317,31.328,-0.181,0.633
516,2789H,POZUELO DE TABARA,ZAMORA,711.000,41.786,-5.909,10.000,30.071,,,0.227,27.398,2.673,0.636
517,0200E,"BARCELONA, FABRA",BARCELONA,408.000,41.418,2.124,10.000,29.674,,,0.383,31.899,-2.225,0.642
518,B013X,"ESCORCA, LLUC",ILLES BALEARS,490.000,39.823,2.886,10.000,29.763,,,0.408,32.788,-3.024,0.643
519,1059X,PUNTA GALEA,BIZKAIA,81.000,43.375,-3.022,10.000,23.835,,,0.485,29.280,-5.445,0.645
520,9051,MEDINA DE POMAR,BURGOS,580.000,42.920,-3.483,10.000,28.000,,,0.322,28.294,-0.293,0.650
521,0324A,RIPOLL,GIRONA,675.000,42.191,2.196,10.000,30.486,,,0.332,31.079,-0.592,0.654
522,9136X,"ANGUIANO, VALVANERA",LA RIOJA,1006.000,42.231,-2.871,10.000,25.854,,,0.384,28.052,-2.198,0.658
523,4511C,JEREZ DE LOS CABALLEROS,BADAJOZ,381.000,38.299,-6.765,10.000,34.409,,,0.147,29.152,5.257,0.664
524,2182C,PEDRAZA,SEGOVIA,1107.000,41.134,-3.790,10.000,28.814,,,0.286,27.902,0.911,0.664
525,5612X,LORA DE ESTEPA,SEVILLA,450.000,37.270,-4.827,10.000,33.340,,,0.222,30.370,2.970,0.683
526,7121A,CALASPARRA,MURCIA,350.000,38.234,-1.702,10.000,34.320,,,0.231,31.606,2.714,0.685
527,2863C,PEDRAZA DE ALBA  ,SALAMANCA,897.000,40.732,-5.366,10.000,29.558,,,0.260,27.748,1.810,0.693
528,8300X,CARCAIXENT,VALENCIA,25.000,39.113,-0.446,10.000,33.786,,,0.275,32.442,1.344,0.694
529,6042I,JIMENA DE LA FRONTERA,CADIZ,42.000,36.436,-5.395,10.000,32.116,,,0.291,31.259,0.857,0.695
530,9344C,ARCOS DE JALÓN,SORIA,863.000,41.216,-2.293,10.000,31.384,,,0.244,29.040,2.344,0.701
531,1002Y,"BAZTAN, IRURITA",NAVARRA,183.000,43.136,-1.543,10.000,27.451,,,0.396,29.877,-2.426,0.703
532,5402,CÓRDOBA AEROPUERTO,CORDOBA,90.000,37.849,-4.847,10.000,37.025,,,0.121,30.808,6.216,0.705
533,4501X,FUENTE DE CANTOS,BADAJOZ,602.000,38.209,-6.311,10.000,33.015,,,0.191,28.974,4.041,0.709
534,7103Y,TOBARRA,ALBACETE,615.000,38.588,-1.689,10.000,33.980,,,0.223,30.944,3.036,0.713
535,9843A,SEIRA,HUESCA,825.000,42.477,0.434,10.000,29.799,,,0.321,29.840,-0.041,0.715
536,9569A,CALANDA,TERUEL,466.000,40.947,-0.238,10.000,32.746,,,0.262,30.887,1.859,0.723
537,5390Y,VILLANUEVA DE CÓRDOBA,CORDOBA,750.000,38.333,-4.609,10.000,33.670,,,0.187,29.428,4.241,0.728
538,B908X,SANT JOAN DE LABRITJA,ILLES BALEARS,110.000,39.056,1.493,10.000,31.826,,,0.366,33.207,-1.381,0.730
539,7275C,YECLA,MURCIA,640.000,38.602,-1.160,10.000,33.485,,,0.247,31.137,2.348,0.731
540,8177A,CHINCHILLA,ALBACETE,880.000,38.938,-1.659,10.000,31.318,,,0.290,30.292,1.026,0.738
541,9141V,NÁJERA,LA RIOJA,500.000,42.414,-2.727,10.000,30.061,,,0.291,29.022,1.039,0.747
542,9751,SOPEIRA,HUESCA,760.000,42.319,0.747,10.000,30.215,,,0.323,30.181,0.034,0.749
543,5047E,BAZA,GRANADA,785.000,37.506,-2.735,10.000,34.990,,,0.184,30.595,4.395,0.749
544,2444,ÁVILA,AVILA,1130.000,40.659,-4.680,10.000,29.093,,,0.279,27.648,1.444,0.756
545,2885K,FRESNO DE SAYAGO,ZAMORA,804.000,41.304,-6.022,10.000,30.002,,,0.241,27.374,2.628,0.757
546,8492X,ATZENETA DEL MAESTRAT,CASTELLON,420.000,40.227,-0.170,10.000,32.428,,,0.290,31.321,1.107,0.759
547,9377Y,EL PEDREGAL,GUADALAJARA,1185.000,40.779,-1.568,10.000,29.860,,,0.296,28.943,0.916,0.761
548,4468X,PUEBLA DE OBANDO,BADAJOZ,392.000,39.177,-6.601,10.000,33.715,,,0.170,28.827,4.888,0.761
549,2453E,GOTARRENDURA,AVILA,920.000,40.829,-4.742,10.000,29.955,,,0.262,27.953,2.002,0.763
550,7228,"ALCANTARILLA, BASE AÉREA",MURCIA,75.000,37.958,-1.229,10.000,35.049,,,0.244,32.481,2.568,0.764
551,5891X,LAS CABEZAS DE SAN JUAN,SEVILLA,105.000,36.953,-5.847,10.000,34.506,,,0.205,30.701,3.805,0.770
552,4245X,GUADALUPE,CACERES,660.000,39.455,-5.333,10.000,33.446,,,0.178,28.778,4.668,0.774
553,2734D,ASTORGA,LEON,919.000,42.477,-6.074,10.000,29.041,,,0.250,26.617,2.423,0.777
554,0066X,VILAFRANCA DEL PENEDÈS,BARCELONA,177.000,41.330,1.677,10.000,31.328,,,0.355,32.176,-0.848,0.786
555,9016X,"VALDERREDIBLE, CUBILLO DE EBRO",CANTABRIA,770.000,42.810,-4.032,10.000,27.285,,,0.342,27.716,-0.431,0.787
556,2966D,ALCAÑICES,ZAMORA,840.000,41.683,-6.301,10.000,29.364,,,0.253,27.009,2.355,0.789
557,4093Y,OSA DE LA VEGA,CUENCA,763.000,39.656,-2.760,10.000,33.686,,,0.202,29.693,3.993,0.795
558,7237E,MOLINA DE SEGURA,MURCIA,170.000,38.139,-1.159,10.000,35.068,,,0.240,32.250,2.818,0.801
559,2296A,ÓLVEGA,SORIA,1039.000,41.776,-1.977,10.000,28.140,,,0.344,28.603,-0.463,0.801
560,1473A,PADRÓN,A CORUÑA,100.000,42.738,-8.627,10.000,27.095,,,0.324,26.901,0.194,0.806
561,7066Y,"YESTE, EMBALSE FUENSANTA",ALBACETE,680.000,38.393,-2.219,10.000,35.331,,,0.182,30.655,4.676,0.806
562,4575X,VALVERDE DEL CAMINO,HUELVA,280.000,37.575,-6.768,10.000,34.862,,,0.166,29.661,5.201,0.817
563,2374X,CARRIÓN DE LOS CONDES,PALENCIA,830.000,42.351,-4.617,10.000,29.090,,,0.282,27.526,1.565,0.823
564,1344X,MONDOÑEDO,LUGO,125.000,43.431,-7.362,10.000,23.592,,,0.445,27.143,-3.551,0.825
565,2728B,"QUINTANA DEL CASTILLO, VILLAMECA",LEON,995.000,42.648,-6.071,10.000,26.613,,,0.325,26.397,0.215,0.825
566,8381X,ADEMUZ,VALENCIA,705.000,40.061,-1.284,10.000,33.075,,,0.246,30.320,2.755,0.834
567,5473X,AZUAGA,BADAJOZ,581.000,38.268,-5.686,10.000,33.754,,,0.191,29.282,4.473,0.837
568,1700X,O CARBALLIÑO,OURENSE,400.000,42.421,-8.093,10.000,29.133,,,0.257,26.706,2.427,0.838
569,9771C,LLEIDA,LLEIDA,186.000,41.626,0.598,10.000,33.978,,,0.256,31.526,2.452,0.843
570,1468X,A ESTRADA,PONTEVEDRA,269.000,42.694,-8.502,10.000,26.292,,,0.346,26.651,-0.359,0.845
571,3175,TORREJÓN DE ARDOZ,MADRID,607.000,40.489,-3.444,10.000,33.710,,,0.195,29.315,4.395,0.849
572,4007Y,OSSA DE MONTIEL,ALBACETE,905.000,38.966,-2.745,10.000,33.082,,,0.228,29.724,3.358,0.852
573,7158X,ARCHENA,MURCIA,150.000,38.128,-1.306,10.000,35.171,,,0.242,32.225,2.946,0.853
574,6040X,CORTES DE LA FRONTERA,MALAGA,315.000,36.544,-5.386,10.000,32.698,,,0.271,30.686,2.012,0.854
575,8198Y,ALMANSA,ALBACETE,710.000,38.851,-1.063,10.000,33.099,,,0.267,30.938,2.161,0.856
576,9390,DAROCA,ZARAGOZA,774.000,41.114,-1.410,10.000,31.278,,,0.285,29.669,1.608,0.859
577,4608X,EL CAMPILLO,HUELVA,415.000,37.677,-6.630,10.000,33.246,,,0.215,29.419,3.826,0.861
578,9263D,"PAMPLONA, AEROPUERTO",NAVARRA,459.000,42.777,-1.650,10.000,29.977,,,0.319,29.447,0.531,0.863
579,4061X,QUINTANAR DE LA ORDEN,TOLEDO,691.000,39.597,-3.048,10.000,31.190,,,0.290,29.723,1.467,0.866
580,3338,ROBLEDO DE CHAVELA,MADRID,770.000,40.429,-4.249,10.000,31.743,,,0.239,28.648,3.095,0.869
581,4560Y,ALAJAR,HUELVA,572.000,37.869,-6.675,10.000,33.259,,,0.202,29.010,4.249,0.870
582,B103B,ANDRATX - SANT ELM,BALEARES,52.000,39.579,2.369,9.000,31.182,,,0.411,33.502,-2.320,0.876
583,2867,SALAMANCA AEROPUERTO,SALAMANCA,790.000,40.959,-5.498,10.000,30.942,,,0.238,27.795,3.146,0.878
584,5406X,ALCALÁ LA REAL,JAEN,908.000,37.498,-3.908,10.000,32.590,,,0.250,29.812,2.778,0.878
585,9211F,"BAILO, PUYALTO",HUESCA,722.000,42.514,-0.817,10.000,29.692,,,0.331,29.440,0.253,0.885
586,1276F,POLA DE SOMIEDO,ASTURIAS,670.000,43.100,-6.257,10.000,25.161,,,0.390,26.745,-1.584,0.891
587,3536X,HOYOS,CACERES,560.000,40.175,-6.724,10.000,32.304,,,0.203,28.010,4.295,0.892
588,3085Y,PASTRANA,GUADALAJARA,920.000,40.408,-2.953,10.000,33.031,,,0.211,28.972,4.059,0.894
589,9981A,ESTACIÓN DE TORTOSA (ROQUETES),TARRAGONA,50.000,40.820,0.493,10.000,33.881,,,0.284,32.091,1.790,0.900
590,2106B,CORUÑA DEL CONDE,BURGOS,955.000,41.746,-3.382,10.000,29.438,,,0.299,28.123,1.316,0.901
591,9302Y,TUDELA,NAVARRA,297.000,42.056,-1.609,10.000,31.494,,,0.296,30.093,1.401,0.904
592,8210Y,SALVACAÑETE,CUENCA,1160.000,40.103,-1.504,9.000,30.239,,,0.312,29.315,0.924,0.907
593,3110C,BUITRAGO DEL LOZOYA,MADRID,1030.000,41.007,-3.614,10.000,29.635,,,0.296,28.189,1.445,0.916
594,9354X,ALHAMA DE ARAGON,ZARAGOZA,703.000,41.293,-1.895,10.000,32.793,,,0.238,29.503,3.291,0.922
595,1272B,"TINEO, SOUTU",ASTURIAS,280.000,43.290,-6.387,10.000,25.641,,,0.398,27.359,-1.718,0.923
596,9374X,SANTA EULALIA DEL CAMPO,TERUEL,1000.000,40.567,-1.321,10.000,30.945,,,0.298,29.510,1.435,0.925
597,5515X,GRANADA-CARTUJA,GRANADA,775.000,37.190,-3.596,10.000,35.641,,,0.175,30.350,5.292,0.927
598,2465,SEGOVIA,SEGOVIA,1008.000,40.945,-4.126,10.000,29.681,,,0.291,28.019,1.662,0.928
599,3526X,CORIA,CACERES,313.000,40.004,-6.558,10.000,34.895,,,0.145,28.641,6.254,0.929
600,5733X,ALMADÉN DE LA PLATA,SEVILLA,450.000,37.791,-6.075,10.000,34.240,,,0.195,29.561,4.679,0.933
601,1302F,DEGAÑA,ASTURIAS,1310.000,42.955,-6.473,10.000,22.534,,,0.438,25.465,-2.931,0.937
602,4244X,HERRERA DEL DUQUE,BADAJOZ,447.000,39.169,-5.062,10.000,35.239,,,0.161,29.442,5.798,0.944
603,4527X,AROCHE,HUELVA,267.000,37.980,-6.976,10.000,34.381,,,0.188,29.413,4.968,0.949
604,2918Y,EL MAÍLLO,SALAMANCA,1027.000,40.569,-6.224,10.000,28.093,,,0.317,27.166,0.927,0.952
605,2507Y,RUEDA,VALLADOLID,724.000,41.419,-4.964,10.000,30.953,,,0.252,27.974,2.980,0.954
606,7020C,MURCIA AEROPUERTO,MURCIA,205.000,37.807,-1.128,8.000,31.798,,,0.364,32.340,-0.542,0.955
607,2048A,MORÓN DE ALMAZÁN,SORIA,978.000,41.419,-2.420,10.000,30.674,,,0.283,28.669,2.006,0.956
608,9394X,CALATAYUD,ZARAGOZA,582.000,41.331,-1.645,10.000,32.281,,,0.269,29.838,2.443,0.957
609,C614H,TEJEDA,LAS PALMAS,1060.000,27.995,-15.616,10.000,29.456,,,0.306,28.172,1.284,0.958
610,8270X,BICORP,VALENCIA,305.000,39.134,-0.790,10.000,33.251,,,0.299,31.729,1.522,0.963
611,6375X,FUENTE DE PIEDRA,MALAGA,420.000,37.132,-4.742,10.000,33.662,,,0.248,30.528,3.134,0.967
612,8096,CUENCA,CUENCA,949.000,40.067,-2.132,10.000,32.350,,,0.256,29.447,2.903,0.969
613,5514,GRANADA BASE AÉREA,GRANADA,687.000,37.137,-3.631,10.000,34.722,,,0.215,30.526,4.196,0.971
614,4497X,VILLANUEVA DEL FRESNO,BADAJOZ,247.000,38.372,-7.158,10.000,33.731,,,0.204,29.197,4.534,0.972
615,4541X,EL GRANADO,HUELVA,60.000,37.554,-7.520,10.000,36.151,,,0.145,29.746,6.405,0.973
616,1735X,XINZO DE LIMIA,OURENSE,616.000,42.079,-7.734,10.000,27.546,,,0.319,26.603,0.944,0.974
617,4584X,EL CERRO DE ANDÉVALO,HUELVA,270.000,37.732,-6.942,10.000,34.426,,,0.193,29.531,4.895,0.978
618,3195,"MADRID, RETIRO",MADRID,667.000,40.411,-3.678,10.000,32.924,,,0.229,29.123,3.802,0.984
619,9171K,LOS ARCOS,NAVARRA,470.000,42.570,-2.184,10.000,31.011,,,0.294,29.266,1.745,0.985
620,8368U,TERUEL,TERUEL,902.000,40.351,-1.124,10.000,32.423,,,0.269,29.886,2.538,0.987
621,9252X,OLITE/ERRIBERRI,NAVARRA,390.000,42.489,-1.656,10.000,30.011,,,0.341,29.703,0.308,0.992
622,5702X,CARMONA,SEVILLA,50.000,37.566,-5.741,10.000,35.940,,,0.181,30.591,5.349,0.992
623,2311Y,VILLAMAYOR DE LOS MONTES,BURGOS,884.000,42.105,-3.768,10.000,28.756,,,0.324,27.924,0.832,0.993
624,9262P,MONREAL/ELO,NAVARRA,585.000,42.701,-1.496,10.000,28.580,,,0.374,29.307,-0.727,0.994
625,9244X,SOS DEL REY CATÓLICO,ZARAGOZA,626.000,42.491,-1.213,10.000,29.684,,,0.343,29.451,0.233,0.996
626,5515D,VÍZNAR,GRANADA,1258.000,37.237,-3.551,10.000,29.648,,,0.344,29.413,0.235,0.997
627,6127X,ÁLORA,MALAGA,172.000,36.855,-4.697,9.000,34.450,,,0.246,31.151,3.299,0.998
628,9935X,VALDERROBRES,TERUEL,483.000,40.873,0.146,10.000,31.648,,,0.334,31.066,0.583,1.012
629,9434P,"ZARAGOZA, VALDESPARTERA",ZARAGOZA,258.000,41.621,-0.935,10.000,33.550,,,0.261,30.673,2.877,1.013
630,4410X,MÉRIDA,BADAJOZ,228.000,38.916,-6.386,10.000,35.572,,,0.156,29.359,6.213,1.021
631,9145Y,CENICERO,LA RIOJA,429.000,42.483,-2.639,10.000,30.139,,,0.323,29.170,0.968,1.022
632,0009X,ALFORJA,TARRAGONA,406.000,41.214,0.963,10.000,30.614,,,0.381,31.449,-0.835,1.025
633,9434,"ZARAGOZA, AEROPUERTO",ZARAGOZA,249.000,41.661,-1.004,10.000,33.187,,,0.273,30.641,2.547,1.026
634,4520X,FREGENAL DE LA SIERRA,BADAJOZ,586.000,38.178,-6.662,10.000,32.416,,,0.241,28.855,3.561,1.028
635,2166Y,PEÑAFIEL,VALLADOLID,756.000,41.593,-4.125,10.000,29.668,,,0.309,28.228,1.440,1.029
636,2482B,MIGUELAÑEZ,SEGOVIA,870.000,41.126,-4.376,10.000,30.398,,,0.282,28.092,2.306,1.031
637,2456B,AREVALO,AVILA,820.000,41.071,-4.730,10.000,30.826,,,0.267,28.048,2.778,1.033
638,2503B,"OLMEDO, DEPÓSITO DE AGUA",VALLADOLID,786.000,41.280,-4.692,10.000,31.081,,,0.259,28.041,3.040,1.040
639,9729X,MOLLERUSSA,LLEIDA,252.000,41.617,0.867,10.000,33.274,,,0.300,31.528,1.746,1.041
640,9647X,TORÀ,LLEIDA,435.000,41.806,1.396,10.000,32.687,,,0.313,31.338,1.350,1.042
641,1465U,LALIN-CRISTIMIL,PONTEVEDRA,463.000,42.666,-8.193,10.000,25.574,,,0.383,26.431,-0.857,1.044
642,3268C,ALPEDRETE,MADRID,924.000,40.660,-4.018,10.000,31.710,,,0.250,28.357,3.353,1.046
643,9299X,TARAZONA,ZARAGOZA,475.000,41.915,-1.723,10.000,30.369,,,0.337,29.756,0.614,1.051
644,0372C,PORQUERES,GIRONA,157.000,42.104,2.764,10.000,31.837,,,0.375,32.387,-0.550,1.054
645,4260,PERALEDA DEL ZAUCEJO,BADAJOZ,542.000,38.480,-5.577,10.000,33.906,,,0.212,29.316,4.591,1.055
646,9908X,LANAJA,HUESCA,380.000,41.774,-0.333,10.000,31.848,,,0.321,30.651,1.197,1.069
647,5654X,LA PUEBLA DE LOS INFANTES,SEVILLA,200.000,37.787,-5.371,10.000,35.813,,,0.187,30.377,5.436,1.072
648,7203A,"LORCA, ZARCILLA DE RAMOS",MURCIA,646.000,37.845,-1.870,10.000,33.772,,,0.275,31.122,2.650,1.072
649,4138Y,VILLANUEVA DE LOS INFANTES,CIUDAD REAL,900.000,38.738,-3.004,10.000,33.903,,,0.227,29.711,4.192,1.076
650,3140Y,MANDAYONA,GUADALAJARA,990.000,40.985,-2.760,10.000,31.430,,,0.273,28.675,2.755,1.081
651,4452,BADAJOZ AEROPUERTO,BADAJOZ,186.000,38.883,-6.814,10.000,34.888,,,0.182,29.254,5.634,1.086
652,9814I,"TORLA-ORDESA, EL CEBOLLAR",HUESCA,1905.000,42.656,-0.124,7.000,19.989,,,0.597,27.406,-7.416,1.091
653,5582A,LOJA,GRANADA,593.000,37.161,-4.153,10.000,34.760,,,0.225,30.455,4.305,1.092
654,2298,PALACIOS DE LA SIERRA,BURGOS,1080.000,41.960,-3.132,10.000,28.826,,,0.332,27.904,0.922,1.094
655,5612B,LA RODA DE ANDALUCÍA,SEVILLA,410.000,37.194,-4.770,10.000,35.058,,,0.217,30.507,4.551,1.095
656,2017Y,"LA PÓVEDA DE SORIA, BARRIOMARTÍN",SORIA,1260.000,41.996,-2.494,10.000,26.530,,,0.403,27.837,-1.307,1.096
657,6143X,COÍN,MALAGA,230.000,36.658,-4.761,10.000,34.113,,,0.267,31.094,3.019,1.103
658,8354X,ALBARRACÍN,TERUEL,1130.000,40.420,-1.441,10.000,29.771,,,0.347,29.265,0.506,1.104
659,5210X,VILLANUEVA DEL ARZOBISPO,JAEN,680.000,38.175,-2.998,10.000,35.939,,,0.187,30.385,5.554,1.107
660,9280B,LARRAGA,NAVARRA,375.000,42.549,-1.858,10.000,30.561,,,0.333,29.612,0.950,1.107
661,7218Y,TOTANA,MURCIA,281.000,37.759,-1.513,8.000,34.871,,,0.273,32.034,2.837,1.107
662,2755X,BENAVENTE,ZAMORA,715.000,42.011,-5.667,10.000,30.420,,,0.268,27.406,3.014,1.109
663,2030,SORIA,SORIA,1081.000,41.775,-2.483,10.000,29.348,,,0.331,28.285,1.063,1.124
664,9427X,LA ALMUNIA DE DOÑA GODINA,ZARAGOZA,370.000,41.481,-1.381,10.000,32.650,,,0.291,30.308,2.342,1.126
665,2512Y,RIVILLA DE BARAJAS,AVILA,925.000,40.882,-5.019,10.000,29.376,,,0.316,27.791,1.585,1.135
666,3196,"MADRID, CUATRO VIENTOS",MADRID,690.000,40.376,-3.786,10.000,33.332,,,0.230,29.043,4.289,1.137
667,9718X,TORDERA - GRANYANELLA,LLEIDA,463.000,41.681,1.223,10.000,31.958,,,0.345,31.257,0.701,1.143
668,5998X,OSUNA,SEVILLA,255.000,37.243,-5.112,10.000,34.892,,,0.232,30.627,4.265,1.145
669,3245Y,TEMBLEQUE,TOLEDO,635.000,39.696,-3.506,10.000,34.202,,,0.221,29.575,4.627,1.152
670,3516X,PIORNAL,CACERES,1260.000,40.121,-5.832,10.000,27.671,,,0.350,27.091,0.580,1.153
671,4067,MADRIDEJOS,TOLEDO,690.000,39.492,-3.528,10.000,33.757,,,0.235,29.547,4.210,1.156
672,3191E,COLMENAR VIEJO,MADRID,1004.000,40.696,-3.765,10.000,30.193,,,0.309,28.304,1.889,1.164
673,2539,VALLADOLID AEROPUERTO,VALLADOLID,846.000,41.712,-4.856,10.000,29.544,,,0.310,27.660,1.884,1.168
674,1701X,RIBADAVIA,OURENSE,112.000,42.300,-8.129,10.000,31.345,,,0.242,27.300,4.045,1.170
675,9894Y,SARIÑENA,HUESCA,300.000,41.799,-0.161,10.000,32.863,,,0.307,30.875,1.988,1.170
676,2276B,VILLAELES DE VALDAVIA,PALENCIA,908.000,42.569,-4.575,10.000,28.344,,,0.337,27.299,1.045,1.171
677,3168D,GUADALAJARA,GUADALAJARA,727.000,40.630,-3.150,10.000,32.980,,,0.249,29.158,3.823,1.173
678,7138B,JUMILLA,MURCIA,485.000,38.459,-1.335,10.000,34.242,,,0.281,31.417,2.825,1.176
679,5270B,JAÉN,JAEN,580.000,37.777,-3.809,10.000,34.455,,,0.241,30.373,4.082,1.178
680,2978X,VERÍN,OURENSE,380.000,41.927,-7.422,10.000,31.133,,,0.248,27.273,3.861,1.179
681,9998X,BELLO,TERUEL,1006.000,40.921,-1.494,10.000,30.170,,,0.343,29.263,0.906,1.182
682,4339X,CAÑAMERO,CACERES,590.000,39.314,-5.369,10.000,32.958,,,0.245,28.958,3.999,1.184
683,4147X,VALDEPEÑAS,CIUDAD REAL,700.000,38.751,-3.391,10.000,34.163,,,0.237,29.913,4.250,1.185
684,8072Y,BARX,VALENCIA,340.000,39.017,-0.305,10.000,31.906,,,0.373,31.938,-0.032,1.186
685,5530E,GRANADA AEROPUERTO,GRANADA,560.000,37.190,-3.790,10.000,36.316,,,0.194,30.676,5.641,1.197
686,9866C,BARBASTRO,HUESCA,305.000,42.021,0.141,10.000,33.274,,,0.299,30.910,2.364,1.204
687,3194Y,POZUELO DE ALARCÓN,MADRID,665.000,40.448,-3.813,10.000,33.306,,,0.239,29.047,4.258,1.205
688,2243A,AGUILAR DE CAMPOO,PALENCIA,910.000,42.798,-4.277,10.000,26.555,,,0.400,27.335,-0.780,1.213
689,3343Y,VALDEMORILLO,MADRID,884.000,40.497,-4.061,10.000,32.013,,,0.263,28.485,3.528,1.217
690,5279X,LINARES,JAEN,515.000,38.151,-3.629,10.000,35.515,,,0.214,30.421,5.094,1.221
691,5835X,CARRIÓN DE LOS CÉSPEDES,SEVILLA,76.000,37.360,-6.334,10.000,35.636,,,0.208,30.353,5.283,1.226
692,9218A,ISABA/IZABA,NAVARRA,838.000,42.863,-0.925,10.000,28.764,,,0.384,29.013,-0.249,1.226
693,5624X,AGUILAR DE LA FRONTERA,CORDOBA,309.000,37.482,-4.686,10.000,35.495,,,0.222,30.618,4.877,1.230
694,3469A,CÁCERES,CACERES,394.000,39.471,-6.339,10.000,33.779,,,0.219,28.817,4.962,1.230
695,9301X,MONTEAGUDO,NAVARRA,410.000,41.959,-1.691,10.000,30.767,,,0.349,29.878,0.889,1.233
696,8203O,ZARRA,VALENCIA,856.000,39.083,-1.101,10.000,30.548,,,0.377,30.536,0.012,1.236
697,9855E,"CAPELLA, LAGUARRES",HUESCA,600.000,42.201,0.466,10.000,31.084,,,0.356,30.412,0.672,1.236
698,2092,BURGO DE OSMA,SORIA,932.000,41.589,-3.087,10.000,30.597,,,0.307,28.373,2.224,1.237
699,3229Y,TIELMES,MADRID,594.000,40.247,-3.312,10.000,33.850,,,0.240,29.506,4.344,1.239
700,9924X,FRAGA,HUESCA,170.000,41.525,0.356,10.000,33.942,,,0.300,31.488,2.453,1.240
701,2290Y,PEDROSA DEL PRÍNCIPE,BURGOS,771.000,42.251,-4.199,10.000,29.836,,,0.316,27.879,1.957,1.248
702,2422,VALLADOLID,VALLADOLID,734.000,41.641,-4.754,10.000,31.242,,,0.275,27.956,3.285,1.252
703,2873X,BARBADILLO,SALAMANCA,817.000,40.904,-5.780,10.000,30.290,,,0.296,27.636,2.654,1.261
704,9122I,LABASTIDA,ARABA/ALAVA,612.000,42.604,-2.777,10.000,28.796,,,0.378,28.699,0.097,1.274
705,1309C,"IBIAS, SAN ANTOLIN",ASTURIAS,780.000,43.027,-6.885,10.000,25.221,,,0.415,26.269,-1.048,1.280
706,5783,SEVILLA AEROPUERTO,SEVILLA,34.000,37.417,-5.879,10.000,35.808,,,0.218,30.622,5.185,1.285
707,2604B,MEDINA DE RIOSECO,VALLADOLID,731.000,41.876,-5.040,10.000,30.396,,,0.298,27.726,2.670,1.288
708,3512X,MONTEHERMOSO,CACERES,351.000,40.081,-6.339,10.000,34.023,,,0.212,28.636,5.387,1.290
709,C126A,EL PASO,SANTA CRUZ DE TENERIFE,844.000,28.654,-17.853,10.000,27.031,,,0.391,27.260,-0.229,1.293
710,9638D,COLL DE NARGÓ,LLEIDA,609.000,42.154,1.312,10.000,31.944,,,0.348,30.810,1.134,1.296
711,8395X,CHELVA,VALENCIA,515.000,39.753,-0.994,10.000,32.182,,,0.345,30.957,1.225,1.297
712,5164B,BAEZA,JAEN,771.000,37.997,-3.462,10.000,35.409,,,0.215,30.070,5.340,1.299
713,5346X,CARDEÑA,CORDOBA,720.000,38.187,-4.272,10.000,33.906,,,0.251,29.707,4.199,1.303
714,5704B,CAZALLA DE LA SIERRA,SEVILLA,550.000,37.926,-5.770,10.000,33.032,,,0.271,29.451,3.581,1.304
715,1738U,MUIÑOS,OURENSE,730.000,41.934,-7.989,10.000,26.904,,,0.367,26.325,0.579,1.306
716,2565,CORESES,ZAMORA,702.000,41.555,-5.631,5.000,31.773,,,0.254,27.646,4.127,1.311
717,9546B,HIJAR,TERUEL,305.000,41.172,-0.442,10.000,34.433,,,0.277,31.007,3.427,1.312
718,3503,GUIJO DE GRANADILLA,CACERES,393.000,40.189,-6.168,10.000,33.998,,,0.214,28.587,5.411,1.314
719,9170,"LOGROÑO, AEROPUERTO",LA RIOJA,353.000,42.452,-2.331,10.000,30.953,,,0.339,29.475,1.478,1.319
720,4464X,ALBURQUERQUE,BADAJOZ,283.000,39.182,-6.995,10.000,34.433,,,0.209,28.852,5.582,1.319
721,3565X,BROZAS,CACERES,425.000,39.618,-6.745,10.000,33.563,,,0.226,28.504,5.059,1.319
722,1442U,BOIRO,A CORUÑA,10.000,42.644,-8.892,10.000,26.152,,,0.413,26.993,-0.841,1.322
723,4263X,VALSEQUILLO,CORDOBA,575.000,38.409,-5.351,10.000,34.243,,,0.233,29.388,4.855,1.325
724,9495Y,LECIÑENA,ZARAGOZA,405.000,41.797,-0.617,10.000,33.151,,,0.302,30.460,2.691,1.329
725,5790Y,"SEVILLA, TABLADA",SEVILLA,9.000,37.364,-6.006,10.000,35.525,,,0.233,30.634,4.890,1.333
726,3094B,TARANCÓN,CUENCA,819.000,40.012,-3.021,10.000,33.933,,,0.241,29.308,4.625,1.337
727,9901X,HUESCA,HUESCA,463.000,42.139,-0.395,10.000,32.040,,,0.334,30.302,1.738,1.342
728,9352A,ALMAZUL,SORIA,1000.000,41.575,-2.140,10.000,29.818,,,0.354,28.690,1.129,1.352
729,2611D,VILLAFÁFILA,ZAMORA,690.000,41.856,-5.592,10.000,30.828,,,0.286,27.556,3.272,1.355
730,5769X,CALA,HUELVA,618.000,37.974,-6.322,10.000,33.703,,,0.242,29.040,4.663,1.355
731,4103X,TOMELLOSO,CIUDAD REAL,662.000,39.169,-3.007,10.000,34.927,,,0.234,29.984,4.942,1.363
732,2555B,FUENTESAUCO,ZAMORA,811.000,41.237,-5.481,10.000,30.227,,,0.309,27.642,2.585,1.366
733,2737E,LAGUNAS DE SOMOZA,LEON,1020.000,42.377,-6.197,9.000,26.739,,,0.381,26.407,0.331,1.370
734,9574B,"CASPE, PLANA DEL PILÓN",ZARAGOZA,215.000,41.242,-0.069,9.000,33.843,,,0.312,31.325,2.518,1.373
735,1484C,PONTEVEDRA,PONTEVEDRA,113.000,42.438,-8.616,10.000,26.152,,,0.420,27.011,-0.859,1.377
736,3475X,CAÑAVERAL,CACERES,373.000,39.791,-6.376,10.000,34.394,,,0.212,28.702,5.692,1.378
737,5361X,MONTORO,CORDOBA,155.000,38.013,-4.330,10.000,37.864,,,0.170,30.852,7.012,1.381
738,3099Y,OCAÑA,TOLEDO,733.000,39.935,-3.496,10.000,33.308,,,0.266,29.286,4.022,1.383
739,7227X,ALHAMA DE MURCIA,MURCIA,157.000,37.862,-1.335,10.000,35.178,,,0.304,32.314,2.865,1.397
740,3100B,ARANJUEZ,MADRID,540.000,40.067,-3.546,10.000,34.571,,,0.237,29.580,4.991,1.400
741,2192C,CUÉLLAR,SEGOVIA,795.000,41.384,-4.266,10.000,31.567,,,0.288,28.178,3.390,1.405
742,5598X,BENAMEJÍ,CORDOBA,465.000,37.231,-4.548,10.000,34.114,,,0.281,30.489,3.626,1.406
743,9336D,CASTEJON DE VALDEJASA,ZARAGOZA,543.000,41.984,-0.996,10.000,30.997,,,0.363,29.933,1.064,1.411
744,9650X,ARTESA DE SEGRE,LLEIDA,400.000,41.881,1.109,10.000,33.071,,,0.339,31.239,1.832,1.415
745,9724X,OS DE BALAGUER,LLEIDA,520.000,41.873,0.756,10.000,32.223,,,0.353,30.845,1.379,1.416
746,4489X,ALCONCHEL,BADAJOZ,170.000,38.485,-7.282,10.000,34.032,,,0.245,29.240,4.792,1.416
747,5281X,BAILÉN,JAEN,345.000,38.093,-3.782,10.000,36.150,,,0.225,30.705,5.445,1.429
748,9501X,VALMADRID,ZARAGOZA,535.000,41.443,-0.886,10.000,31.910,,,0.346,30.235,1.675,1.431
749,8155Y,MOTILLA DEL PALANCAR,CUENCA,830.000,39.555,-1.915,10.000,32.585,,,0.317,30.001,2.583,1.437
750,1583X,O BARCO DE VALDEORRAS,OURENSE,315.000,42.416,-6.993,10.000,30.623,,,0.297,27.387,3.236,1.440
751,9121X,HARO,LA RIOJA,465.000,42.575,-2.855,10.000,29.673,,,0.377,28.960,0.713,1.441
752,2614,ZAMORA,ZAMORA,656.000,41.516,-5.735,10.000,31.780,,,0.270,27.703,4.077,1.442
753,8193E,JALANCE,VALENCIA,372.000,39.208,-1.094,10.000,34.648,,,0.298,31.424,3.224,1.443
754,3434X,NAVALMORAL DE LA MATA,CACERES,269.000,39.946,-5.582,10.000,35.669,,,0.195,29.207,6.461,1.445
755,6281X,VÁLOR,GRANADA,1020.000,37.005,-3.071,10.000,32.235,,,0.336,30.199,2.036,1.452
756,3103,PANTANO EL VADO,GUADALAJARA,910.000,41.004,-3.302,10.000,30.933,,,0.327,28.569,2.363,1.459
757,3200,GETAFE,MADRID,620.000,40.299,-3.722,10.000,33.638,,,0.262,29.242,4.396,1.461
758,9069C,MIRANDA DE EBRO,BURGOS,460.000,42.687,-2.961,10.000,30.311,,,0.358,28.872,1.439,1.481
759,5656,FUENTES DE ANDALUCÍA,SEVILLA,165.000,37.497,-5.433,10.000,35.936,,,0.233,30.542,5.394,1.487
760,9510X,QUINTO,ZARAGOZA,205.000,41.429,-0.504,10.000,34.175,,,0.306,31.060,3.115,1.489
761,4096Y,MUNERA,ALBACETE,918.000,39.017,-2.489,10.000,32.803,,,0.310,29.796,3.007,1.493
762,2777K,SANTIBAÑEZ DE VIDRIALES,ZAMORA,737.000,42.078,-6.007,10.000,29.692,,,0.326,27.175,2.517,1.502
763,3540X,ZARZA LA MAYOR,CACERES,336.000,39.871,-6.860,10.000,34.614,,,0.213,28.513,6.101,1.503
764,3547X,VALVERDE DEL FRESNO,CACERES,450.000,40.207,-6.896,10.000,32.712,,,0.261,28.129,4.583,1.504
765,1037Y,ZUMARRAGA,GIPUZKOA,431.000,43.080,-2.317,10.000,25.011,,,0.536,29.058,-4.047,1.506
766,4090Y,SAN CLEMENTE,CUENCA,728.000,39.417,-2.421,10.000,33.597,,,0.294,30.023,3.574,1.512
767,9911X,BALLOBAR,HUESCA,178.000,41.619,0.188,10.000,33.422,,,0.343,31.353,2.069,1.520
768,1679A,MONFORTE DE LEMOS,LUGO,291.000,42.532,-7.511,10.000,29.644,,,0.330,27.141,2.503,1.526
769,9808X,"AÍNSA-SOBRARBE, LA SERRETA",HUESCA,610.000,42.422,0.138,10.000,31.490,,,0.367,30.143,1.347,1.529
770,5625X,LA RAMBLA,CORDOBA,200.000,37.639,-4.764,10.000,36.680,,,0.220,30.725,5.955,1.531
771,3562X,ALISEDA,CACERES,321.000,39.427,-6.736,10.000,34.264,,,0.236,28.792,5.472,1.533
772,5919X,OLVERA,CADIZ,530.000,36.932,-5.259,10.000,33.912,,,0.291,30.160,3.752,1.538
773,3337U,CEBREROS,AVILA,850.000,40.468,-4.456,10.000,32.556,,,0.279,28.380,4.176,1.549
774,5429X,"CÓRDOBA, PRÁGDENA",CORDOBA,275.000,37.810,-4.462,10.000,35.994,,,0.242,30.646,5.349,1.553
775,6084X,FUENGIROLA,MALAGA,8.000,36.539,-4.618,9.000,27.993,,,0.528,31.643,-3.650,1.557
776,B640X,PETRA,BALEARES,95.000,39.616,3.121,6.000,32.707,,,0.446,33.754,-1.047,1.561
777,8175,ALBACETE BASE AÉREA,ALBACETE,702.000,38.954,-1.856,10.000,33.793,,,0.312,30.538,3.255,1.580
778,2536D,MORALES DEL TORO,ZAMORA,710.000,41.548,-5.271,10.000,31.829,,,0.288,27.801,4.028,1.586
779,3463Y,TRUJILLO,CACERES,523.000,39.464,-5.874,7.000,33.647,,,0.262,28.787,4.860,1.593
780,3494U,NUÑOMORAL,CACERES,470.000,40.408,-6.240,10.000,32.821,,,0.274,28.309,4.512,1.603
781,5514Z,GRANADA BASE AÉREA,GRANADA,695.000,37.136,-3.633,7.000,35.400,,,0.264,30.510,4.890,1.620
782,4358X,DON BENITO,BADAJOZ,274.000,38.956,-5.881,10.000,35.283,,,0.236,29.488,5.795,1.626
783,2593D,VILLALÓN DE CAMPOS,VALLADOLID,782.000,42.094,-5.041,10.000,30.820,,,0.318,27.532,3.288,1.647
784,3129,MADRID AEROPUERTO,MADRID,609.000,40.467,-3.556,10.000,33.960,,,0.274,29.268,4.692,1.654
785,9531Y,MONTALBÁN,TERUEL,895.000,40.829,-0.793,10.000,30.426,,,0.406,29.847,0.580,1.663
786,5470,FUENTE PALMERA,CORDOBA,120.000,37.753,-5.101,10.000,36.520,,,0.241,30.673,5.847,1.685
787,3170Y,ALCALA DE HENARES,MADRID,605.000,40.528,-3.290,10.000,34.362,,,0.268,29.373,4.989,1.688
788,5341C,FUENCALIENTE,CIUDAD REAL,710.000,38.429,-4.302,10.000,33.989,,,0.288,29.608,4.381,1.693
789,3427Y,OROPESA,TOLEDO,345.000,39.993,-5.114,10.000,35.391,,,0.233,29.258,6.133,1.695
790,4116I,ALMAGRO/FAMET,CIUDAD REAL,626.000,38.951,-3.742,10.000,34.965,,,0.264,29.806,5.159,1.696
791,4340,NAVALVILLAR DE PELA,BADAJOZ,313.000,39.103,-5.461,10.000,35.068,,,0.252,29.544,5.524,1.697
792,5394X,"CÓRDOBA, EMBALSE DE GUADANUÑO",CORDOBA,525.000,38.021,-4.797,10.000,34.694,,,0.276,29.913,4.782,1.699
793,4347X,ZORITA,CACERES,413.000,39.283,-5.710,10.000,34.290,,,0.266,29.156,5.135,1.706
794,4492F,BARCARROTA,BADAJOZ,377.000,38.473,-6.923,10.000,34.392,,,0.258,29.010,5.382,1.710
795,4411C,ALCUESCAR,CACERES,467.000,39.197,-6.231,10.000,33.793,,,0.274,28.845,4.948,1.728
796,2926B,BAÑOBÁREZ,SALAMANCA,748.000,40.851,-6.609,10.000,29.721,,,0.358,27.405,2.316,1.732
797,4395X,VILLAFRANCA DE LOS BARROS,BADAJOZ,430.000,38.552,-6.307,10.000,34.023,,,0.277,29.161,4.862,1.733
798,3436D,GARGANTA LA OLLA,CACERES,690.000,40.111,-5.785,10.000,31.336,,,0.333,28.224,3.112,1.736
799,5796,MORÓN DE LA FRONTERA,SEVILLA,87.000,37.164,-5.611,10.000,35.535,,,0.283,30.754,4.781,1.757
800,2517A,FUENTE EL SOL,VALLADOLID,755.000,41.173,-4.940,10.000,31.830,,,0.315,28.032,3.799,1.767
801,4064Y,ALCAZAR DE SAN JUAN,CIUDAD REAL,640.000,39.391,-3.216,10.000,35.210,,,0.265,29.834,5.377,1.769
802,8018X,ELX/ELCHE,ALICANTE,110.000,38.288,-0.681,10.000,33.454,,,0.408,32.526,0.929,1.783
803,3260B,TOLEDO,TOLEDO,513.000,39.885,-4.045,10.000,35.263,,,0.255,29.478,5.784,1.797
804,8245Y,MIRA,CUENCA,815.000,39.714,-1.443,10.000,31.590,,,0.396,30.182,1.408,1.810
805,3455X,JARAICEJO,CACERES,559.000,39.670,-5.808,10.000,33.575,,,0.284,28.659,4.916,1.812
806,4486X,OLIVENZA,BADAJOZ,275.000,38.697,-7.084,10.000,34.811,,,0.257,29.036,5.776,1.813
807,4121,CIUDAD REAL,CIUDAD REAL,626.000,38.989,-3.920,10.000,34.838,,,0.279,29.706,5.132,1.828
808,2891A,VILLARINO DE LOS AIRES,SALAMANCA,690.000,41.263,-6.462,10.000,31.815,,,0.304,27.408,4.408,1.843
809,4478X,BADAJOZ,BADAJOZ,174.000,38.886,-7.009,10.000,35.605,,,0.241,29.185,6.420,1.851
810,2946X,SAELICES EL CHICO,SALAMANCA,680.000,40.635,-6.600,10.000,31.778,,,0.313,27.635,4.143,1.852
811,1541B,VILLABLINO,LEON,958.000,42.929,-6.334,10.000,27.616,,,0.402,26.224,1.391,1.861
812,4193Y,EL ROBLEDO,CIUDAD REAL,587.000,39.217,-4.283,10.000,35.358,,,0.262,29.514,5.844,1.877
813,3448X,SERRADILLA,CACERES,406.000,39.821,-6.127,10.000,34.224,,,0.274,28.741,5.483,1.882
814,1723X,"PONTEAREAS, CANEDO",PONTEVEDRA,90.000,42.182,-8.493,10.000,29.439,,,0.378,27.224,2.215,1.883
815,4220X,PUEBLA DE DON RODRIGO,CIUDAD REAL,533.000,39.084,-4.622,10.000,35.078,,,0.272,29.518,5.560,1.890
816,3365A,TALAVERA DE LA REINA,TOLEDO,372.000,39.959,-4.864,10.000,35.754,,,0.247,29.338,6.416,1.905
817,9898,"HUESCA, AEROPUERTO",HUESCA,546.000,42.084,-0.326,10.000,32.138,,,0.390,30.197,1.941,1.912
818,3423I,MADRIGAL DE LA VERA,CACERES,464.000,40.154,-5.373,10.000,34.487,,,0.278,28.836,5.651,1.965
819,5304Y,PUERTOLLANO,CIUDAD REAL,665.000,38.669,-4.059,10.000,34.728,,,0.301,29.704,5.023,1.994
820,9918Y,"TAMARITE DE LITERA, LA MELUSA",HUESCA,218.000,41.781,0.377,10.000,33.293,,,0.397,31.294,1.999,1.994
821,9573X,ALCAÑIZ,TERUEL,334.000,41.058,-0.142,10.000,32.913,,,0.405,31.140,1.773,1.998
822,9776D,ELS TORMS,LLEIDA,495.000,41.394,0.735,9.000,31.822,,,0.440,31.091,0.731,2.015
823,5788X,"TOMARES, ZAUDÍN",SEVILLA,84.000,37.362,-6.060,8.000,35.524,,,0.303,30.465,5.059,2.022
824,1706A,ALLARIZ,OURENSE,492.000,42.183,-7.796,10.000,28.236,,,0.418,26.769,1.466,2.030
825,6045X,ALPANDEIRE,MALAGA,676.000,36.633,-5.203,10.000,32.815,,,0.376,30.033,2.783,2.033
826,4427X,ZAFRA,BADAJOZ,433.000,38.426,-6.437,10.000,34.274,,,0.302,29.150,5.125,2.034
827,3422D,CANDELEDA,AVILA,350.000,40.139,-5.311,10.000,35.356,,,0.268,29.093,6.263,2.055
828,4436Y,ALMENDRALEJO,BADAJOZ,371.000,38.689,-6.361,10.000,34.269,,,0.307,29.191,5.078,2.063
829,1690A,OURENSE,OURENSE,146.000,42.325,-7.860,10.000,31.023,,,0.352,27.349,3.674,2.065
830,5726X,GUADALCANAL,SEVILLA,720.000,38.099,-5.819,10.000,33.074,,,0.340,29.023,4.051,2.067
831,9550C,"ANDORRA, HORCALLANA",TERUEL,762.000,40.974,-0.408,10.000,29.935,,,0.479,30.221,-0.287,2.076
832,9245X,CÁSEDA,NAVARRA,440.000,42.521,-1.366,10.000,31.879,,,0.404,29.727,2.151,2.099
833,0433D,CABO DE CREUS,GIRONA,75.000,42.319,3.316,10.000,27.693,,,0.632,32.710,-5.017,2.104
834,1696O,BEARIZ,OURENSE,610.000,42.468,-8.278,10.000,26.831,,,0.455,26.191,0.640,2.132
835,9460X,SABIÑÁNIGO,HUESCA,775.000,42.513,-0.356,10.000,30.851,,,0.435,29.553,1.298,2.138
836,2135A,FRESNO DE CANTESPINO,SEGOVIA,993.000,41.373,-3.507,10.000,29.950,,,0.420,28.152,1.797,2.150
837,9775X,EL SOLERÀS,LLEIDA,392.000,41.414,0.678,10.000,32.874,,,0.432,31.256,1.617,2.206
838,5641X,ÉCIJA,SEVILLA,130.000,37.516,-5.085,10.000,36.483,,,0.303,30.764,5.719,2.213
839,3305Y,NAVAHERMOSA,TOLEDO,750.000,39.631,-4.477,10.000,33.737,,,0.333,28.927,4.810,2.223
840,9491X,ALMUDÉVAR,HUESCA,390.000,42.029,-0.586,10.000,32.051,,,0.434,30.402,1.649,2.232
841,4210Y,ABENÓJAR,CIUDAD REAL,718.000,38.898,-4.292,10.000,34.053,,,0.344,29.393,4.659,2.284
842,4267X,HINOJOSA DEL DUQUE,CORDOBA,551.000,38.499,-5.121,10.000,34.672,,,0.329,29.503,5.168,2.290
843,5459X,ESPIEL,CORDOBA,465.000,38.111,-4.929,10.000,35.584,,,0.318,29.929,5.655,2.330
844,3182Y,ARGANDA DEL REY,MADRID,533.000,40.312,-3.498,10.000,34.614,,,0.339,29.510,5.104,2.362
845,5181D,ARROYO DEL OJANCO,JAEN,580.000,38.315,-2.890,10.000,35.551,,,0.348,30.569,4.981,2.413
846,7247X,EL PINÓS/PINOSO,ALICANTE,577.000,38.400,-1.038,10.000,32.374,,,0.476,31.403,0.971,2.414
847,5038Y,CAZORLA,JAEN,799.000,37.916,-3.004,10.000,35.265,,,0.349,30.264,5.001,2.424
848,4148,VISO DEL MARQUÉS,CIUDAD REAL,804.000,38.518,-3.567,10.000,33.529,,,0.391,29.730,3.799,2.458
849,9707,LLIMIANA,LLEIDA,515.000,42.067,0.907,10.000,33.773,,,0.422,30.841,2.932,2.492
850,4236Y,PUERTO REY,CACERES,689.000,39.451,-5.026,10.000,34.140,,,0.349,28.867,5.273,2.507
851,3125Y,SAN SEBASTIÁN DE LOS REYES,MADRID,672.000,40.550,-3.617,9.000,33.927,,,0.363,29.081,4.846,2.512
852,5427X,DOÑA MENCÍA,CORDOBA,650.000,37.556,-4.354,10.000,33.651,,,0.406,30.079,3.572,2.534
853,3254Y,MORA,TOLEDO,717.000,39.687,-3.781,10.000,34.063,,,0.369,29.292,4.771,2.539
854,1167J,"CORISCAO, PARQUE NACIONAL PICOS DE EUROPA",CANTABRIA,1722.000,43.089,-4.774,5.000,17.879,,,0.771,25.401,-7.522,2.643
855,9111,BELORADO,BURGOS,820.000,42.421,-3.170,10.000,26.907,,,0.573,28.190,-1.283,2.646
856,3531X,TORRECILLA DE LOS ANGELES,CACERES,459.000,40.255,-6.412,10.000,33.768,,,0.372,28.317,5.451,2.765
857,9263X,"ARANGUREN, ILUNDAIN",NAVARRA,572.000,42.776,-1.532,10.000,28.310,,,0.604,29.283,-0.973,3.025
858,4325Y,CASTUERA,BADAJOZ,459.000,38.742,-5.529,6.000,34.629,,,0.407,29.386,5.244,3.025
859,B398A,"CABRERA, PARQUE NACIONAL DE CABRERA",BALEARES,165.000,39.136,2.937,6.000,28.566,,,0.758,33.741,-5.175,3.208
860,4300Y,ALMADÉN,CIUDAD REAL,535.000,38.775,-4.845,10.000,35.903,,,0.398,29.543,6.359,3.270
861,9293X,"ALFARO, LA PLANA",LA RIOJA,371.000,42.176,-1.744,6.000,31.804,,,0.569,29.835,1.969,3.554
862,1178R,"SOTRES, PARQUE NACIONAL PICOS DE EUROPA",ASTURIAS,1236.000,43.238,-4.737,6.000,18.561,,,0.884,26.297,-7.736,3.611
